patient_id,priv_meth_0,priv_meth_1,priv_meth_2,priv_meth_3,priv_meth_4,priv_meth_5,priv_meth_6,priv_meth_7,priv_meth_8,priv_meth_9,priv_meth_10,priv_meth_11,priv_meth_12,priv_meth_13,priv_meth_14,priv_meth_15,priv_meth_16,priv_meth_17,priv_meth_18,priv_meth_19,priv_meth_20,priv_meth_21,priv_meth_22,priv_meth_23,priv_meth_24,priv_meth_25,priv_meth_26,priv_meth_27,priv_meth_28,priv_meth_29,priv_meth_30,priv_meth_31,priv_meth_32,priv_meth_33,priv_meth_34,priv_meth_35,priv_meth_36,priv_meth_37,priv_meth_38,priv_meth_39,priv_meth_40,priv_meth_41,priv_meth_42,priv_meth_43,priv_meth_44,priv_meth_45,priv_meth_46,priv_meth_47,priv_meth_48,priv_meth_49,priv_meth_50,priv_meth_51,priv_meth_52,priv_meth_53,priv_meth_54,priv_meth_55,priv_meth_56,priv_meth_57,priv_meth_58,priv_meth_59,priv_meth_60,priv_meth_61,priv_meth_62,priv_meth_63
TCGA-AB-2805,-0.03811807,-0.11543136,1.2305168,0.73130304,1.1587262,1.3274965,1.4629208,0.31524527,0.39525053,0.6878944,-0.18187559,1.112185,-0.032567687,1.3702698,-0.10803103,-0.32414538,-0.21041869,-0.016620306,2.9407215,2.1293292,-0.05732754,-0.22666012,-0.41508108,1.769392,-0.24598303,-0.055627853,0.64599884,0.05855861,0.37771252,-0.03747715,0.6554773,1.3993373,0.6590761,0.82110196,0.042266242,0.89343786,-0.060736634,2.497632,0.614777,-0.14705333,-0.008639914,2.3153603,3.4208338,-0.21323009,-0.22889765,1.5383104,1.6967494,0.94314593,2.5031085,-0.045422908,-0.12890384,0.7275325,0.5374786,0.52178407,0.5945669,-0.20901003,-0.027225235,1.0097512,1.7711964,2.8134105,-0.2674249,-0.043104086,0.7451453,0.6441306
TCGA-AB-2806,-0.04689447,-0.21794577,0.66567117,0.17397478,0.011197932,0.93427914,1.0832295,0.47880343,0.25206834,0.50005525,-0.076283544,-0.022992957,-0.011753757,0.5723143,-0.10368047,-0.14479537,-0.2684863,-0.34623414,2.6800854,-0.0067726197,0.7327068,-0.02442641,-0.55362743,1.2476146,-0.19163547,-0.027628083,-0.1653399,-0.006222471,0.08410486,-0.04760675,-0.023170926,-0.0076735415,-0.024556747,0.14548887,2.3495893,-0.008632294,0.46798414,1.0266623,-0.01663743,-0.20916839,-0.004190276,-0.069342874,0.89295304,-0.101615265,-0.06105394,0.8901579,0.06915371,1.8748343,2.1344793,-0.062389057,-0.039636597,-0.0002462349,0.1823974,0.05741079,1.9490966,-0.24357513,-0.013263069,-0.061510254,0.075810306,1.1983126,-0.1784107,-0.024020096,-0.016500335,0.2705293
TCGA-AB-2808,-0.04037043,-0.19614023,1.1739453,0.8608992,0.49953827,1.386495,1.656657,0.00941797,0.19015875,1.2232898,-0.17951153,0.36569118,-0.044480707,0.7978838,-0.11070875,-0.253496,-0.20308922,-0.26335913,2.8182018,0.6481534,0.3119875,-0.11909155,-0.5851935,1.5827446,-0.2726091,-0.006629221,-0.14018811,0.22928283,-0.0061716433,-0.02348465,-0.000643182,0.71050715,0.04495796,0.5501398,1.2374982,0.45814112,0.10546221,1.8945594,0.64039534,-0.21372664,0.67824364,-0.018367006,1.7554617,-0.13280757,-0.11483796,0.96497875,0.6994098,2.051155,2.6019928,-0.05113951,-0.04221564,0.3251262,-0.010181932,0.18173502,1.3312647,-0.31799993,-0.033745762,0.13028465,0.0263891,1.7552934,-0.2283573,-0.022052601,0.37908515,0.32761285
TCGA-AB-2810,-0.057464045,-0.23379488,1.0513772,0.7920535,0.96125734,1.6736389,2.0557437,0.66278917,-0.008470845,-0.0034784072,-0.22926557,0.9547632,-0.036277782,1.3585008,-0.14754133,-0.3437383,-0.25601077,-0.088703595,2.9409606,1.7945911,-0.022512527,-0.14769743,-0.5468408,1.3227868,-0.2794542,-0.023981217,-0.0141276745,0.32772195,1.1467999,-0.031558298,0.7640149,1.5529087,0.8069019,1.052416,-0.026192043,1.4657604,-0.033142917,2.7098048,0.89408904,-0.19427828,-0.049144637,0.8523623,3.3967636,-0.19110078,-0.23406635,1.6686494,1.556262,0.93382025,2.5409012,-0.054064848,-0.101765685,0.32860824,-0.016644834,0.7026123,0.7256947,-0.33829644,-0.03664665,0.7526631,1.4465079,2.8548949,-0.3103464,-0.043616243,0.97346115,0.12634647
TCGA-AB-2811,-0.0021629035,-0.08917386,0.56127256,0.33528692,0.46304205,0.5922505,1.1387306,-0.009682683,1.1034651,0.34513366,-0.05580715,0.5210354,-0.006965875,1.0213447,-0.058248397,-0.20233078,-0.19231424,0.41878492,1.5623049,0.5449435,-0.032124814,-0.06321631,-0.18616313,0.7652864,-0.069884054,-0.042990413,1.9175259,0.6320728,0.9721842,-0.009040944,0.6846772,1.2085047,0.5436009,0.45160976,0.21894844,0.7112716,-0.024255535,1.3119069,0.16433656,-0.051507473,-0.00711658,0.35423297,1.6631612,-0.124716796,-0.09350734,0.7871905,0.78982365,-0.0011421498,1.0982283,-0.020865344,-0.036411848,1.0921968,0.41096964,0.12139037,0.5764779,-0.07911553,-0.018820586,0.6347647,0.8312819,1.9156814,-0.1261568,-0.02420472,0.70698047,-0.0055407495
TCGA-AB-2812,-0.023204291,-0.17013657,1.0274817,0.40628842,0.39153624,1.0712,1.3916,0.26760173,1.115232,0.14210135,-0.16071849,0.552942,-0.01546299,1.0819063,-0.09562538,-0.23712681,-0.2718247,-0.117526844,2.229468,0.9029679,-0.011007351,-0.10776066,-0.37940836,1.189229,-0.17041455,-0.02124473,1.3583785,0.39709982,1.5661066,-0.028640095,0.7677824,1.3845044,0.96423817,1.0612088,0.3515626,1.1702516,-0.00816091,1.7370992,0.36884955,-0.13736945,-0.01621978,-0.014522362,2.2138588,-0.19089757,-0.12998366,1.3480837,1.1656619,0.25861064,1.2874662,-0.034980018,-0.023484757,1.1681144,0.13364244,0.5113077,0.6509605,-0.1802544,-0.019884385,0.8720654,0.57681406,2.3824577,-0.20171486,-0.06962513,0.9057666,0.09816545
TCGA-AB-2813,-0.028786952,-0.0889978,0.74652493,0.8048995,1.0829408,1.1160351,1.1430675,-0.0028518718,0.47094998,1.432183,-0.11039018,0.7619069,-0.038683888,1.0143765,-0.06066388,-0.28056455,-0.123126425,0.20700867,1.9886872,1.6085224,-0.05982215,-0.1509121,-0.28021312,1.0677519,-0.16493638,-0.041419815,0.76749295,0.4174541,0.21591254,-0.010388984,0.5634393,1.142299,0.712781,0.61394536,-0.042839557,0.8525946,-0.07439276,1.9061673,0.6555995,-0.08782735,0.082113124,1.8161381,2.660405,-0.14995877,-0.15588538,0.98983634,1.1591887,0.57520044,1.8287746,-0.019502118,-0.06726424,0.93455005,0.59539247,0.26595074,-0.003080082,-0.16591617,-0.025933592,0.8264725,1.522434,2.2495277,-0.1875423,-0.013193153,0.73192614,0.47112682
TCGA-AB-2814,-0.017368086,-0.14559768,0.67886376,0.86873144,0.79552656,1.3396137,1.6155866,0.17980672,0.5537945,1.4076214,-0.15297909,0.7299225,-0.052190866,1.5196563,-0.09417289,-0.29428262,-0.14077619,-0.061468363,2.5865915,1.5872473,-0.027394352,-0.14714709,-0.396043,1.4970073,-0.23925924,-0.02522331,0.40051723,0.11048485,0.11570923,-0.010828281,0.14419557,1.1965983,0.70991904,0.8435334,0.7285375,0.92006904,-0.030187218,2.1773674,0.9176105,-0.09799526,0.070424445,1.4897199,2.7922368,-0.13096325,-0.17772229,1.1332545,1.4506518,1.0922761,2.448227,-0.035084087,-0.08970164,0.7318506,0.5860285,0.28417498,0.2966385,-0.25484288,0.1174027,0.8416259,1.5634514,2.0836644,-0.24693386,-0.013381216,0.89192224,0.489109
TCGA-AB-2815,-0.012298695,-0.15031438,0.5285275,0.7797934,0.23756869,0.94180036,0.88329405,0.77193785,0.5240217,-0.0054807807,-0.12091048,0.34701627,-0.020240761,0.70940137,-0.08027177,-0.15555261,-0.1939383,-0.12615566,2.0256627,0.3394658,0.026354589,-0.08326977,-0.3406082,1.2851676,-0.20977373,-0.03477026,-0.11264373,1.4621632,-0.010010388,-0.013067764,-0.024218207,0.15240186,-0.0005991174,-0.002080578,1.5350821,0.033255067,-0.0012284276,1.5616832,-0.016129797,-0.18246529,-0.018171636,0.456311,1.2485751,-0.05277704,-0.10083361,1.0217171,0.2623819,1.6364411,2.298528,-0.019677436,-0.041379403,-0.0075874715,0.110916905,0.411159,1.2214814,-0.16153687,-0.023902059,0.020441918,-0.0004902229,1.3780186,-0.12906864,-0.014573231,-0.027447114,0.023766194
TCGA-AB-2817,-0.06337601,-0.09327253,0.80721927,0.6455315,1.2178514,1.2459488,1.2885004,0.09173194,0.5066017,1.1167291,-0.13586594,0.5925196,-0.037254583,0.93664074,-0.059613597,-0.25351807,-0.14319235,-0.02110767,2.1060078,1.610165,-0.04702581,-0.16162525,-0.31774068,1.3118131,-0.18898676,-0.054326802,0.3465335,0.4774407,0.12722743,-0.032719884,0.46067914,0.9197509,0.687116,0.7441542,0.12260902,0.5420492,-0.078389026,2.083701,0.4926787,-0.104348294,0.025163487,2.0548382,2.6423268,-0.15171145,-0.16365162,1.4292543,1.0625771,0.9095836,2.3437507,-0.027258823,-0.10410749,0.36132452,1.120627,0.62110984,0.19276701,-0.14023457,-0.0131850885,0.73755074,1.3860918,2.2734883,-0.20394962,-0.02130553,0.28285536,0.49209854
TCGA-AB-2818,-0.0128273545,-0.10571171,0.73062676,0.512834,0.23025507,0.81557816,1.2590959,0.09586922,1.1543756,0.18273664,-0.09836384,0.67223763,-0.016478414,1.0413855,-0.09787994,-0.25924814,-0.2305489,-0.0133058475,1.83855,1.0711336,-0.037190776,-0.09001641,-0.2674625,0.9540775,-0.10601852,-0.033531986,1.8338863,0.66213053,1.1838382,-0.009123832,0.7849139,1.442175,0.70106214,0.65010464,0.21331455,0.844848,-0.033088263,1.4986778,0.42529708,-0.1167578,-0.008670978,0.34269366,2.1583366,-0.15821828,-0.11336937,1.1796786,1.1692495,0.15328144,1.1610029,-0.030506892,-0.05062716,1.0630243,0.21872495,0.48690537,0.24895813,-0.14479709,-0.025423674,0.94953007,0.7148131,2.0893595,-0.17307214,-0.02624227,0.8480687,-0.0006435942
TCGA-AB-2819,-0.024988305,-0.21852742,0.8271581,0.25190023,0.01487533,1.0129784,1.0972748,0.61503273,0.36554617,0.3384869,-0.09564598,0.099389106,-0.01787334,0.5989139,-0.09606965,-0.189021,-0.26373056,-0.31848225,2.6404977,0.14586663,0.45505315,-0.06639459,-0.52301526,1.1268225,-0.21500206,-0.026799604,-0.14527057,-0.00024836324,0.05379793,-0.0460912,-0.017027898,0.12759863,0.11148762,0.38381168,2.0058303,0.29114524,0.1685672,1.2645339,-0.007594511,-0.19540714,-0.013663433,-0.03205037,1.2580708,-0.11771198,-0.0815303,1.0102016,0.40712944,1.6478127,2.2521732,-0.028616613,-0.04399114,0.05767066,0.17421012,0.12462182,1.7011094,-0.24359761,-0.009066374,-0.01642433,0.102605976,1.6152853,-0.16350676,-0.023746295,-0.031061275,0.5119345
TCGA-AB-2821,-0.03703291,-0.1610881,1.2362403,0.6939079,1.247336,1.5015765,1.6018003,0.59786814,0.1960729,0.6551174,-0.21624915,0.9065695,-0.020428061,1.492393,-0.11582916,-0.35280642,-0.20165907,-0.07904938,2.985397,2.0286746,-0.037270766,-0.19582178,-0.46612096,1.6696805,-0.25674957,-0.036166828,0.16881174,0.34265003,0.49336496,-0.031688806,0.6790548,1.1767564,0.6794866,0.65851104,-0.001966452,1.0476698,-0.06357048,2.664841,0.8559539,-0.16609153,-0.036233053,2.0502558,3.6463554,-0.18433145,-0.22913574,1.473339,1.5659362,0.9766892,2.590083,-0.042168386,-0.12120514,0.3877264,0.57306194,0.64795977,0.42078343,-0.2965178,-0.034553368,0.91775376,1.5780725,2.6462216,-0.28746632,-0.026086677,0.8950833,0.41858846
TCGA-AB-2822,-0.03170113,-0.20059574,1.2247524,0.949426,0.80554485,1.6356168,1.7424088,0.71180755,0.04238716,0.362583,-0.23919193,0.9994214,-0.021726033,1.5677192,-0.13268343,-0.33944866,-0.21534777,-0.027673796,2.892296,2.1561399,-0.010894597,-0.16430755,-0.45947853,1.5854409,-0.2705573,-0.027921334,0.12358832,0.622733,0.47951943,-0.0064823986,0.3724177,1.1947143,0.5565096,0.38325518,0.15171254,1.0703199,-0.07614639,2.4725988,0.61746866,-0.16802007,-0.027160197,2.0055296,3.5690248,-0.18780094,-0.23866999,1.6771063,1.7725825,1.0806036,2.7399917,-0.043985248,-0.123983085,0.07105821,-0.0052960454,0.5247011,0.30733722,-0.29904377,-0.049556267,1.0107127,1.4058919,2.5142782,-0.28576672,-0.012127249,0.879797,0.4589758
TCGA-AB-2825,-0.015976058,-0.07989673,0.5799195,0.45358354,0.7014241,0.8350919,1.0285375,-0.0032490192,0.79241395,1.0533419,-0.07313011,0.57595253,-0.031014359,0.9130374,-0.076845415,-0.22352307,-0.14218412,0.44717488,1.3898833,0.9386594,-0.050435524,-0.09041422,-0.1947973,0.69466573,-0.09793648,-0.030127425,1.4185143,0.76718754,0.74718827,-0.005842326,0.58841366,1.1479748,0.51829875,0.7315453,-0.049237933,0.82635576,-0.05423152,1.4771671,0.5025094,-0.054182887,-0.023773864,0.7789044,1.9809027,-0.11406759,-0.121621445,0.824273,0.9277923,0.0648603,0.85632056,-0.023029024,-0.04464392,0.7793442,0.09577216,0.31315938,0.056217857,-0.10245048,-0.027099743,0.8102216,1.0366154,2.201176,-0.15227793,-0.032569613,0.6770687,0.1396291
TCGA-AB-2826,-0.04513193,-0.20447586,0.9611011,0.64392215,0.7613934,1.4390491,1.6612667,0.41167203,0.28232357,-0.0050394903,-0.17437433,0.8017198,-0.010530561,1.0733892,-0.1356965,-0.3144715,-0.26594254,-0.093763165,2.7323859,1.6075281,-0.024939274,-0.12468114,-0.49104166,1.1213039,-0.2571005,0.03921561,0.30831346,0.217831,1.1341298,-0.026569223,0.7247393,1.490446,0.6201987,1.0152719,-0.05109164,1.1206892,-0.023215476,2.452847,0.88660914,-0.16244218,-0.030747404,0.5586369,2.9042997,-0.19693254,-0.1918725,1.5194558,1.3071578,0.58575964,2.134519,-0.062396288,-0.068008274,0.62603843,-0.021491729,0.49122483,0.76161677,-0.29809937,-0.021887843,0.70480126,1.102579,2.7568495,-0.2563984,-0.048886504,0.88833356,0.2783616
TCGA-AB-2828,-0.012436183,-0.16079088,0.5226198,0.70496684,0.19635318,0.783393,0.8670837,0.8273835,0.6404288,-0.009745254,-0.103672765,0.32463437,-0.018504398,0.6159266,-0.060765084,-0.15786915,-0.21584456,-0.15093094,2.2195344,0.1588983,0.09079167,-0.07501325,-0.3473899,1.2178912,-0.21488379,-0.040267576,-0.08633252,1.2813495,-0.018732091,-0.028117636,-0.008405544,0.2051197,0.055455185,0.20827995,1.6116652,0.16906849,-0.0026005327,1.4494916,-0.014796823,-0.18305446,-0.011942917,0.34244555,1.2596318,-0.069436245,-0.079202406,1.0062767,0.34401664,1.4473404,2.1348972,-0.035860818,-0.05472743,0.014734452,0.4267581,0.35008067,1.3661506,-0.15236755,-0.025970716,0.07934404,-0.0018500306,1.2895979,-0.12035481,-0.020342687,-0.018615548,0.074460536
TCGA-AB-2830,-0.027784592,-0.12442235,0.8347102,0.6982557,0.9086369,1.3791472,1.3820944,0.33941054,0.49382985,1.2733433,-0.15335083,0.7181976,-0.0149328215,1.3353746,-0.09523012,-0.27759287,-0.18674707,-0.0037098427,2.0944574,1.4829459,-0.051173713,-0.15099467,-0.33759442,1.1058404,-0.19256322,-0.028774872,0.6404758,0.49479803,0.4727198,-0.007893377,0.541261,1.1722345,0.60463077,0.6656985,-0.01593154,0.80387026,-0.059952915,2.1464674,0.52619785,-0.10775714,-0.039058518,1.5605081,2.7450194,-0.13736232,-0.17882735,1.3426201,1.3278707,0.7358924,2.0464256,-0.026631488,-0.07850989,0.54241073,0.33397368,0.55921894,0.2753071,-0.20184357,-0.021033984,0.6267364,1.2809395,2.4212937,-0.22065583,-0.013629881,0.766526,0.33536145
TCGA-AB-2834,-0.01935876,-0.1673383,1.037365,0.921098,0.70875126,1.2782367,1.4879504,0.32460237,0.2738885,0.52714384,-0.1929574,0.8355059,-0.03205651,1.4403636,-0.122804,-0.30351916,-0.2357604,-0.07487532,2.7511566,1.6024467,-0.025381014,-0.15362665,-0.4435524,1.6417482,-0.23418184,-0.021015955,1.032062,0.38291255,0.7563462,-0.009674372,0.51678073,1.391069,0.7918402,0.7887685,0.51202136,0.746522,-0.038312327,2.3896415,0.5425908,-0.15510638,-0.021597674,1.2675172,3.0559545,-0.21372588,-0.20849626,1.4929641,1.4848967,0.73583,2.206113,-0.0443603,-0.08930802,0.99219185,0.26874468,0.64781046,0.59596825,-0.25111708,-0.047601115,0.88203996,1.0778377,2.543755,-0.23310037,-0.016753316,0.91799474,0.42381886
TCGA-AB-2835,-0.031684883,-0.1439819,0.76209354,0.5760278,0.24185267,0.7450512,1.2745271,-0.0022732846,1.0441544,0.05355425,-0.12340368,0.5827726,-0.020465551,1.1686665,-0.10125065,-0.23687117,-0.26157492,-0.10989535,1.9669299,1.0709568,-0.008479117,-0.102498844,-0.35715482,1.0907634,-0.14577153,-0.014989547,1.2867002,0.3900762,1.2035538,-0.031669576,0.6533465,1.340766,0.53915536,0.8789448,0.28172824,0.8624713,-0.0034701002,1.5764587,0.34823248,-0.10545995,0.038180545,0.027416352,2.0366046,-0.16133614,-0.11708399,1.2423462,1.1538838,0.18169837,1.3637118,-0.043139108,-0.027151806,1.1819987,0.010774753,0.4183059,0.6706841,-0.20861533,-0.030757794,0.75069016,0.43184343,2.3373332,-0.18342382,-0.037448756,0.742965,0.12070033
TCGA-AB-2836,-0.017570771,-0.14775282,0.9737586,0.64578074,0.5889227,1.0465311,1.5654936,-0.006011936,0.8629525,0.16302805,-0.14376985,0.7751732,-0.016882192,1.1493945,-0.09608289,-0.27758297,-0.24620028,-0.050768524,2.3120697,1.202334,-0.028586376,-0.119678795,-0.36534938,1.1621493,-0.18138357,-0.029964376,1.3938446,0.52364504,1.2990705,-0.00826769,0.780085,1.5618994,0.88334644,0.9033325,0.2249845,1.0244242,-0.032726,2.01619,0.6463391,-0.13379382,-0.010911181,0.39736435,2.4447267,-0.17661592,-0.13806127,1.2760541,1.2887496,0.3883149,1.7481676,-0.028692821,-0.05846869,1.207074,0.22622256,0.4687205,0.6515108,-0.17944169,-0.0154708745,0.9504617,0.9311711,2.505051,-0.19876993,-0.03938753,0.8787243,0.08427988
TCGA-AB-2839,-0.017826537,-0.20190595,1.0003605,0.5409877,0.1847707,1.0307426,1.7274112,-0.027902558,0.9145774,0.29425156,-0.16663721,0.64521605,-0.044360455,1.1273472,-0.103735805,-0.2521657,-0.32689685,-0.22162734,2.530187,0.9316294,-0.01145872,-0.075436726,-0.48556328,1.5121416,-0.17188133,-0.03238014,1.4258593,-0.011874527,1.3853554,-0.041740213,0.74563855,1.3760854,0.80320275,1.0715976,1.0900264,0.89383423,-0.015884224,1.8022118,0.45488086,-0.13693212,0.38224128,-0.05971132,2.1359973,-0.21320418,-0.09182501,1.3046994,1.2695433,0.6844265,1.8381203,-0.046400297,-0.013307785,1.5873228,0.6342716,0.20942794,0.9900101,-0.22552751,-0.011731129,0.43886492,0.7193783,2.2133586,-0.2171169,-0.054109592,0.86608714,0.31068286
TCGA-AB-2841,-0.026445901,-0.16983025,0.5295253,0.69235975,0.14000575,1.2028937,0.9058315,1.7061491,0.054139253,0.093143955,-0.11734643,0.11883366,-0.026541699,1.0027995,-0.1071785,-0.16692796,-0.19513085,-0.19738059,1.9281539,0.59993297,0.38305596,-0.033464372,-0.4297181,0.77108544,-0.19635774,-0.013051403,-0.12471273,0.72426546,0.06534042,-0.0052283104,-0.026316572,0.37764138,-0.0122446325,0.16130452,0.6045963,0.017801587,0.15292127,1.0760156,-0.011280833,-0.18210916,-0.049875494,0.10376839,1.3267547,-0.07042782,-0.087798275,0.6812426,0.6168439,1.1733851,1.7784398,-0.03269864,-0.0274598,-0.026996166,-0.018050758,0.45395,0.95935905,-0.24142349,-0.02150885,0.07403213,0.036705114,1.0970293,-0.1757553,-0.02719286,-0.021673827,-0.04171193
TCGA-AB-2843,-0.016563384,-0.09434493,0.84311134,0.6829727,0.8924824,1.1183492,1.3982742,0.17321436,0.48277128,0.8073547,-0.16361979,0.90475154,-0.024648689,1.074111,-0.077502124,-0.26586187,-0.18220596,-0.043827742,2.191077,1.3238794,-0.050944913,-0.15945932,-0.3259371,1.5361398,-0.18459865,-0.037643615,0.7008726,0.10374461,0.24942462,-0.030659838,0.7707369,0.8330054,0.6266706,0.5989574,0.061209224,0.45979202,-0.06309576,1.9560618,0.40428156,-0.10185961,0.01938919,1.8280556,2.707997,-0.15540911,-0.15028982,1.3064353,1.2850354,0.70874065,2.026717,-0.0370003,-0.0815821,0.80663556,0.9285158,0.5028964,0.26384938,-0.16822909,-0.026513526,0.7333491,1.4992557,2.3752713,-0.19984092,-0.022546912,0.9508853,0.5154288
TCGA-AB-2844,-0.0421425,-0.18915862,0.79367065,0.779408,0.36231133,1.3802869,1.5732629,0.081747584,0.6769864,0.3363578,-0.1805567,0.54604733,-0.010355589,0.9482608,-0.12319511,-0.25557148,-0.23840514,-0.0993677,2.345268,0.9843771,-0.017003095,-0.10304248,-0.45645356,1.233669,-0.22811602,-0.019207312,0.63256305,0.5002951,1.2659825,-0.020673048,0.34475127,1.264342,0.62658703,0.98240244,0.34601712,0.8924614,0.0013494072,2.108302,0.49802858,-0.14011356,-0.008762708,0.11770015,2.2212276,-0.14224021,-0.1591305,1.3765,1.2157279,0.81636554,1.7853519,-0.037428647,-0.051122677,0.9765157,0.023027081,0.62751985,0.8833941,-0.2766954,-0.030439725,0.77854955,0.3050366,2.376894,-0.22061871,-0.05804686,0.7882576,0.07950726
TCGA-AB-2845,-0.029043967,-0.1993445,1.2296188,1.2013552,0.731758,1.545215,1.5880514,0.1523077,0.12074247,1.0671284,-0.17653935,0.46378142,-0.052328285,0.8165404,-0.11979792,-0.29310665,-0.1682266,-0.1709016,2.8029222,1.2434028,0.19679782,-0.13248727,-0.5235615,1.381088,-0.2778416,-0.02480913,-0.123994626,0.40954474,0.030325523,-0.02093182,-0.0006245272,1.1558933,0.24618441,0.45546553,0.7694748,0.5111132,-0.033437654,2.1488407,0.8117669,-0.21086915,0.26080728,0.34458706,2.233973,-0.12747242,-0.15000744,0.9679155,0.99613106,1.8208859,2.5759513,-0.028196214,-0.058865856,0.19050352,-0.0027396902,0.25487843,0.90825766,-0.3168905,-0.03493961,0.29327348,0.37971592,1.9963759,-0.23753856,-0.037004244,0.45480767,0.10285507
TCGA-AB-2846,-0.022963135,-0.17203312,0.5512694,0.7664064,0.18325675,1.0982559,1.0098306,0.7755424,0.55449367,0.0981979,-0.12584496,0.3024326,-0.03958796,0.6474205,-0.072480746,-0.15063815,-0.18328276,-0.19858907,2.1650782,0.05728958,0.1531828,-0.09441596,-0.37297,1.2072964,-0.22269666,-0.05029105,-0.14028749,1.2252803,-0.011897368,-0.007535635,-0.012231794,0.09466332,-0.028780976,0.0031276103,1.7159953,0.19206527,0.059370074,1.6269779,-0.01916865,-0.18852234,-0.0073005357,0.08842981,1.0836513,-0.077192985,-0.08023011,0.85615164,0.3377092,1.8940444,2.3777947,-0.025004685,-0.05866183,-0.008969481,0.43847266,0.3074594,1.4291317,-0.19133307,-0.014967426,-0.020597674,-0.030114044,1.3124608,-0.13706437,-0.015968341,-0.028502692,-0.017454218
TCGA-AB-2847,-0.021051135,-0.09861236,0.7949623,0.7244657,1.0001062,1.0400051,1.2689611,0.1846076,0.51935756,1.381286,-0.14268295,0.6866195,-0.016575404,0.9655244,-0.0718069,-0.24920976,-0.14673927,-0.05970475,2.2190773,1.3728524,-0.04696771,-0.16085261,-0.33782372,1.4453095,-0.17728856,-0.030786827,0.5659471,0.08589317,-9.79919e-06,-0.035586808,0.46097404,1.0184405,0.51023376,0.90703905,-0.00766981,0.46584883,-0.045550946,2.0766623,0.6074264,-0.111569524,0.1781668,1.5302271,2.4690974,-0.15493247,-0.14680828,1.015128,1.1181033,0.95884854,1.9463431,-0.0210153,-0.05788585,0.6937232,0.74481314,0.4369946,0.3016348,-0.19247915,-0.01108853,0.7419919,1.3530858,2.1723287,-0.19888975,-0.009939999,0.4513238,0.5030804
TCGA-AB-2849,-0.040639836,-0.21439719,1.1711332,0.70434445,0.74599683,1.374571,1.9262409,0.55447274,0.31835622,1.4775071,-0.26142362,0.47614565,-0.04155351,1.4831979,-0.11707135,-0.31708014,-0.2575562,-0.29585016,3.511919,1.4916195,0.1382283,-0.14908199,-0.6182005,2.0132139,-0.2722864,-0.022087079,0.04125765,-0.029337514,0.4303112,-0.02226946,0.52187115,1.1044052,0.75443673,1.0956192,0.88675463,0.24684714,-0.044723548,2.4820027,0.7464604,-0.19966179,0.40407526,0.85331494,3.1033876,-0.22712107,-0.15515983,1.0630076,1.5820564,1.3402625,3.027762,-0.053847443,-0.07052638,0.97030723,0.8072519,0.35378712,1.0693164,-0.32865608,-0.025750367,0.37359688,1.8149784,2.2844954,-0.3058538,-0.027563164,0.89661336,0.63394326
TCGA-AB-2851,-0.024024434,-0.13238434,0.8344643,0.7005513,0.45044926,0.9403354,1.372866,-0.0012243305,0.845522,0.46318722,-0.103290096,0.6931357,-0.021472625,1.1028847,-0.112127446,-0.2516856,-0.20862536,-0.015339081,1.9618658,1.2359042,-0.039698,-0.11053663,-0.30545005,0.9257448,-0.15292352,-0.03578001,1.2300308,0.5161196,1.1452806,-0.0071365195,0.7330971,1.4474795,0.7329796,0.85569835,-0.026885346,0.8693481,-0.031785194,1.7750453,0.6434494,-0.09923172,-0.017335162,0.5283875,2.359951,-0.16840616,-0.14710797,1.1240172,1.1752264,0.16284302,1.2952315,-0.017920746,-0.04740626,0.97611445,0.29887998,0.44177747,0.27136028,-0.17090426,-0.028364,0.8677554,0.91576266,2.468387,-0.19916265,-0.043519758,0.8834781,-0.0032832143
TCGA-AB-2853,0.14535807,-0.06729316,0.41895226,0.285826,0.20316479,0.40712085,0.546313,-0.0067576854,0.9508105,0.5932406,-0.03916081,0.37638474,-0.00995941,0.65656763,-0.042478837,-0.17532042,-0.10787153,0.53197145,0.84991634,0.6661433,-0.032555882,-0.043739934,-0.12690501,0.6235635,-0.028899936,-0.03173332,1.5596293,0.36504307,0.6323687,-0.016809931,0.33211276,1.1227287,0.44945315,0.38377526,0.057148784,0.7461279,-0.04572514,0.9868925,0.35065317,-0.038302656,-0.014431799,0.56556463,1.3405298,-0.10054071,-0.082181424,0.6369878,0.81176585,-0.013308718,0.58990854,-0.011103186,-0.038935225,0.5639763,0.12101353,0.1530188,-0.012843631,-0.057559695,-0.006646711,0.692568,0.7679471,1.3098724,-0.097907044,-0.008172764,0.54450405,-0.004865215
TCGA-AB-2856,-0.043129455,-0.15962648,0.8777991,0.7455514,0.9161657,1.0908303,1.5724003,0.0014574791,0.6245763,0.45883214,-0.12806481,0.8921817,-0.009586593,1.1314514,-0.11853104,-0.30144945,-0.25294164,-0.1066367,2.656356,1.2391963,-0.026392534,-0.10910791,-0.4340899,1.1338608,-0.2026793,-0.04282372,0.6583587,0.663151,1.0248677,-0.031575046,0.83308107,1.3396658,0.75819075,0.92324543,0.07039689,0.87275356,-0.04443162,2.1726687,0.7532981,-0.14520147,-0.0133133,0.6843228,2.575585,-0.18025658,-0.16696917,1.1095922,1.2166665,0.78969896,1.9862021,-0.025685808,-0.059468623,0.96563196,0.45933264,0.45571756,0.7961587,-0.2219909,-0.01649735,0.6971024,1.0056252,2.7645018,-0.20557086,-0.032756064,0.5187494,0.017927852
TCGA-AB-2857,-0.022750549,-0.120292045,0.7224121,0.72524744,0.9342242,1.1622672,1.2076838,0.2505187,0.34894362,1.2220727,-0.13349466,0.63444394,-0.010563195,1.0262914,-0.084908225,-0.26017818,-0.14930585,-0.016186057,2.0616994,1.2683343,-0.0346109,-0.12676166,-0.315668,1.141078,-0.17373823,-0.03453818,0.56368834,0.46136245,0.14426759,-0.012983168,0.44274825,0.94105685,0.56763536,0.4538014,-0.012515955,0.6074266,-0.031000718,1.8755785,0.5984548,-0.118819796,-0.016502235,1.4560759,2.4418893,-0.12140911,-0.1528003,0.99434847,1.1452925,0.71515757,1.9703771,-0.030386686,-0.055848856,0.49555656,0.55460674,0.40676183,0.14142619,-0.17460363,-0.03364484,0.7808516,1.2570639,2.1027036,-0.20444034,-0.011306401,0.5862814,0.1902824
TCGA-AB-2858,-0.022991143,-0.15190576,0.6685384,0.54717726,0.51263565,1.2127323,1.1202625,0.47360322,0.028991725,0.6932391,-0.11651337,0.33993024,-0.0211412,0.8143204,-0.08706196,-0.20476814,-0.1685227,-0.16029517,2.1517696,0.7318217,0.0743351,-0.10557126,-0.42086527,1.0290952,-0.19888467,-0.026164463,-0.07386511,0.4114124,-0.018692646,-0.006138841,0.20367339,0.55936694,0.38311282,0.33865163,1.0676346,0.32556373,-0.005328631,1.4616915,0.17880365,-0.15093046,-0.008341954,0.65274775,1.8342371,-0.10806636,-0.10090619,0.9919087,0.7231757,1.2594117,2.003982,-0.029221913,-0.041137468,-0.0036678948,0.39309663,0.30886644,0.78750575,-0.21577299,-0.026836107,0.23956232,0.44876862,1.6438825,-0.17758894,-0.00963683,0.12539642,0.09702967
TCGA-AB-2862,-0.041477066,-0.25124153,0.8561442,0.49181256,-0.0013950967,1.1475037,1.3389633,1.5513464,-0.010234699,0.1526501,-0.15506251,0.09941098,-0.038420793,0.74688476,-0.108570985,-0.17082737,-0.2620302,-0.33450297,2.5903766,0.29363185,0.6804715,-0.053740527,-0.5804838,1.1679177,-0.26214436,-0.023448493,-0.16299091,0.26082784,0.21674843,-0.031032125,-0.03813758,0.3657783,-0.0022179147,0.4046368,1.4739126,0.07171746,0.43316138,1.3243837,-0.013263117,-0.22079118,-0.017909536,-0.051828768,1.3990023,-0.10032171,-0.10497484,0.71637356,0.5314683,1.5023401,2.3624103,-0.04693472,-0.03258654,-0.020464368,-0.0060609593,0.35244432,1.3158824,-0.32142347,-0.018804004,-0.018496929,-0.012452124,1.1759238,-0.2287452,-0.016840536,-0.009547397,-0.009364198
TCGA-AB-2863,-0.04616452,-0.17155041,1.2174147,0.79717255,1.0199388,1.6694447,1.7075906,0.38619128,0.194055,0.6206668,-0.22912975,0.8468351,-0.02335854,1.4085912,-0.12988971,-0.34077123,-0.19371383,-0.04590526,2.8146088,2.101075,-0.0477993,-0.18186194,-0.44607353,1.5048165,-0.25623333,-0.041818243,0.3949343,0.44646692,0.53778726,-0.024511231,0.517309,1.3349187,0.56506014,0.55505824,-0.015773706,0.90771526,-0.055146743,2.630258,0.88793296,-0.18066315,-0.013307012,1.8470856,3.5301392,-0.1753559,-0.21794586,1.6379187,1.7243134,1.1210408,2.5622048,-0.036472,-0.112299316,0.33566132,0.13042672,0.6076727,0.36145523,-0.27125672,-0.058753558,0.8128113,1.6269512,2.47769,-0.28260586,-0.018205462,0.8974647,0.38087657
TCGA-AB-2866,-0.066898525,-0.20447233,1.172674,0.5318257,0.9257779,1.3184725,1.7663994,0.23175375,0.36395383,-0.00657359,-0.17478168,0.99002653,-0.02680098,1.1043817,-0.119426206,-0.36671066,-0.28305396,-0.09684901,3.1105773,1.7349095,-0.005842012,-0.1732639,-0.5409508,1.3550158,-0.30776855,-0.040227253,0.616345,0.13901916,0.91703886,-0.05627671,0.58359116,1.5309685,0.63268375,1.1020505,0.05443556,0.89594823,-0.02925661,2.7249062,0.9612447,-0.18236624,-0.014547261,1.0353092,3.380632,-0.20158851,-0.19851916,1.7578715,1.3183557,0.9559474,2.559175,-0.065358296,-0.08878996,0.7820502,-0.010141905,0.56945527,1.199369,-0.30824384,-0.027461354,0.5788958,1.384851,2.9127824,-0.28061348,-0.035595793,0.7174517,0.54332924
TCGA-AB-2867,-0.052176874,-0.1733787,1.2479943,1.0110586,1.0314978,1.7104331,1.6293553,0.27051425,0.24128112,1.0095514,-0.22176254,0.61407846,-0.010755471,1.3732141,-0.11708575,-0.33265477,-0.1719936,-0.015341431,2.762323,1.8784275,-0.013926543,-0.16625188,-0.4396011,1.5088403,-0.26409265,-0.018668005,-0.0067145615,0.7079858,0.23817421,0.03306381,0.31234697,1.3208065,0.5765321,0.42894334,-0.0017758975,0.7904686,-0.05151492,2.5482252,0.843677,-0.16759166,-0.015403027,1.6220541,3.1080637,-0.1619627,-0.19895335,1.4652715,1.5885546,1.1921356,2.565399,-0.024934784,-0.08459526,0.3541574,0.05256223,0.48424137,0.44086003,-0.25073788,-0.024464367,0.64139664,1.1853623,2.5374048,-0.26767138,-0.023731232,0.9679506,0.39122608
TCGA-AB-2869,-0.0033098669,-0.13943538,0.78606737,0.49210873,0.42581484,1.030856,1.2215552,0.24517447,1.0152316,0.773589,-0.11192045,0.40877104,0.055798687,1.329774,-0.09684682,-0.2184575,-0.21336456,-0.07317118,1.9231541,0.9758386,-0.013209589,-0.089785755,-0.32411522,0.82284224,-0.14280611,-0.027206263,0.9659526,0.6477683,0.76903933,-0.009695041,0.37873492,1.0591563,0.63602245,0.8228222,0.26487362,0.8572858,-0.029493947,1.6575514,0.395346,-0.11776141,-0.025910998,0.4281,1.9802818,-0.13387583,-0.12981975,1.1869297,1.1121342,0.48367116,1.4115336,-0.04317481,-0.04604638,0.8347486,0.12302459,0.33230317,0.51821506,-0.15427808,-0.019690316,0.6767263,0.71733624,2.0627813,-0.18158104,-0.03055012,0.6896149,-0.005497889
TCGA-AB-2870,-0.03195511,-0.1259219,0.50933105,0.7456632,0.58613056,0.8901657,1.0543984,0.77862954,0.5583089,0.08494862,-0.15813571,0.5049853,-0.042935807,1.0526317,-0.08404687,-0.19428156,-0.17750315,-0.11656352,2.273626,0.7866187,0.06462578,-0.08891013,-0.3093105,1.2741631,-0.21422112,-0.042900637,-0.07438188,1.3637381,-0.016830426,-0.014829121,0.07435601,0.3949121,0.0026598815,0.12250357,1.0392557,0.255726,-0.023882134,1.8473649,0.13811982,-0.16073489,-0.02802266,0.8316818,1.6460359,-0.085533,-0.12489714,1.0118802,0.7400134,1.5419085,2.113276,-0.020796541,-0.058592357,0.13092408,0.23441131,0.53356594,0.6960784,-0.14779352,-0.03032454,0.19593886,0.09351749,1.5499868,-0.13957904,-0.02334783,0.115616396,0.06127127
TCGA-AB-2871,-0.022766588,-0.17091131,1.0008329,0.65693295,0.5521796,1.2084755,1.473986,0.3896419,0.62769806,0.5749163,-0.16752107,0.6836982,-0.024345037,1.2592566,-0.090397455,-0.2777249,-0.2416476,-0.08455509,2.4210443,1.3930787,-0.025602732,-0.13380349,-0.434931,1.4722414,-0.21450733,-0.037067406,0.83592725,0.364937,0.8122347,-0.015105592,0.5480192,1.2964723,0.6526017,0.76949096,0.27124962,0.8511762,-0.020330796,2.060751,0.484483,-0.14141169,-0.026787793,1.0248686,2.6696837,-0.17662859,-0.1696241,1.4727956,1.3245221,0.70387304,2.0780473,-0.042305313,-0.07017123,0.7505823,0.3388438,0.6155963,0.52510273,-0.24682307,-0.036570285,0.6613103,0.91147,2.149816,-0.25389704,-0.02278553,0.75273335,0.21102148
TCGA-AB-2872,-0.06904935,-0.25628427,0.72426975,0.35810208,-0.0059391144,1.2107108,1.2020663,1.5669272,-0.01627302,-0.00791626,-0.14924432,-0.0110927345,-0.021237658,0.70554674,-0.11734457,-0.14402531,-0.26952222,-0.3714373,2.4948204,0.08001146,0.6861422,-0.029141212,-0.62321085,1.1951839,-0.27297184,-0.016344642,-0.2245715,-0.0064910217,0.049838595,-0.064165406,-0.025679886,0.19797924,-0.011517405,0.40704623,1.6932455,-0.013256403,0.55138046,1.0677503,-0.009786423,-0.24876888,-0.021243392,-0.07547482,1.1825897,-0.1183507,-0.07942595,0.86966807,0.3092511,1.7254132,2.3673851,-0.040362507,-0.03080587,-0.046632458,-0.01774399,0.25525635,1.6976459,-0.33406433,-0.0070557664,-0.05003042,0.044403344,1.0505009,-0.22822933,-0.024985904,-0.031958275,-0.006542209
TCGA-AB-2873,-0.034737255,-0.12855554,0.7541734,0.66143304,0.8400682,1.1551824,1.308126,0.047228377,0.57658845,1.415954,-0.14045353,0.63006157,-0.0142561095,1.2706343,-0.09359044,-0.2807009,-0.169084,0.44506356,2.0991576,1.7236892,-0.042891577,-0.14430334,-0.28716493,0.98634154,-0.15753028,-0.031869974,0.9489139,0.62079465,0.5433496,-0.030189851,0.70904815,1.3008533,0.7590455,0.69606566,-0.023697428,1.0391195,-0.06886139,2.033239,0.60411954,-0.08774319,-0.011889866,1.519508,2.5880425,-0.15715222,-0.1627427,1.1995975,1.406444,0.42788184,1.849196,-0.034388427,-0.07355001,0.67854595,0.18436258,0.38095817,0.2173952,-0.15282808,-0.025430122,0.885483,1.3882557,2.4559958,-0.20119949,-0.041194633,0.72485113,0.45703366
TCGA-AB-2874,-0.06353969,-0.2586863,1.482,1.0898013,0.8571582,1.9439784,2.0081725,0.6010212,-0.02980799,0.50819206,-0.20914379,0.53115517,-0.027210658,1.0477551,-0.1746956,-0.3638893,-0.22705217,-0.19823183,3.3914511,1.5314022,0.3356723,-0.14909247,-0.6626213,1.6821116,-0.35595897,-0.026651977,-0.1654452,0.42179933,0.387409,-0.024044303,-1.2669899e-05,1.3086996,0.101082824,0.44614208,0.4946861,0.88915044,-0.026113644,2.5597837,0.8772045,-0.2752438,-0.01020627,0.3436299,2.971368,-0.1676502,-0.23744969,1.3361785,1.2019786,1.8189621,3.3319,-0.06237322,-0.08700047,5.195383e-05,-0.008846665,0.3220821,1.3283379,-0.42458484,-0.04964178,0.3461996,0.8995873,2.675665,-0.33156985,-0.02549317,0.47380334,0.08570023
TCGA-AB-2875,-0.020351598,-0.1980406,0.87874407,0.654591,0.45495653,1.3085879,1.2892953,0.52996314,0.20818987,0.58271545,-0.1172483,0.30116034,-0.03383108,0.64858544,-0.08986523,-0.21198444,-0.21321188,-0.231005,2.6718192,0.42563593,0.15462093,-0.10492974,-0.5092221,1.1861027,-0.22892432,-0.029423673,-0.14938189,0.23625875,0.0025884677,-0.030206159,0.080794655,0.45784172,0.15380692,0.31961656,1.3800074,0.54783595,-0.015142791,1.7212174,0.18085343,-0.19095828,0.036236,0.3758735,1.8904831,-0.09793786,-0.12393874,0.9744236,0.66625196,1.7061437,2.46026,-0.048554845,-0.055855554,-0.0103408955,0.08613737,0.12010799,1.3465713,-0.25511095,-0.0182356,0.25399688,0.42615533,1.7288932,-0.19638534,-0.025360888,-0.013243373,0.1871199
TCGA-AB-2876,-0.046300244,-0.24445204,1.3629977,1.0764832,0.58819985,1.7096937,1.7473167,0.016943276,-0.0042506377,1.0828155,-0.19566508,0.20081204,-0.01145748,0.9426128,-0.1438889,-0.30153993,-0.18954419,-0.24685681,3.0941465,1.1071091,0.24852875,-0.15144764,-0.6347556,1.4186695,-0.27609387,-0.021717388,-0.15867393,-0.0095843775,0.33288535,-0.0112497555,0.21425778,1.1241772,0.20232251,0.41702375,0.39728442,0.49636886,-0.017979134,2.4126267,0.7525763,-0.2447273,0.37032437,0.09567081,2.1170292,-0.15002744,-0.13335815,1.1703882,0.99515307,1.8400918,2.8574312,-0.04682602,-0.06612597,0.50417984,-0.018825596,0.0875348,1.3087292,-0.40198776,-0.027233515,0.1201603,0.25583547,2.303363,-0.2564906,-0.04519774,0.42681152,0.124492824
TCGA-AB-2877,-0.04909541,-0.325805,0.99559486,0.700816,0.39869985,1.5059834,2.3651662,1.1003375,0.1251513,-0.024058511,-0.23541346,0.76689225,-0.05484111,1.0630884,-0.16532457,-0.34095278,-0.3473631,-0.24203156,3.1771836,1.3898435,0.098365486,-0.09981485,-0.6807308,1.3420228,-0.34518665,-0.033009376,-0.021964073,0.046295505,1.4061593,-0.06315227,0.6024098,1.5584741,0.91889906,1.3429387,0.27509364,1.1332613,-0.006101228,2.3868334,0.79334694,-0.23091333,-0.050818097,-0.00023393259,3.2932432,-0.22819231,-0.21694982,1.6472397,1.5146356,1.0195845,2.6790087,-0.06640599,-0.07019456,0.49878216,-0.008766579,0.46729255,1.1165638,-0.4270532,-0.026118964,0.5552844,1.4360788,2.9040718,-0.33866003,-0.057158887,0.95151865,0.25933823
TCGA-AB-2878,-0.021833958,-0.10434065,0.7234685,0.5961116,1.0846853,1.0290244,1.2518358,0.11748215,0.5298259,0.83134913,-0.13626564,0.88996655,-0.014062225,0.8015336,-0.09366119,-0.27558833,-0.13072652,-0.0066395435,1.8715045,1.4167733,-0.05916829,-0.13099615,-0.26325473,1.2699076,-0.146874,-0.03293399,0.7460766,0.40731135,0.36113226,-0.011318904,0.45528886,1.0857923,0.67935944,0.6124569,-0.018999528,0.7895185,-0.042665474,1.99011,0.60381883,-0.092712685,-0.02357767,1.6682202,2.8092275,-0.14721163,-0.14428882,0.882915,1.2494588,0.60603005,1.7692895,-0.019893888,-0.0856952,0.44931784,0.6895409,0.34681356,0.056675456,-0.16026174,-0.024144264,0.8920083,1.7367107,2.0889091,-0.21356022,-0.012478709,0.66717273,0.30168393
TCGA-AB-2880,-0.03920526,-0.1790408,1.2340025,1.0008264,0.6376735,1.4491634,1.6844501,-0.020649,0.025803026,1.1385784,-0.16206408,0.46525088,-0.055449527,0.7353916,-0.10784824,-0.25529766,-0.13735478,-0.19872414,2.6221635,0.7477346,0.24822216,-0.12358353,-0.56546074,1.2900239,-0.2646938,-0.017401181,-0.14145432,0.39659226,-0.004813322,-0.03282788,-0.009371626,0.94032586,0.18146312,0.55716664,0.96408796,0.3973489,-0.018231053,2.0306342,0.7052243,-0.2046961,0.28869167,-0.0024798966,1.8111783,-0.09771502,-0.11037721,0.7317278,0.5799699,1.9908104,2.389725,-0.041051283,-0.06551842,0.16327788,0.11756134,0.2666915,0.9653703,-0.3309431,-0.021675821,0.05373971,0.18904316,1.7412815,-0.23032407,-0.03275477,0.54348695,0.1722964
TCGA-AB-2881,-0.01979144,-0.13853131,0.6141258,0.6800894,0.2908762,1.1894699,0.78168255,0.85468686,0.5609851,0.49414027,-0.12459644,0.3611306,-0.022198552,0.91833615,-0.059376836,-0.17702559,-0.18411456,-0.13441885,2.079447,0.5289797,0.030893505,-0.1023345,-0.3376851,1.2427729,-0.22115922,-0.02085699,-0.085973136,1.1904342,-0.011833186,-0.017495768,-0.0031835244,0.28164786,0.040856548,0.27476048,1.2447088,0.21686186,-0.013526462,1.6471354,-0.015212545,-0.15683971,-0.015622041,0.6295479,1.2834685,-0.0862006,-0.11627946,0.9105653,0.46272913,1.44606,2.299564,-0.031229485,-0.053954985,0.10383618,0.23259631,0.5300149,0.9118886,-0.1751431,-0.010248755,0.06833482,0.049663626,1.3604089,-0.15105444,-0.010683468,-0.023115667,0.04388885
TCGA-AB-2882,-0.03346914,-0.16754968,0.8820379,1.1510892,0.7534722,1.5926706,1.3934929,0.32854712,0.35335958,1.2365223,-0.17381822,0.6491585,-0.038280975,1.1604939,-0.11387374,-0.28077248,-0.15950738,-0.077705614,2.4048095,1.2912219,-0.027741967,-0.14087576,-0.42507824,1.3383358,-0.23458755,-0.039249513,-0.034593776,0.5194709,0.040116698,-0.007176747,0.18428773,1.0397309,0.26172128,0.3195522,0.26336712,0.74951553,-0.02208722,2.2463262,0.6930689,-0.17466073,-0.0074115084,1.1322252,2.3481896,-0.10792943,-0.1635587,1.1963806,1.1453756,1.4186705,2.4159412,-0.01087975,-0.0633039,0.34917793,0.10765937,0.44390163,0.7448597,-0.23487385,-0.029597446,0.5632243,0.98773515,2.2105052,-0.22385195,-0.024073103,0.45938724,0.20812738
TCGA-AB-2883,-0.053556014,-0.12206002,0.53659403,0.729355,0.4342356,0.7753761,1.0249716,0.12721898,0.55806273,0.27127507,-0.066332355,0.25248298,-0.019248005,1.0595837,-0.10006763,-0.22416022,-0.24640708,-0.043726973,1.8146973,0.9440445,-0.008705941,-0.14833409,-0.36253038,0.7196465,-0.1624115,-0.0486153,0.9691229,0.2658553,0.31343344,-0.029153183,0.536147,0.8127211,0.4223014,0.87797046,-0.003330592,0.5123201,-0.0029764317,1.4772203,0.3445469,-0.1126846,-0.011789713,0.59262663,1.6946423,-0.15556525,-0.14378867,1.0830061,0.5301611,0.5215834,1.674493,-0.05357908,-0.025588145,0.9408073,0.11965267,0.46679214,0.8291948,-0.19011027,-0.058533337,0.29353276,0.8491582,2.2904642,-0.15188202,-0.042357918,0.21609217,0.2139869
TCGA-AB-2884,-0.01788113,-0.14808717,1.0935562,0.7604522,0.8728602,1.2732906,1.516652,0.08300244,0.520134,0.48829117,-0.1611315,0.7246708,-0.029107654,1.2786825,-0.115946315,-0.31806406,-0.2180237,0.099700645,2.416986,1.6761167,-0.058513153,-0.14486806,-0.36404124,1.188947,-0.22188044,-0.029433325,1.112828,0.47895518,1.1509188,0.1244275,0.75423414,1.5634106,0.74571526,0.7928135,-0.015172817,1.1443588,-0.055554647,2.366142,0.47035635,-0.1369885,-0.01481413,1.2449327,3.1317387,-0.18865895,-0.20740585,1.4726765,1.5325835,0.52220225,1.9912739,-0.034908704,-0.08575932,0.8414359,0.1273525,0.3204233,0.37016162,-0.21439862,-0.03762153,1.1603377,1.3904951,2.7247796,-0.2363272,-0.037704594,1.1050701,0.2018111
TCGA-AB-2885,-0.035943594,-0.08919247,0.80440044,0.7444898,1.1952766,1.3040874,1.4254218,0.15356153,0.41777456,1.0611761,-0.15225159,0.96615297,-0.035721354,1.2163831,-0.09538046,-0.31188196,-0.15536416,-0.020921957,2.327317,1.7385958,-0.059413213,-0.18574107,-0.33779266,1.4894718,-0.20168276,-0.071474686,0.57295316,0.2802093,0.31798905,-0.015974872,0.6175426,1.1759007,0.77912116,0.83841777,-0.016680537,0.9216861,-0.07212152,2.4162598,0.7358853,-0.11442462,-0.019292504,2.1349068,3.263622,-0.19175592,-0.16832313,1.2565024,1.5012748,0.661325,2.4033337,-0.03344941,-0.09446614,0.81558263,1.2803911,0.3122313,0.049996607,-0.20401697,-0.031915274,1.0469433,1.9546516,2.4937353,-0.25061387,-0.01590398,0.6768839,0.46773705
TCGA-AB-2886,-0.03669065,-0.21205758,0.879323,0.04171083,-0.0029109332,1.0509602,1.1284232,0.5179491,0.121894285,0.33362374,-0.10207591,0.25044394,-0.0033058205,0.6738334,-0.100699626,-0.18244615,-0.27113375,-0.32651788,2.686869,0.21632002,0.511585,-0.07460744,-0.54709417,1.2682345,-0.20631722,-0.019084172,-0.1760113,-0.00604414,0.0004916992,-0.061694797,-0.021495635,0.13695717,0.14075983,0.29230434,2.2731261,0.21953632,0.36959141,1.2570196,-0.005108261,-0.18636733,-0.007968867,-0.03347786,1.2317792,-0.1007674,-0.08887095,0.92988354,0.3118099,1.7985015,2.188801,-0.048124608,-0.041479368,-0.0005188561,0.15550777,0.066879034,1.5696092,-0.26142213,-0.008494632,-0.02683035,0.079805546,1.4052631,-0.19066165,-0.026428908,-0.023066638,0.3609772
TCGA-AB-2888,-0.032592207,-0.1823058,0.7309049,0.6459395,0.26835316,1.2726989,1.2582536,0.6031401,0.43641442,0.25716788,-0.14767474,0.37958658,-0.032445055,0.8981967,-0.10257558,-0.18458399,-0.24510136,-0.21487574,2.441584,0.47191694,0.23660718,-0.09135513,-0.4728848,1.5030403,-0.253132,-0.014558345,-0.089716025,0.5101832,0.13542858,-0.028803125,0.06309335,0.51654,0.07978862,0.4572102,1.4498768,0.14300998,0.025133599,1.7466261,-0.0069059664,-0.18782346,-0.0110206,0.3588767,1.5635254,-0.116995625,-0.10764568,1.0384449,0.6093761,1.7415413,2.4330745,-0.04291189,-0.04790508,0.25122502,0.10179302,0.32307076,1.4307274,-0.24736515,-0.029290734,-0.00050912704,0.112773456,1.6723095,-0.18814802,-0.023069635,0.117237106,0.35442474
TCGA-AB-2889,-0.010603996,-0.12570822,0.42063692,0.83374774,0.26045,0.9222283,0.8429647,0.8912763,0.55856675,0.2483385,-0.14338173,0.35843626,-0.022232838,0.79825723,-0.069235824,-0.15854725,-0.17782828,-0.08884871,1.9008617,0.2598931,-0.0013296109,-0.08237667,-0.29307437,1.190239,-0.202789,-0.033279292,-0.11656969,1.6447308,-0.023944106,-0.016030082,-0.014132991,0.1274684,-0.018842896,-0.0031927542,1.437483,0.078297645,-0.0088769635,1.37541,-0.0046857647,-0.15295637,-0.021232007,0.60689473,1.2620866,-0.04962647,-0.103493445,0.95675415,0.35118586,1.574129,2.167956,-0.02558634,-0.053329207,-0.027292911,0.18991347,0.50025535,0.9957066,-0.13757128,-0.02780722,0.08572762,-0.011903592,1.2293895,-0.12063714,-0.013262527,-0.02356513,-0.0076462626
TCGA-AB-2892,-0.02373068,-0.14697982,0.49979517,0.8651164,0.24688926,1.0577214,0.9566083,0.7632841,0.48620442,0.0469976,-0.15780778,0.36074755,-0.044337556,0.90756255,-0.08013937,-0.15888092,-0.18099356,-0.12149681,2.0631847,0.49463826,0.083814755,-0.07943808,-0.3264938,1.254576,-0.21315436,-0.022793187,-0.11605672,1.3790114,-0.0073372214,0.05039862,-0.013934309,0.16603002,-0.0061484165,-0.0010897769,1.3638024,0.08571609,-0.009362374,1.6126281,-0.010051731,-0.17133783,-0.023277644,0.550687,1.3631899,-0.087041155,-0.105242334,0.9370422,0.3741831,1.5580678,2.1377287,-0.029159425,-0.04846335,-0.007875105,0.07983005,0.5751107,0.97233593,-0.16391703,-0.026116064,0.15232654,-0.014383546,1.450376,-0.122525945,-0.013751906,-0.010694899,-0.010436803
TCGA-AB-2893,-0.032251894,-0.14405994,0.63099396,0.6114431,0.6689518,0.89095885,1.2154031,-0.0049364897,0.43126363,0.69256276,-0.07040534,0.39677137,-0.03735803,0.8956198,-0.07471887,-0.23194002,-0.19965447,0.19081269,1.7541635,1.1331768,-0.02193213,-0.11046692,-0.31546408,0.97280735,-0.14318551,-0.029203236,1.1637875,0.21383315,0.58534724,-0.030494118,0.49601087,1.0707611,0.5243231,0.95897746,-0.030759176,0.63183993,-0.02306596,1.394159,0.53741753,-0.09755679,0.024543256,0.7575695,2.093576,-0.16477959,-0.1558548,0.93556714,0.7180922,0.2406167,1.5907696,-0.042730093,-0.03621928,0.8747935,0.20464885,0.3352682,0.45045015,-0.19303343,-0.029452056,0.5009904,0.7176791,2.1807592,-0.1518663,-0.055057913,0.5900159,0.16231069
TCGA-AB-2894,-0.027834212,-0.13009949,0.8347802,0.6508228,0.6185611,0.9118234,1.1480696,-0.010248609,0.25104904,0.8643667,-0.093045615,0.37714767,-0.021755429,1.0429778,-0.0823738,-0.24498098,-0.18874936,-0.016283562,1.9106954,1.2238735,-0.016157832,-0.12982436,-0.34557298,1.0872021,-0.16617315,-0.026272122,1.2046483,-0.0014863294,0.34686,-0.011894363,0.70177937,0.9933665,0.6554908,0.82891846,0.028952574,0.54348505,-0.047799896,1.5920618,0.44525978,-0.09921263,-0.0037640089,0.9975686,2.1150577,-0.18857226,-0.13152073,0.9831534,0.93560654,0.42256975,1.8013632,-0.032959495,-0.057703473,0.83847654,0.38401845,0.25097212,0.46392602,-0.1830131,-0.011522276,0.36465934,0.9869262,1.950381,-0.17977127,-0.03697463,0.4934631,0.47370186
TCGA-AB-2895,0.045378856,-0.09839714,0.6598582,0.38994798,0.47331324,0.70171356,0.95381373,0.24906018,1.0200707,0.9299943,-0.07197203,0.35000652,0.11698748,1.0061545,-0.07744165,-0.20815293,-0.15753917,0.17816016,1.5046335,0.77175665,-0.028982375,-0.07396918,-0.20560168,0.59743655,-0.07038405,-0.019457668,1.6075633,0.64476335,1.0785842,-0.024373684,0.5585498,1.2258983,0.7034184,0.63923997,-0.0038001582,0.8952907,-0.024553707,1.3739632,0.22374177,-0.07620211,-0.030494398,0.473736,1.8950965,-0.12178745,-0.11006174,0.8357085,0.9130944,-0.0051858653,0.7405288,-0.03319143,-0.038743842,0.8457626,0.11698876,0.26232,0.2925215,-0.07327021,-0.019449202,0.8611888,0.80734956,1.9933522,-0.15522657,-0.048647758,0.7757696,-0.0068765455
TCGA-AB-2896,-0.011672667,-0.09116401,0.6544482,0.44245163,0.6218852,0.87072474,0.9822251,0.19776471,1.1151944,1.1875671,-0.09098708,0.53004354,-0.025599739,1.051489,-0.07348531,-0.24795476,-0.1579349,0.28861454,1.6086091,0.9669669,-0.043599486,-0.0936611,-0.20159154,0.7736887,-0.0899466,-0.023256442,1.6579769,0.8204501,0.96477014,-0.020802764,0.6106023,1.2591355,0.61132187,0.7219782,-0.0047319415,0.95956844,-0.058704864,1.5186104,0.47386613,-0.046504386,-0.009124032,0.7250976,2.1627874,-0.11393012,-0.11213857,0.7503031,1.121423,0.10830712,1.0068561,-0.028745217,-0.048459277,0.92090076,0.08118635,0.30748665,0.13135797,-0.10226627,-0.024173416,1.0238924,0.93246305,2.152413,-0.15385966,-0.038081884,0.8676486,0.1847571
TCGA-AB-2897,-0.042840935,-0.24388237,0.79311335,0.62627673,0.08276001,1.3457986,1.0696769,1.9633533,-0.013370469,-0.014675985,-0.12303356,0.10323951,-0.021488225,0.84839964,-0.11121891,-0.16987328,-0.25020534,-0.3249133,2.2592847,0.38394907,0.6854939,-0.022285739,-0.5599629,1.0799878,-0.26612267,0.093953624,-0.18719251,0.12536517,-0.004697335,-0.042650364,-0.042943295,0.34237108,-0.012017691,0.35542792,1.2339131,-0.006864164,0.34586135,1.1397566,-0.012408052,-0.21334426,-0.057503212,-0.040018182,1.409601,-0.10965326,-0.102730654,0.6621681,0.34167525,1.368372,2.0124698,-0.02801708,-0.035048977,-0.045216855,-0.021757094,0.4935757,1.3042848,-0.3207338,-0.009271811,-0.024146903,0.041952215,0.9715797,-0.222355,-0.028231917,-0.024851399,-0.03509864
TCGA-AB-2898,-0.030537177,-0.1430897,0.78513646,0.9718873,1.1244452,1.3064557,1.5864693,-0.007304964,0.41117102,1.3881179,-0.20520976,0.68784976,-0.04221362,1.2251899,-0.119107835,-0.29693124,-0.16505678,1.899165,2.0172331,1.7296935,-0.035217743,-0.13949591,-0.31359145,1.2688005,-0.19722158,-0.051974762,0.58416855,0.8723359,0.44195122,-0.011635388,0.38230738,1.3987801,0.8542472,0.21823867,-0.007833598,0.8174725,-0.05954931,1.9824479,0.8339792,-0.07748257,-0.029308228,2.0237913,2.953915,-0.16346246,-0.18990366,1.4050179,1.4630449,0.73820806,2.0992258,-0.033048578,-0.09151327,0.25385997,0.028246172,0.3913891,0.12603298,-0.17163263,-0.037768655,0.9934007,1.4448379,2.0326736,-0.24689248,-0.02833359,0.9469508,0.6466431
TCGA-AB-2899,-0.037011802,-0.09769725,1.1338834,0.5894937,1.0351043,1.1602579,1.4522066,0.020115297,0.59083223,0.8688309,-0.16731662,0.9858541,-0.013768069,1.0717793,-0.06386375,-0.30339673,-0.19248246,-0.06294214,2.3449087,1.7908272,-0.047158353,-0.18668546,-0.36300415,1.6289645,-0.21198861,-0.05042481,0.8971201,-0.0053336583,0.23476113,-0.042550318,0.8334152,1.1077939,0.5942595,0.9032477,-0.022694997,0.639184,-0.07326438,2.2277422,0.5573413,-0.11987549,0.19598332,1.9574084,3.056164,-0.1857084,-0.1660325,1.4312984,1.4592781,0.9381925,2.2585974,-0.046933968,-0.096380286,0.8547862,0.96635425,0.5422749,0.36934695,-0.19157438,-0.018363638,0.9270759,1.7786671,2.3566985,-0.21458876,-0.01508303,0.7569963,0.8270204
TCGA-AB-2900,-0.06315815,-0.28588313,1.1481963,0.6951322,0.8330885,1.6131343,2.1168263,0.98789966,0.0123277195,-0.02320255,-0.225541,0.9496803,-0.012049407,1.0772486,-0.1489615,-0.34557006,-0.29558077,-0.14478402,3.1550565,1.5193636,-0.0151117295,-0.13978897,-0.61012864,1.509129,-0.33357647,-0.022975823,-0.035138007,0.28851146,1.2907838,-0.043822777,0.7624952,1.6634121,0.7456728,1.0432739,-0.0055070496,1.29623,-0.020076219,2.5905676,0.83636904,-0.20820773,-0.046646927,0.78705734,3.327812,-0.200827,-0.22061853,1.711164,1.6697593,1.021576,2.6867776,-0.06618374,-0.1067207,0.2854645,-0.0037571832,0.5750215,0.79527855,-0.38261056,-0.023564192,0.84762144,1.4459902,2.8527355,-0.3054911,-0.06062605,0.8446692,-0.0026298014
TCGA-AB-2901,-0.046243053,-0.22375809,1.2852676,0.60788363,0.7147088,1.5059923,1.8875699,0.77766514,-0.011690426,0.14918959,-0.23011701,0.6255797,-0.009778019,1.4252844,-0.13557303,-0.33193997,-0.21787798,-0.071571566,3.3141189,1.9309758,-0.0010692877,-0.14491129,-0.524234,1.7672002,-0.287716,-0.02095108,-0.033802215,0.5656336,0.75741065,-0.00962622,0.5934283,1.2656231,0.6173832,0.6231835,0.40675724,1.0343075,-0.023517277,2.6058662,0.51473814,-0.18978009,-0.032566197,1.5852183,3.3908188,-0.19185485,-0.20599926,1.7114943,1.6551102,1.0944941,2.7779033,-0.046824712,-0.095451266,0.12716477,0.25893888,0.55582136,0.55992544,-0.296679,-0.059113134,0.9650795,1.2200353,2.583987,-0.2882912,-0.05272618,0.78185844,0.35172325
TCGA-AB-2908,-0.014812556,-0.11312895,0.81354356,0.7437653,0.9359261,1.1160479,1.206558,0.1733012,0.61609507,1.4573972,-0.12828158,0.7757351,-0.012402726,1.1069356,-0.06259989,-0.27574655,-0.13255292,0.15556906,2.1048765,1.7070835,-0.05985228,-0.14331786,-0.30535004,1.1371179,-0.16377495,-0.029143183,0.710045,0.47625178,0.34252068,-0.022270452,0.4991081,1.2019231,0.75375664,0.71178323,-0.013704251,0.9939597,-0.0475676,1.9198601,0.6833433,-0.07940693,-0.0151902735,1.8310307,2.8616414,-0.14884442,-0.16892627,1.1111435,1.3037002,0.61610264,1.8559772,-0.024986362,-0.07800119,0.58293974,0.66876286,0.31822813,0.1452353,-0.16267252,-0.025232304,0.8451717,1.7826302,2.1860666,-0.22259445,-0.023857806,0.65053606,0.45372248
TCGA-AB-2909,-0.03573,-0.20147018,0.96154916,0.37127745,0.17168996,0.8796492,1.2724411,0.24269918,0.71023905,-0.0028339613,-0.15662263,0.3694282,-0.030507406,0.7548164,-0.06495302,-0.18192591,-0.2769496,-0.3331497,2.7182379,0.47779894,0.3684485,-0.08469884,-0.51737076,1.5015657,-0.2082893,-0.02857977,-0.09120623,0.35500637,0.29921216,-0.07193667,0.08501553,0.38313162,0.16388217,0.61769354,2.227404,0.44224924,0.21965888,1.5658194,0.29812253,-0.18653521,0.55559033,0.208231,1.5710094,-0.13145137,-0.088394664,1.0990101,0.305887,1.818897,2.6324692,-0.041399788,-0.041691866,0.5072271,0.45793802,0.1444894,1.5576174,-0.24158852,-0.01451004,-0.030071294,0.159111,1.60445,-0.17033009,-0.012893724,-0.009670279,0.70220464
TCGA-AB-2911,-0.026266608,-0.21959786,0.80055654,0.7525956,0.36700642,0.9473577,1.6947336,0.22425707,0.50191575,0.18859296,-0.1742643,0.76733476,-0.017026003,1.2444204,-0.11577946,-0.2687646,-0.26498264,-0.13516034,2.5313125,0.92416805,-0.023125213,-0.100796394,-0.49369285,1.282853,-0.21702163,-0.026813243,0.41656572,0.4178701,1.1322879,-0.022371335,0.5081123,1.1929106,0.6780316,0.98341334,0.5710381,0.97204643,0.049661536,2.2459621,0.683862,-0.19074541,-0.0200445,0.23448226,2.355812,-0.15555772,-0.15620491,1.2432449,1.152111,0.5839746,2.2051463,-0.052319776,-0.05976669,0.9799348,0.18472512,0.56644934,0.644982,-0.28276417,-0.028860712,0.80204535,0.61096555,2.4030793,-0.23233402,-0.030284306,0.66489685,-0.006767239
TCGA-AB-2912,-0.022283532,-0.09085174,0.6812985,0.51817936,0.8468533,0.9065168,1.2237524,-0.019726777,0.7378034,0.90256715,-0.14794078,0.7289624,-0.009318619,1.1037209,-0.046036035,-0.23584609,-0.19240993,-0.11711904,2.2730827,1.332748,-0.035931163,-0.15188313,-0.36383724,1.2811344,-0.19570325,-0.03777867,0.7174938,-0.004631865,0.11272756,-0.040171213,0.6298651,0.7187596,0.496268,0.6361891,0.4504704,0.44218385,-0.039438162,1.7319696,0.29870737,-0.09990593,0.2416564,1.568461,2.2879002,-0.16007021,-0.10624748,1.238888,1.0834134,1.1613159,1.9064808,-0.055842586,-0.06559155,1.0709205,1.2265023,0.4324996,0.64510614,-0.1601144,-0.027572045,0.49441823,1.3109536,2.161523,-0.15244015,-0.03153398,0.54200566,0.6329548
TCGA-AB-2913,-0.05158753,-0.20754622,1.2753081,0.47804135,0.54745513,1.2716659,1.7892601,0.2639435,0.90319896,0.54581374,-0.2003768,0.56450456,-0.028498957,1.2742746,-0.10179018,-0.29874942,-0.30371937,-0.23736024,2.9428036,0.8781931,0.14738892,-0.11964623,-0.5242154,1.6211892,-0.20705985,-0.041721318,1.2365255,0.2007347,1.5131755,-0.06369922,0.6821026,1.58037,0.8139282,1.4217916,0.8488167,1.0932673,0.09218013,2.0560608,0.5158754,-0.15810476,0.29319218,-0.0129144555,2.3404725,-0.22872117,-0.14390631,1.3363082,1.5123898,0.8468233,1.8457977,-0.0561769,-0.071268834,1.4776368,0.21619079,0.51996833,0.98716426,-0.23439999,-0.013315262,0.7271192,1.1791689,2.5379906,-0.2490069,-0.044013932,0.875097,0.26031235
TCGA-AB-2914,-0.04336947,-0.18885535,0.57336634,0.5355319,0.02145658,0.96796936,1.0558028,0.67392415,0.5845934,-0.059088517,-0.1641808,0.3566078,-0.015366415,0.45068705,-0.090908326,-0.14529277,-0.25564894,-0.27517483,2.3125231,-0.010431649,0.3591747,-0.054548234,-0.4636415,1.4091705,-0.25955394,-0.036312167,-0.13121645,0.9678873,0.34005192,-0.034895364,-0.01988609,0.072259165,-0.0029921061,0.2677987,2.1097937,0.07832881,0.34272617,1.5117825,-0.02430698,-0.21048723,-0.02882347,-0.041084964,1.1495763,-0.101133995,-0.0663403,1.156636,0.3805525,1.7628857,2.3751836,-0.041008845,-0.06905627,0.02589298,0.4314129,0.30185452,1.5523924,-0.22592774,-0.023303337,-0.017231172,-0.015044994,1.3423069,-0.1508349,-0.03017337,-0.010405103,0.11632277
TCGA-AB-2916,0.16481172,-0.089250535,0.54959196,0.4794722,0.6922185,0.8627847,1.0424812,0.24499923,1.0073025,1.3877481,-0.082400605,0.4152715,-0.02070531,0.87270236,-0.051003482,-0.19536716,-0.1325022,-0.039857656,1.613519,0.75194776,-0.044463333,-0.13102543,-0.22274272,0.90802836,-0.11886072,-0.020567425,0.54736096,0.3035592,0.10390107,-0.010423817,0.32608885,0.75542086,0.60592425,0.36904958,0.40047583,0.42636773,-0.04183474,1.1734229,0.19949985,-0.08499368,0.1526913,1.1192502,1.5862489,-0.11649066,-0.08444692,0.85850185,0.9214491,0.76754,1.3381891,-0.016941775,-0.06653454,0.69842327,0.35048562,0.10765685,0.27318463,-0.10904529,-0.014891401,0.46433207,1.1630147,1.8136039,-0.13072209,-0.013439796,0.3718532,0.3917028
TCGA-AB-2917,-0.014693831,-0.09023476,0.82454205,0.5610631,1.1140637,1.1782384,1.2514168,0.017065406,0.9030449,1.6645517,-0.1493202,0.6928652,-0.008712458,1.2361819,-0.06425872,-0.26458803,-0.18472902,0.12152097,1.943388,1.4305837,-0.036809914,-0.14392368,-0.2922286,1.1595391,-0.15593094,-0.035129502,1.0785469,0.34805843,0.43662623,-0.032105412,0.7763556,1.1359682,0.9542802,0.88813865,-0.017057737,0.6911162,-0.059099223,1.6940919,0.47313738,-0.09524796,0.018515736,1.3489101,2.6982427,-0.17555837,-0.14708385,1.064657,1.3491533,0.5288207,1.691762,-0.053240705,-0.05658981,1.1374677,0.61355,0.2727871,0.29064754,-0.1280431,-0.01180713,0.7410911,1.6770731,2.3201265,-0.20346299,-0.027034301,0.83210254,0.657568
TCGA-AB-2919,-0.0512062,-0.28885332,1.307478,0.62249994,0.72336525,1.7627236,2.0359147,0.7156746,0.13722545,0.004394179,-0.24371922,0.6746809,-0.025667965,1.3171074,-0.1633359,-0.32830933,-0.29340738,-0.116246335,3.082601,1.5887158,-0.003720471,-0.12743019,-0.60507625,1.2944278,-0.3295108,-0.009745884,-0.037627015,0.56927055,1.2027096,-0.03763263,0.4600403,1.4615805,0.82587904,0.97073704,0.0015765186,1.3064167,-0.0029468369,2.6498024,0.64930737,-0.1944825,-0.044943914,0.6545942,3.2852337,-0.21638095,-0.22108065,1.6948024,1.7143023,1.03482,2.706615,-0.05336414,-0.09209178,0.2903634,-0.026895294,0.6605953,0.8330829,-0.35888237,-0.048120987,0.8141463,1.4259919,2.59865,-0.32926816,-0.061213303,1.0078908,0.14623109
TCGA-AB-2920,-0.029329592,-0.10557488,0.90141565,0.5634862,1.5045048,1.0842471,1.5048625,0.074323826,0.4851571,0.9794961,-0.1650744,1.0072047,-0.01815079,1.0671618,-0.086849205,-0.3325564,-0.157981,-0.01711305,2.321806,1.7669562,-0.049274977,-0.17654398,-0.32211694,1.5883932,-0.18743633,-0.06739149,0.9500383,0.2817267,0.43383658,-0.021450073,0.7871264,1.1564636,0.6707997,0.98729897,-0.04849198,0.802682,-0.06419995,2.3270404,0.756675,-0.1109378,-0.0069265775,1.9904096,3.5323286,-0.18748257,-0.1651156,1.1257145,1.5301743,0.49869508,2.319255,-0.04277815,-0.08211756,0.9645778,1.4197918,0.38693914,0.091740645,-0.17089398,-0.0229649,1.0095085,2.2894602,2.5885956,-0.23755391,-0.013481787,0.72286654,0.4712905
TCGA-AB-2924,-0.013615158,-0.14492157,0.94472295,0.53096384,0.27320653,0.9044292,1.3540679,0.0786942,0.9964276,0.049886607,-0.116213895,0.7015445,-0.010693207,1.1436146,-0.096935995,-0.24507268,-0.2620081,-0.084700175,2.1230774,1.0310681,-0.025186261,-0.07816645,-0.3312711,1.0205951,-0.13594213,-0.015909735,1.4919341,0.5714969,1.4220549,-0.016340168,0.8027419,1.4687805,0.70479524,0.9161897,0.32638732,1.061282,-0.011808436,1.7667129,0.41701853,-0.12595962,-0.013381049,0.18048665,2.1647491,-0.16494639,-0.11531279,1.0789564,1.1934223,0.14643401,1.4207232,-0.0417234,-0.029604135,1.127823,0.2152496,0.458538,0.5359772,-0.17051594,-0.016178412,0.9327246,0.670926,2.3449502,-0.18118775,-0.034335066,0.62189496,0.032887433
TCGA-AB-2925,-0.017701779,-0.11521309,0.51856655,0.61555463,0.56494564,0.6902682,0.99590844,0.1650706,1.0113105,1.1014206,-0.04795166,0.40233094,-0.0095451875,0.97387314,-0.081660494,-0.19653536,-0.14504068,0.38776416,1.5244653,0.8023079,-0.029837677,-0.077123664,-0.18841386,0.604475,-0.07947468,-0.00999212,1.3719978,0.55063975,0.75017816,-0.026321381,0.6318002,1.224927,0.6251535,0.71335834,-0.014820929,0.8967492,-0.03042219,1.3603221,0.37148178,-0.042729255,-0.018719448,0.3205133,1.8277897,-0.10677832,-0.09160416,0.73680574,0.8246928,-0.0019378957,0.9084146,-0.020342017,-0.04148878,0.88967943,-0.006284322,0.13383193,0.2811669,-0.08721213,-0.008246849,0.7342363,0.9012596,2.132478,-0.12748931,-0.047921687,0.61471546,0.21122777
TCGA-AB-2927,-0.015383194,-0.108595215,0.74577576,0.5759595,0.9387853,0.9753153,1.3083303,0.13872418,0.6255091,1.0974205,-0.14697914,0.6733624,-0.027128179,1.0851667,-0.06461497,-0.24616794,-0.19421782,-0.05672575,2.2152178,1.55029,-0.038041826,-0.16914068,-0.31140423,1.2099912,-0.19778697,-0.04461321,0.525247,0.3952837,0.046860784,-0.026241282,0.5633673,0.8500698,0.48088166,0.70733154,0.18437363,0.650317,-0.059429217,2.0419953,0.43519002,-0.09426942,0.04427991,1.8055727,2.4682775,-0.13405313,-0.13797884,1.4576334,1.26981,0.9286516,2.2104566,-0.031363983,-0.067942955,0.59816813,0.8650718,0.5664582,0.4552472,-0.15554285,-0.0113627,0.6149381,1.4125376,2.167086,-0.17441468,-0.0143224215,0.4685911,0.43157342
TCGA-AB-2928,-0.03506523,-0.13477951,1.0630944,0.6763807,1.3318706,1.3230622,1.5087203,-0.004604698,0.39496,1.6032963,-0.15568204,0.5674248,-0.018659594,1.1927564,-0.093728445,-0.28607887,-0.13524063,2.0414762,1.9577384,1.7586198,-0.06720523,-0.17010051,-0.26832274,1.2586905,-0.19969736,-0.041085355,0.45531836,0.9001323,0.65655935,-0.020626731,0.56416357,1.2588506,0.5887467,0.48901597,-0.051339358,0.96777344,-0.046017144,2.2975626,0.9433884,-0.092391334,-0.051600825,2.0025678,2.999066,-0.17360352,-0.20183311,1.4174061,1.432816,0.62919354,1.9688193,0.10352286,-0.08903139,0.32342494,0.34162164,0.22823207,0.07491264,-0.12114724,-0.01354692,1.1086653,1.8087182,2.3821952,-0.23947787,-0.03143397,0.8939565,0.7211539
TCGA-AB-2929,-0.03699074,-0.084018484,0.96079916,0.6935051,1.084688,1.1864783,1.3006272,0.190075,0.5709487,1.4456494,-0.15564075,0.91553766,-0.024368431,1.2447237,-0.067674614,-0.29761276,-0.1477008,-0.014151386,2.274662,1.688137,-0.05115217,-0.16692868,-0.30662042,1.3863648,-0.18122372,-0.037525933,0.9553819,0.26137438,0.34783676,-0.012742317,0.7640434,1.1956433,0.8523329,0.9218232,-0.03257144,0.8169932,-0.08251748,2.24308,0.5498257,-0.09587347,-0.006407617,1.9610953,3.0834422,-0.17966053,-0.16625516,1.1912811,1.477507,0.5743043,2.0715075,-0.04080943,-0.084742725,0.95677674,1.0362818,0.5906165,0.0016884585,-0.17579733,-0.016909003,0.8814053,1.736578,2.4201555,-0.2337056,-0.02880021,0.77676666,0.53121996
TCGA-AB-2933,-0.019466437,-0.068600476,0.79257023,0.7684383,1.1225578,0.9811185,1.2831752,-0.01423941,0.84452915,1.2994632,-0.13021159,0.8587224,-0.01694373,1.1339082,-0.058475185,-0.2852936,-0.13449465,0.44720432,1.9083644,1.565206,-0.06173108,-0.1476719,-0.2525108,1.0080372,-0.12761575,-0.046558257,1.2205247,0.40960237,0.48400772,-0.027598752,0.6453843,1.158186,0.639343,0.6047371,-0.038450878,0.76474327,-0.07785367,1.8196253,0.6016323,-0.07962816,0.08307048,1.7421169,2.7003706,-0.15880826,-0.14844564,1.1994386,1.3617277,0.6855825,1.7207512,-0.032691862,-0.069309354,0.94901943,0.5973366,0.30057088,0.13867126,-0.10906428,-0.019894702,0.85008085,1.7954493,2.3277621,-0.1767619,-0.012933405,0.85458666,0.6167485
TCGA-AB-2935,-0.040395837,-0.12188651,0.73585576,0.6899352,0.8537308,1.2516351,1.2736388,0.31198093,0.527816,0.886831,-0.1318054,0.7919213,-0.013994202,1.1080191,-0.087578185,-0.28451174,-0.2015738,-0.060556013,2.1458452,1.5100304,-0.032824535,-0.141448,-0.36505342,1.2219243,-0.19133501,-0.0432728,0.53877914,0.23058094,0.22345991,-0.016011532,0.51690537,0.88111293,0.59987915,0.74418485,0.018382153,0.67361534,-0.04588669,1.9890392,0.5369771,-0.11394536,-0.017169615,1.5974792,2.7074685,-0.15710908,-0.16415682,1.349233,1.1717852,0.7025418,2.2110195,-0.047021147,-0.067943886,0.6039946,0.8789008,0.47044256,0.42913797,-0.20173018,-0.031456176,0.67222893,1.2806032,2.239284,-0.2211055,-0.025186373,0.5314654,0.29705903
TCGA-AB-2936,-0.018798485,-0.14167579,1.077033,0.7985528,1.0706558,1.4764241,1.5010599,0.5147366,0.31719384,0.6959062,-0.22361349,0.90842587,-0.027412916,1.3047298,-0.11665696,-0.33231348,-0.19473206,-0.033023886,2.5120292,1.875365,-0.03766255,-0.17874417,-0.39308095,1.5283425,-0.23904386,-0.035098806,0.47889552,0.377331,0.34751666,-0.023019671,0.5114848,1.135261,0.56235915,0.64890224,-0.0064482503,0.8808386,-0.07421722,2.5446846,0.68854743,-0.15052478,-0.033604484,2.090306,3.3704698,-0.1720291,-0.20982324,1.5327151,1.5135173,1.0251714,2.6349647,-0.043852385,-0.10421981,0.3950451,0.5111889,0.6497587,0.21505584,-0.23001225,-0.040386695,0.9250704,1.6690419,2.669496,-0.25101137,-0.023709152,0.8367561,0.21598327
TCGA-AB-2937,-0.013401157,-0.17592894,0.9039498,0.37754342,0.7250841,1.2296976,1.1330194,0.21153457,-0.021509195,0.36975092,-0.13215785,0.42978483,-0.016154641,0.5986699,-0.070017636,-0.2262557,-0.16072336,-0.15589038,2.616271,0.65552396,0.09470163,-0.12699948,-0.4774788,1.2046779,-0.19908296,-0.06352583,-0.17532752,0.39684197,-0.0014468184,-0.023138158,0.044702373,0.22914243,0.15380953,0.22829969,1.0741174,0.6696119,-0.015264051,1.7509308,0.48943263,-0.17850314,-0.00845323,0.4773233,1.9917839,-0.10140971,-0.12578785,0.9330956,0.5507939,1.6963944,2.3955815,-0.046083968,-0.05387203,-0.030268202,0.35267094,0.054293223,1.1072447,-0.21729591,-0.03165749,0.19887604,0.34225565,1.9032043,-0.17777185,-0.03925289,-0.0027710507,-0.01293038
TCGA-AB-2938,-0.025639368,-0.14393355,0.852154,0.7805696,0.5921113,1.2632375,1.3918363,0.45465472,0.40564817,0.9806024,-0.14372377,0.6132799,-0.007468596,1.0999177,-0.09072854,-0.25927916,-0.1902905,-0.04711512,2.1844141,1.4429383,-0.014662753,-0.11458266,-0.3639379,1.1675984,-0.19794819,-0.034757916,0.36454466,0.5949436,0.088750444,-0.02270749,0.3803597,1.0028692,0.61827695,0.45434538,0.32719848,0.5549183,-0.03860384,1.9771478,0.4271955,-0.14403069,-0.024594042,1.5412258,2.378021,-0.13938843,-0.13950686,1.1856337,1.2585014,0.77906334,2.0928564,-0.02203569,-0.058017757,0.47663933,0.44845688,0.48528278,0.44679964,-0.16137944,-0.010483389,0.63065714,1.0145166,1.7656633,-0.23512092,-0.023680145,0.57755363,0.2387943
TCGA-AB-2939,-0.061392587,-0.17425026,0.886833,0.6374024,0.72772634,1.6023134,1.0785915,0.08877111,0.56618077,1.4310814,-0.104326025,0.1818769,-0.005244556,0.8175338,-0.09622609,-0.20229411,-0.17603727,-0.19029576,2.5720565,0.4690572,0.12549138,-0.0913626,-0.5049612,1.2893056,-0.26123568,-0.018270977,-0.09475314,0.375924,0.117451794,-0.0424247,0.30196688,0.7175977,0.051212437,0.83897114,0.5919913,0.7167325,-0.020222886,2.0383735,0.48026422,-0.19154106,0.32929078,0.12483508,1.862039,-0.10627023,-0.121500626,0.83295566,0.6448594,1.5465523,2.415132,-0.05518275,-0.05222825,0.25063705,0.22030947,0.21384947,1.1901145,-0.2574473,-0.017525066,0.3689613,0.59895563,2.1873553,-0.1880432,-0.03223247,0.061533228,0.028675105
TCGA-AB-2942,-0.018750181,-0.15532622,0.47746983,0.68300384,0.10819778,1.0506037,1.0023226,0.84351045,0.494923,-0.023584472,-0.15290795,0.34898615,-0.028668238,0.6952631,-0.07165773,-0.14652604,-0.2064244,-0.15815753,2.0962284,0.13280182,0.23299824,-0.0630975,-0.34723547,1.1784225,-0.2150027,-0.03596957,-0.13393234,1.4412907,0.106033795,-0.016232839,-0.027526611,0.16990303,-0.010964415,0.08571132,1.7849793,0.10306797,-0.003412423,1.5955318,-0.017236391,-0.1808068,-0.013610417,0.34785312,1.2742469,-0.068710886,-0.0852392,1.0276304,0.4663824,1.8523147,2.265003,-0.025218904,-0.05721761,-0.0059871944,0.25391522,0.44043523,1.2020164,-0.17828414,-0.017001113,-0.0012916668,-0.018986395,1.2765653,-0.11306848,-0.019857401,-0.020742686,-0.008922909
TCGA-AB-2948,-0.019475546,-0.11528051,0.7900086,0.7009232,1.144164,1.2764643,1.4225054,0.23329657,0.53865653,1.0676296,-0.18364905,0.8464307,-0.010426154,1.2931522,-0.08628949,-0.2989012,-0.17721997,0.32091296,2.107534,1.7259611,-0.040486407,-0.15815815,-0.30613157,0.9488742,-0.18791834,-0.030172575,0.79514104,0.5249046,0.64134794,-0.02108544,0.56285733,1.1151228,0.832953,0.73738635,-0.04526401,0.81098557,-0.0733461,2.2310386,0.7800643,-0.11059307,-0.025873784,1.7298157,3.1130433,-0.16382618,-0.19574709,1.3843074,1.534977,0.528876,2.0954845,-0.025798142,-0.068245955,0.67959607,0.18244594,0.54225224,0.2373407,-0.17128323,-0.034244936,0.82174104,1.6172624,2.4791806,-0.21415508,-0.025642425,0.86137575,0.50892675
TCGA-AB-2949,-0.004466094,-0.09185555,0.77167994,0.6579772,0.98285973,1.0435998,1.2611779,0.18677811,1.2396243,1.6222521,-0.14077535,0.7583588,-0.04057178,1.116574,-0.07437306,-0.2531213,-0.14244646,-0.021494064,2.1937215,1.3619899,-0.06087941,-0.1641983,-0.27930468,1.1618295,-0.1562277,-0.04703322,0.6661542,0.66763264,0.28337997,-0.029256785,0.4964091,1.0380836,0.7183359,0.6162176,0.33745983,0.8076248,-0.05995387,1.8969905,0.55516607,-0.09528074,0.0032964572,1.5718182,2.587258,-0.13015105,-0.14273909,1.021622,1.2496259,0.90365666,1.9347751,-0.025739929,-0.07449302,0.74707216,0.4209008,0.20895638,0.20020688,-0.13185869,-0.03909143,0.6625927,1.6220266,2.28187,-0.1842717,-0.018886048,0.5841385,0.6711126
TCGA-AB-2950,-0.01744563,-0.22473586,0.7623958,0.15211922,0.11753464,1.1785377,1.1664782,0.5422702,0.18270436,0.45494848,-0.06829386,-0.0039128666,-0.00534588,0.5494954,-0.11242979,-0.1817315,-0.23930506,-0.30262983,2.4733043,0.17696096,0.59086376,-0.03269478,-0.52029383,1.203609,-0.1783436,-0.016756957,-0.16807584,-0.01143252,-0.011246766,-0.04528312,-0.020410007,0.060224764,0.19996504,0.20278609,1.8609424,0.19413699,0.0896423,1.2679788,-0.010532957,-0.19968347,-0.03214094,-0.029808262,1.281996,-0.09744666,-0.07901337,0.9270519,0.3436297,1.5651822,2.119967,-0.058428615,-0.036695447,-0.023043571,0.13573188,0.19043347,1.7305801,-0.24138494,-0.020509489,-0.029242525,0.27858508,1.2609901,-0.20034288,-0.03231819,-0.0150842685,0.23895338
TCGA-AB-2952,-0.035081487,-0.13261288,0.9130687,0.7488922,1.0544679,1.184904,1.3497279,0.30179995,0.4605275,1.221984,-0.16438751,0.86396074,-0.0172389,0.9964287,-0.07675635,-0.30629155,-0.1512911,-0.041681968,2.348405,1.5708823,-0.05220179,-0.16284266,-0.36458665,1.5398828,-0.19184105,-0.021081842,0.57008,0.28168663,0.42426378,-0.021806438,0.66606796,1.017015,0.755479,0.8609445,-0.02305994,0.94080454,-0.035310928,2.2853472,0.6490024,-0.13144432,-0.020903839,1.6875454,3.1118495,-0.15897237,-0.183369,1.0605989,1.3335681,0.6842406,2.0967877,-0.03593397,-0.07785373,0.6813246,0.9288404,0.4568761,0.028106958,-0.21552806,-0.03117075,1.0758642,1.6724497,2.4179251,-0.24339937,-0.023085753,0.6170956,0.46115515
TCGA-AB-2955,-0.030635422,-0.14737414,0.9011542,1.1062895,0.53564894,1.319238,1.5329499,-0.043824937,0.07025826,1.7297721,-0.20171125,0.33272564,-0.060050733,0.7861478,-0.10862929,-0.2461412,-0.13827686,-0.15189771,2.3728456,1.1524674,0.1850522,-0.12040686,-0.48633978,1.1241486,-0.2235986,-0.0164813,-0.05499204,0.18573166,-0.018574888,-0.0059408057,0.073561594,0.7914099,0.25926766,0.31263277,0.75182575,0.027243335,-0.04249899,2.0067906,0.83041704,-0.1789483,0.5661129,0.36460316,1.7967085,-0.1381666,-0.1318252,0.82662445,0.7327346,1.7834244,2.2088,-0.048439294,-0.05948161,0.64170575,-0.009806487,0.14882155,0.8715843,-0.25886363,-0.01853396,-0.014260749,0.4289738,1.7398232,-0.21358459,-0.04220066,0.8797113,0.43917146
TCGA-AB-2956,-0.017150734,-0.11674521,0.7104463,0.5516478,0.6980337,0.84136426,1.0679462,0.051202867,0.2723582,0.63643754,-0.095316224,0.73952377,-0.033352315,1.2236233,-0.09013505,-0.2879848,-0.19781192,-0.022742689,1.9522482,1.4596167,-0.020419275,-0.15172341,-0.3515752,1.0242672,-0.17172322,-0.036209654,1.1281148,-0.0001987582,0.6763209,-0.009224512,0.71563137,1.0148414,0.62945664,0.8092158,-0.015427755,0.5640428,-0.060957637,1.7200677,0.3336457,-0.10124915,-0.018663263,1.284494,2.5939949,-0.16603093,-0.15521954,1.2524344,0.979535,0.24182889,1.9633949,-0.036565118,-0.040348247,0.96983767,0.49372908,0.4433656,0.32685828,-0.19549473,-0.02982702,0.5737918,0.9888537,2.2110505,-0.18413149,-0.026458222,0.73011184,0.40185985
TCGA-AB-2959,-0.059184473,-0.15750411,1.2401425,0.9318456,1.1470754,1.4400898,1.7365783,0.27414918,0.3036037,0.51901454,-0.24541734,0.9160955,-0.04730352,1.3552058,-0.100211136,-0.34194407,-0.2271628,-0.07518809,3.0218399,1.9284347,-0.04454025,-0.21402764,-0.4766254,1.743466,-0.30090055,-0.05787619,0.37873542,0.32752207,0.1751806,-0.035311457,0.62169033,1.2941751,0.63783205,0.56799877,0.13949353,0.6824708,-0.08507394,2.6521175,0.6356675,-0.18669496,0.1145102,2.0978916,3.464382,-0.20827799,-0.21175781,1.7213871,1.5592458,1.3807416,2.98518,-0.046439465,-0.11581677,0.41932264,0.62383306,0.49995637,0.6361566,-0.2453457,-0.03735354,0.7674701,1.7087818,2.68478,-0.27480716,-0.020606712,0.9183204,0.64658934
TCGA-AB-2963,-0.002717842,-0.1453907,0.9690533,0.40060252,0.32128415,0.79768926,1.1483166,0.0337166,0.89560676,0.05610477,-0.092377834,0.72863245,-0.010503591,1.0284412,-0.101497546,-0.24380986,-0.22081085,-0.030799512,2.1724086,1.1355774,-0.03332144,-0.080704205,-0.3042055,1.1129711,-0.12388288,-0.021567395,1.4489807,0.4788817,1.41754,-0.020136254,0.83495384,1.5094206,0.7479728,0.59742,0.34381124,1.1869692,-0.0077700475,1.8207747,0.49308366,-0.1239922,-0.02652426,0.41009226,2.3220677,-0.156593,-0.13529289,1.0176508,1.0487043,-0.002557813,1.3049881,-0.045708988,-0.048517667,1.0407398,-0.0058086286,0.3988281,0.45398813,-0.17332946,-0.025051279,0.958739,0.82212794,2.2536356,-0.19448906,-0.039464686,0.81202626,-0.002977558
TCGA-AB-2965,-0.010414799,-0.10558162,0.75517654,0.36581686,0.5383816,0.7972631,1.1245085,0.01761392,1.0364226,0.88803166,-0.075659834,0.38089663,-0.013111948,1.0475247,-0.075245015,-0.22905011,-0.15203725,0.29108462,1.6867397,1.0876411,-0.031203413,-0.08822152,-0.20901859,0.78366405,-0.107720785,-0.019473461,1.6181271,0.68238455,1.0115185,-0.01091368,0.6621732,1.2469702,0.5831847,0.6895034,0.040972747,0.9469295,-0.03421439,1.5788835,0.42264414,-0.05815157,-0.007880384,0.53764313,2.0565526,-0.13467604,-0.11739667,0.92752135,1.0966434,0.19208318,1.1512073,-0.019309506,-0.040669948,1.0168456,0.019770727,0.20736203,0.33608854,-0.10822934,-0.028871626,0.71869594,0.7593932,2.246751,-0.15514494,-0.028189514,0.8290961,0.17243682
TCGA-AB-2966,-0.054255057,-0.18562154,1.2528805,0.66878146,1.0713097,1.5772156,1.9449053,-0.0010915917,0.5994469,1.8158443,-0.23204637,0.79870784,-0.045050673,1.2388859,-0.13019133,-0.32560715,-0.24629343,-0.084870964,3.1890156,1.6874053,-0.022691702,-0.160372,-0.51096433,1.6684114,-0.32397935,-0.059544172,0.3786071,-0.004915972,0.050755426,-0.040415566,0.19215769,1.0382875,0.73102427,0.6388491,0.92977315,0.14123137,-0.09249415,2.3942983,0.8339077,-0.19344942,0.31237486,1.3664166,3.5409892,-0.21277626,-0.20032077,1.2753927,1.6069968,1.3526127,2.9361243,-0.0389105,-0.08775491,0.7990284,0.3328855,0.46372736,1.0130743,-0.28549653,-0.048238568,0.6965893,1.788298,2.5698004,-0.29266202,-0.03155404,1.2015941,1.358602
TCGA-AB-2970,-0.019272877,-0.11728863,0.9789739,0.7575316,0.90199155,1.1703665,1.3791685,0.41463283,0.74820966,1.0431957,-0.13925205,0.859701,-0.01725756,1.2048626,-0.0860186,-0.277638,-0.18248266,-0.03461688,2.3436017,1.4498643,-0.056224454,-0.15887763,-0.35023108,1.288078,-0.18750462,-0.040371947,1.0320295,0.31486857,0.5606116,-0.014299198,0.7764855,1.3574761,0.7274524,0.83820075,-0.009646211,0.759437,-0.03593367,2.3001065,0.56668454,-0.1174724,0.016176634,1.4406738,2.7534227,-0.16267687,-0.14237025,1.2335007,1.1487714,0.7914375,1.9571769,-0.008644065,-0.06434981,0.878779,0.7761069,0.5732896,0.5233011,-0.17546874,-0.011810258,0.78508824,1.4527881,2.291047,-0.20789693,-0.033654187,0.7321667,0.40111956
TCGA-AB-2971,-0.026619647,-0.18081471,0.7393741,0.70790046,0.75426185,1.2450856,1.7566559,0.55169284,0.41221488,0.4498113,-0.1530628,0.768107,-0.029478347,1.3233855,-0.10273184,-0.29499573,-0.22644268,-0.014130968,2.3400297,1.5167477,-0.02962426,-0.10239257,-0.38679004,0.8203939,-0.19393422,-0.032647446,0.5210744,0.50159216,0.8208132,-0.008644732,0.68256205,1.3991398,0.68792653,0.6823412,-0.06248817,1.0739627,-0.04536286,2.0513904,0.9025341,-0.14491765,-0.026687747,0.85722166,2.7324502,-0.16586213,-0.1894857,1.3471521,1.3774271,0.51590973,1.9984968,-0.038434904,-0.06653646,0.42330346,-0.0055246884,0.47314608,0.45443463,-0.20830683,-0.03409249,0.9053407,1.4768279,2.6023471,-0.1997009,-0.026382877,0.90550447,0.0085434355
TCGA-AB-2973,-0.04079315,-0.2049018,1.2281967,0.77309173,0.7615166,1.3421566,1.7958215,0.37047794,0.34595135,-0.017353145,-0.1760496,0.9542969,-0.03562581,1.1417663,-0.13340852,-0.32526076,-0.2477537,-0.06411086,2.7427604,1.7526195,-0.044714462,-0.14479943,-0.43952614,1.0846173,-0.23983763,-0.025571743,0.5991871,0.46039054,1.2543322,-0.017331917,0.7195418,1.6286774,0.7288625,0.831128,-0.02238848,1.2031614,-0.011153758,2.5305524,0.9609756,-0.15592746,-0.03826649,0.88457996,2.9785497,-0.19039866,-0.19991611,1.5433652,1.521606,0.65548235,2.1355653,-0.055912178,-0.08499163,0.71395373,-0.015692515,0.6035825,0.4752852,-0.27652565,-0.035519302,0.8492984,1.1171069,2.7799225,-0.26823992,-0.044198956,0.85479754,0.012081444
TCGA-AB-2976,-0.017864676,-0.16105805,0.93007946,0.3788353,0.49444184,0.98708636,1.2484856,0.08748431,0.9594236,0.3425873,-0.12107892,0.61160034,-0.019837858,1.2579839,-0.10999513,-0.2720793,-0.23559986,-0.03664022,2.1512077,1.4463025,-0.035039246,-0.120999396,-0.31807244,1.2104747,-0.14182182,-0.043769483,1.6840904,0.6133259,1.3993307,-0.026935473,0.8603201,1.5105498,0.70409435,0.7138934,0.3001418,1.1825105,-0.020946203,1.7456591,0.50445217,-0.12404233,0.14273813,0.57709336,2.4673288,-0.16218695,-0.14463247,1.3458049,1.3140398,0.28003767,1.5268602,-0.032050796,-0.065388985,1.1689914,0.08333987,0.46811432,0.32963648,-0.18136191,-0.038280975,0.77909535,1.0462296,2.3987224,-0.2078199,-0.050498296,0.68213767,-0.018702272
TCGA-AB-2977,-0.04906671,-0.23992293,1.2527573,0.95671993,1.1011133,1.6432354,2.0545948,0.7399147,0.0748921,0.22103374,-0.20277487,0.8977945,-0.023754211,1.3292712,-0.14264886,-0.38258293,-0.25325435,-0.10263538,3.2614295,2.0488193,-0.038348958,-0.18465734,-0.5914834,1.5947633,-0.32269952,-0.031673394,-0.0064894557,0.13311595,1.0419213,-0.037865866,0.816581,1.5892003,0.7276043,1.0844175,0.077729486,1.2391583,-0.030977134,3.0275621,1.0778537,-0.20648205,-0.023582203,1.345558,3.704754,-0.22219832,-0.23595743,1.5916921,1.6085355,1.0630224,2.8450363,-0.033082653,-0.12915458,0.3215179,0.27810934,0.5719099,0.84776324,-0.36969846,-0.020142449,0.8880882,1.6334708,2.8667233,-0.3343006,-0.036123086,0.6758767,0.17311856
TCGA-AB-2979,-0.03439162,-0.18971112,1.1275444,0.9216533,0.64445764,1.4261621,1.5338476,-0.005779628,0.3185839,1.5629467,-0.17083392,0.28369176,-0.05619772,0.83745366,-0.082489245,-0.25991255,-0.1844018,-0.22922337,2.804577,0.9503942,0.18968906,-0.13042094,-0.5591952,1.4993966,-0.2500151,-0.01299475,-0.11424128,0.3236696,0.102166325,-0.033793353,0.029756108,0.8549436,0.12668954,0.5782509,1.0773493,0.49066803,0.062743485,1.8783007,0.73394805,-0.19702728,0.60476315,0.35524136,1.8267223,-0.13775812,-0.13671677,0.8254105,0.7549421,1.8370699,2.5691972,-0.05160579,-0.039609943,0.4271957,0.07254498,0.25178027,0.9705441,-0.31357443,-0.03571167,0.05288841,0.19056484,1.5807395,-0.25051162,-0.02811849,0.4603733,0.3802285
TCGA-AB-2980,-0.026216654,-0.17361607,0.73249316,0.53682154,0.2013433,1.1263064,1.23703,0.9067642,0.29935074,0.51585996,-0.14062063,0.37347925,-0.02072864,0.91905653,-0.097518526,-0.18697977,-0.18372178,-0.13909642,2.013235,0.787059,0.2048903,-0.05802525,-0.38697514,0.93663335,-0.20442088,-0.025423015,-0.052823246,0.43388116,0.13855757,-0.034034323,-0.016385386,0.67520964,0.31147996,0.30789304,0.8422834,0.33641517,0.07709177,1.4285643,0.21224877,-0.16019559,-0.03512139,0.49369547,1.7409819,-0.09755387,-0.114176154,0.94090956,0.7945035,1.0724409,1.9032359,-0.035546374,-0.037739955,0.0746675,-0.0091125285,0.4623819,0.6444756,-0.19106828,-0.011857462,0.2731911,0.41188756,1.3708519,-0.19388464,-0.027075073,0.30574006,0.122815415
TCGA-AB-2981,0.20827574,-0.10104313,0.60257214,0.3664994,0.3682753,0.6850622,0.8121793,-0.00063218886,1.2974446,0.8555302,-0.056915727,0.34813827,0.055856764,1.0208551,-0.06997194,-0.19943032,-0.18103234,-0.012194415,1.4252739,0.6625586,-0.014629744,-0.08439805,-0.19959845,0.6614632,-0.088772565,-0.021884577,1.5399204,0.61206305,0.9346629,-0.017437715,0.4908344,1.1180464,0.6182117,0.63109213,0.20598684,0.85531026,-0.033653565,1.2596061,0.13599575,-0.06061523,-0.010094423,0.47803473,1.6847806,-0.11980698,-0.111627795,0.8913086,1.0175577,-0.013373153,0.92676866,-0.023487944,-0.03831571,0.98412836,0.09470859,0.1538653,0.42038792,-0.09534377,-0.030535927,0.79567224,0.73599076,1.8466775,-0.14032783,-0.03678028,0.56488657,0.0412351
TCGA-AB-2983,-0.037704617,-0.11047609,1.0843761,0.8190385,1.00752,1.2152195,1.425204,0.08843216,0.6240616,1.0227888,-0.15722898,0.86147505,-0.034161907,1.1331744,-0.064046666,-0.30897397,-0.20277587,-0.009138747,2.3781772,1.5441451,-0.05124534,-0.16643275,-0.3523026,1.133987,-0.19563752,-0.038872913,1.1815338,0.38430452,0.7619651,-0.027532002,0.64328104,1.4719397,0.7359033,0.76460993,-0.0005887756,0.8575677,-0.057026483,2.2554595,0.75001836,-0.12604643,0.22605792,1.6017104,2.9562225,-0.16275954,-0.18789385,1.3294127,1.2594883,0.92206573,2.17233,-0.022410432,-0.090101846,0.67448187,0.6971542,0.5818322,0.31847528,-0.19186777,-0.042123493,0.87890255,1.5580108,2.5026062,-0.21260093,-0.039113943,0.7318244,0.4624444
TCGA-AB-2984,-0.06371554,-0.2990799,1.4554667,0.930559,0.8418767,1.7126926,2.0985394,1.0562433,-0.025910461,-0.021635182,-0.26316825,0.88243115,-0.032567423,1.3005056,-0.16266869,-0.34155104,-0.30579546,-0.15151368,3.4020572,1.8616883,-0.024560459,-0.14264457,-0.653028,1.5468223,-0.3537341,-0.025278404,-0.06135557,0.2690727,1.2638704,-0.03400391,0.6021262,1.5371515,0.76779056,1.0590974,0.078518085,1.269848,-0.013704804,2.9076798,0.7734224,-0.23163593,-0.040833563,0.88118047,3.5240948,-0.21675792,-0.24549423,1.9032253,1.6707562,1.2883222,2.9413855,-0.06635603,-0.12037343,-0.009974016,-0.01473731,0.8252439,0.71972823,-0.41526482,-0.046511278,0.85107183,1.4348881,2.963249,-0.33320403,-0.044508375,0.83926064,0.11126998
TCGA-AB-2986,-0.03448185,-0.16846393,1.0387255,0.4872911,0.30056706,0.9517695,1.5024234,0.1630327,0.9477498,0.049388953,-0.15353703,0.60017323,-0.030619716,1.2132716,-0.11337822,-0.26883885,-0.26064208,-0.09626364,2.303987,1.2573051,-0.029980376,-0.10576222,-0.37638158,1.2014891,-0.17336673,-0.016770722,1.4386886,0.35345036,1.4904575,-0.024241827,0.6583646,1.5584736,0.7696003,0.9305476,0.4660047,1.079347,-0.010009396,1.9154598,0.50590354,-0.13327958,-0.017933745,0.1191724,2.5263627,-0.16944124,-0.15081538,1.3344157,1.3649718,0.3065912,1.390192,-0.055022627,-0.041145485,1.1545064,0.05289658,0.52786565,0.4880534,-0.20514154,-0.029882321,0.8447104,0.77397686,2.4358852,-0.2307308,-0.046541102,0.98793745,0.111315936
TCGA-AB-2987,-0.015979817,-0.10371236,0.6909012,0.7037628,0.6613231,0.99317795,1.0935297,0.14083295,0.51876706,1.030472,-0.10575707,0.6304801,-0.02534539,1.0606604,-0.07696711,-0.2516615,-0.16183752,0.06643328,1.8030701,1.3741729,-0.043529134,-0.12838605,-0.26652142,0.96115124,-0.15718147,-0.036478236,1.1277657,0.3884522,0.3926532,0.12038638,0.57772917,1.2167447,0.7317208,0.65175736,-0.015522922,0.63035697,-0.07009554,1.6746747,0.38003826,-0.092834,-0.010765999,1.2451863,2.2323303,-0.13699886,-0.14780825,1.0058042,1.1102054,0.27273518,1.6228251,-0.017887175,-0.047542226,0.7261115,0.27398974,0.36364943,-0.0020363939,-0.14997432,-0.018599609,0.75176406,0.8642113,2.0999565,-0.17298813,-0.02022765,0.77624416,0.4482439
TCGA-AB-2988,0.008196592,-0.12949426,0.8837946,0.52180886,0.9772111,1.0070922,1.2305295,0.09798609,0.8747582,0.72528046,-0.115194656,0.7101821,-0.02366101,1.1835591,-0.10331322,-0.26486966,-0.1833161,0.023068983,2.0398226,1.3533736,-0.05023579,-0.13512091,-0.27249417,1.0689471,-0.15473352,-0.0282481,1.477736,0.4823681,1.2405525,-0.020184308,0.822197,1.4018772,0.98421156,0.85921687,-0.019498615,1.0830323,-0.069740854,1.9526494,0.5597438,-0.09566925,-0.021192973,0.87369627,2.7357843,-0.16610391,-0.17481089,1.1441413,1.3413067,0.063711554,1.3872725,-0.052245207,-0.061273843,1.0586122,0.37038454,0.49887335,0.21894182,-0.1543526,-0.032058723,1.1656595,1.098319,2.2537165,-0.1940301,-0.03291524,1.0325302,0.26031643
TCGA-AB-2990,-0.047908675,-0.281801,1.1655735,0.749251,0.6596766,1.586996,2.2067633,0.79373366,0.043854747,-0.0005288476,-0.22753859,0.8812545,-0.030132402,1.1750392,-0.16273971,-0.32689542,-0.30799937,-0.13104813,3.1709416,1.6261352,-0.00023110471,-0.13440464,-0.60494363,1.3351895,-0.33137125,-0.022364583,-0.030212639,0.2631131,1.3554294,-0.04036234,0.6681276,1.6464106,0.8057083,1.0659062,-0.00046149438,1.3781593,-0.010976486,2.5818794,0.91497064,-0.1997699,-0.058275927,0.6673961,3.2685335,-0.21122913,-0.22446854,1.8081429,1.6424534,0.8185632,2.537046,-0.0704497,-0.096545614,0.33735484,-0.042799253,0.6066647,0.81483775,-0.38155136,-0.048168674,0.6686535,1.2003323,2.9293537,-0.3121529,-0.058043074,0.8750518,0.3266519
TCGA-AB-2991,-0.04956683,-0.25335604,0.80933034,0.42712465,0.041957706,1.2736635,1.4240826,1.3415703,-0.00050091336,0.18162325,-0.14853945,0.09495363,-0.03020675,0.84060526,-0.118697956,-0.17907849,-0.26538196,-0.34511802,2.6186652,0.3680359,0.64479995,-0.03436641,-0.6162693,1.1546476,-0.25996923,-0.035492994,-0.18543163,-0.0072851614,0.21056932,-0.05552092,-0.038800728,0.3963009,0.17063105,0.4324902,1.6166685,0.007459308,0.42964646,1.3611686,0.01960741,-0.2430224,-0.01504156,-0.05101636,1.4629338,-0.11524798,-0.09670126,0.8319364,0.5819749,1.566366,2.3024616,-0.026694229,-0.04212412,-0.027960021,-0.009598033,0.40850028,1.5294212,-0.32031897,-0.01687066,-0.02583803,0.066635326,1.1969059,-0.24570091,-0.01195323,-0.02030388,0.0019990243
TCGA-AB-2992,-0.03953014,-0.18450408,1.2011191,0.831449,1.0276493,1.448704,1.5701816,0.4161537,-0.00096351467,0.45313388,-0.2064991,1.0119207,-0.028055383,1.2391678,-0.11958962,-0.30496296,-0.19841076,0.11533187,2.5603693,1.9190693,-0.018288083,-0.1460993,-0.39790606,1.5320244,-0.25163198,-0.03808062,0.32413247,0.55517197,0.638516,-0.01280298,0.60401887,1.1612171,0.58721095,0.6247514,-0.011042057,1.0068351,-0.043981936,2.4962919,0.71742815,-0.16571952,-0.040551312,1.9376506,3.398075,-0.18403473,-0.22375868,1.5143278,1.6104182,0.8362795,2.3734937,-0.045526896,-0.09499503,0.103211924,0.25505018,0.60925657,0.20982812,-0.25641295,-0.045280624,1.019206,1.5446041,2.5568566,-0.2651852,-0.03297594,0.876492,0.29607454
TCGA-AB-2995,-0.014905574,-0.10209244,0.8079742,0.7064043,0.86360687,1.2218148,1.186625,0.24043296,0.56134284,1.3050884,-0.13504301,0.5700094,-0.015699986,1.1229792,-0.078865334,-0.24824841,-0.13950805,0.43084243,1.7933028,1.5006632,-0.045668863,-0.12068907,-0.26315004,1.0373297,-0.15818067,-0.036731716,0.78438216,0.57975197,0.2459212,-0.0071198265,0.37598073,1.1002669,0.7452142,0.53720737,-0.004462365,0.71424,-0.062248945,1.8128115,0.41596386,-0.091927126,-0.016377544,1.564474,2.4658763,-0.13938282,-0.15767813,1.107622,1.1688088,0.51417834,1.6365895,-0.018975984,-0.073898196,0.4100908,0.37751222,0.39075688,0.106650494,-0.13912211,-0.023492055,0.74527204,1.3225217,1.9142965,-0.20094526,-0.010102918,0.67166334,0.4063952
TCGA-AB-2996,-0.04259345,-0.13375817,0.9498906,0.81187433,0.8627682,1.4681494,1.3476248,0.2919646,0.7327685,1.2905469,-0.15565048,0.7101705,-0.011543647,1.2820483,-0.0950372,-0.28632498,-0.1540265,0.37474084,2.204796,1.7026604,-0.045493376,-0.14498883,-0.33114982,1.2502785,-0.2057546,-0.036388658,0.6247642,0.47006938,0.36894563,-0.040459566,0.46208438,1.1463522,0.527686,0.4872934,-0.027954152,0.856317,-0.046520658,2.1057503,0.40101904,-0.12789905,-0.018043745,1.7423271,2.717346,-0.15251523,-0.16907175,1.4005158,1.6692384,0.92444015,2.2287185,-0.026279151,-0.10429757,0.21001402,0.017473519,0.41277176,0.3824123,-0.14420277,-0.027948374,0.88724166,1.4677875,2.2038457,-0.2444686,-0.017915774,0.6774134,0.38212857
TCGA-AB-2998,-0.04499066,-0.2603502,0.86797917,0.53737456,0.073969066,1.2405957,1.217683,1.7233446,-0.0043238606,0.46097103,-0.16911145,0.0058696233,-0.03910702,0.9869009,-0.10438036,-0.14625819,-0.2593666,-0.32253656,2.465491,0.23220085,0.5070477,-0.028613446,-0.5733486,1.0028336,-0.24986441,0.08666812,-0.18880235,-0.0013252374,0.17699593,-0.05817622,-0.04065633,0.3958646,0.13954954,0.28985775,1.2682294,0.04265967,0.36865774,0.98670065,-0.014929167,-0.21626607,-0.019500906,-0.054570496,1.2034838,-0.08614699,-0.09662079,0.55196905,0.40562156,1.4879441,2.118812,-0.041894358,-0.012546486,-0.019890862,-0.0218385,0.4862788,1.3465679,-0.28162912,-0.02362859,-0.008021909,-0.0026902885,1.262829,-0.21050194,-0.025708366,-0.0064656967,-0.016158435
TCGA-AB-2999,-0.06208054,-0.24821496,0.7759888,0.53736025,0.04010267,1.2005881,1.2397821,1.7432047,0.038801163,0.1030608,-0.14894398,0.050376948,-0.020465918,0.8994386,-0.11945768,-0.18174002,-0.26015675,-0.30418545,2.4831636,0.4002608,0.712456,-0.024158958,-0.5699315,1.0520079,-0.2515607,-0.018844578,-0.15855388,0.18707459,0.057856627,-0.0349154,-0.04590403,0.38898382,-0.009831559,0.23519506,1.2622901,-0.006813989,0.2763788,1.1047597,-0.015562737,-0.21762346,-0.041178282,-0.03267637,1.4624612,-0.11539842,-0.09492525,0.75918466,0.5051155,1.381426,2.2563858,-0.031286817,-0.04327063,-0.022572206,-0.023136554,0.41392314,1.513962,-0.31049263,-0.029707594,-0.013033034,0.018120006,1.1509476,-0.219538,-0.034544174,-0.005119048,-0.029822374
TCGA-AB-3000,-0.03572933,-0.24730432,1.4043504,1.192634,0.7418997,1.7324566,1.7470472,0.11777424,0.2352671,1.541689,-0.21002825,0.24581376,-0.07417988,1.0396856,-0.12725161,-0.3105124,-0.23354816,-0.29578146,3.278311,1.0975583,0.5646482,-0.12933065,-0.6700543,1.5706993,-0.3088642,0.03648756,-0.15172683,0.06195279,-0.007225383,-0.05701502,0.23333743,1.039845,0.21495226,0.80166245,1.2796304,0.6017453,-0.017063186,2.223497,0.9619397,-0.24810229,0.5152302,-0.00097538903,2.1259906,-0.17821194,-0.14117914,0.9841414,0.5802867,2.2499394,2.8528843,-0.048210632,-0.051958688,0.5225927,0.18466341,0.21178614,1.6134255,-0.37755755,-0.032929502,-0.0010146009,0.34649897,2.2426658,-0.27565542,-0.05772083,0.39526868,0.5188887
TCGA-AB-3001,-0.04297791,-0.23140197,0.84631914,0.5219487,0.18928134,1.2527621,1.4273294,1.1125292,-0.005387129,0.24572296,-0.1457868,0.26170594,-0.03159905,0.8429438,-0.11290958,-0.20328704,-0.2546037,-0.27115887,2.4444153,0.5286866,0.44899616,-0.061759975,-0.57349575,1.2925498,-0.25449753,-0.038795564,-0.11161156,-0.011416557,0.20342845,-0.03772898,-0.0051089227,0.6012175,0.18872423,0.39617333,1.12648,0.1035555,0.2050171,1.4960175,0.28641793,-0.22189263,-0.015719712,-0.0073098554,1.7570479,-0.13976626,-0.10536995,0.88867104,0.6102132,1.2625369,2.3826365,-0.03431126,-0.04302993,0.16448908,0.14251229,0.38889185,1.2773094,-0.32399815,-0.016923418,-0.002300861,0.41961968,1.356764,-0.2337489,-0.030158147,0.074783415,0.12000999
TCGA-AB-3002,-0.025750315,-0.1742767,1.1276343,0.93869907,1.1582487,1.6289994,1.8624609,0.32454577,0.3323743,0.6779644,-0.22322027,0.8766376,-0.048969787,1.4672223,-0.11324338,-0.36896345,-0.22621393,-0.10098138,3.0765944,1.9930716,-0.015914384,-0.20588386,-0.5011516,1.861912,-0.296413,-0.04152193,0.16353855,0.31298435,0.19364206,-0.03161877,0.5873578,1.0893836,0.51970065,0.5762062,0.20867181,0.7282926,-0.06578637,2.7895968,0.69124836,-0.19447355,-0.020368556,1.992759,3.581282,-0.20634015,-0.21337882,1.6174452,1.6213782,1.4953582,2.942713,-0.029898051,-0.11942326,0.52348816,0.7386057,0.5529749,0.6223282,-0.25848642,-0.042403273,0.9669264,1.7097819,2.7910671,-0.2992321,-0.027272595,1.0012671,0.53294384
TCGA-AB-3007,-0.06126987,-0.26296207,0.87836814,0.46985444,0.10801941,1.3103194,1.4273648,1.5217398,-0.010107185,0.34878394,-0.16853695,0.087875575,-0.019553471,0.82293534,-0.12018099,-0.1871686,-0.27885076,-0.34378332,2.7368572,0.37444663,0.54048115,-0.051385947,-0.63713104,1.3760204,-0.2765463,-0.0330527,-0.16928987,-0.011342852,0.2572227,-0.042319916,-0.023393035,0.5248332,0.029308418,0.42036417,1.3407446,0.08145048,0.2380399,1.3938562,-0.0004506357,-0.24162264,-0.014669604,-0.031442817,1.4721842,-0.12619345,-0.10572568,1.037699,0.5528297,1.4166815,2.5483017,-0.03881835,-0.036167882,-0.01393754,0.08709708,0.4225498,1.5416238,-0.35340548,-0.02829804,-0.01906271,0.008170791,1.2364645,-0.23606944,-0.019118061,-0.004015504,-0.007844749
TCGA-AB-3008,-0.03549059,-0.2369364,1.6307667,1.0641438,0.71785355,1.7270005,1.8051305,0.020255331,0.17560127,1.3226557,-0.20449904,0.37248427,-0.051115382,0.9855255,-0.10595172,-0.2945821,-0.20314376,-0.2949024,3.2373784,1.1281667,0.23162435,-0.13665012,-0.64620465,1.8813565,-0.2893987,0.1842366,-0.106075644,-0.0038429906,0.1543984,-0.026473364,0.22182818,1.0687716,0.1653846,0.69674754,1.1288902,0.34782726,-0.012622413,2.3008535,0.90066606,-0.24456036,0.49188498,0.16546747,2.1568377,-0.17133571,-0.14227916,1.0195062,0.8154988,1.920358,2.7760038,-0.04579292,-0.06355332,0.63027656,0.10784444,0.23855679,1.1773009,-0.39287186,-0.014808438,-0.02556084,0.4098287,1.6733114,-0.30547228,-0.05396969,0.54007185,0.46109194
TCGA-AB-3009,-0.054753542,-0.19045702,1.0723002,0.74155974,1.0448416,1.4954497,1.6556971,0.050375205,0.7996821,1.8302993,-0.17544976,0.19098176,0.14798951,1.1035657,-0.097080745,-0.28501436,-0.26016137,-0.2412114,3.4843676,0.8014958,0.16467407,-0.14317091,-0.61908567,1.6664302,-0.2902478,-0.03372809,-0.05014768,-0.039062843,0.28163114,-0.035996854,0.82400984,0.5987286,0.102415256,1.0453122,-0.0016862641,0.2928524,-0.03332327,2.2807863,0.7434398,-0.20366307,0.34935632,0.3311643,2.629103,-0.22912323,-0.10439148,1.0947323,1.0235292,1.453996,3.4140928,-0.08639447,-0.025853693,0.9891092,0.80027306,0.21775216,2.2066007,-0.29821432,-0.032160383,0.07435395,1.9328237,2.4024181,-0.29265785,-0.04336221,0.5397214,0.5147202
TCGA-AB-3011,-0.04930749,-0.15936248,0.7904242,0.35865444,0.21135177,0.9627982,1.2375014,0.17180856,0.8919614,-0.0053325677,-0.12436099,0.45110002,-0.01035469,1.010373,-0.09301905,-0.20768137,-0.25279602,-0.09409222,1.7736479,0.7494362,-0.02398364,-0.08346373,-0.32571974,0.8700826,-0.1551408,-0.01624334,1.0584112,0.4729084,1.0938486,-0.015183935,0.6186567,1.1238022,0.53017545,0.8030157,0.32877645,0.89127284,0.065974705,1.5261345,0.3842687,-0.12742169,-0.010711128,-0.021102944,1.7586668,-0.14886941,-0.113743976,1.1743178,0.92823464,0.26376936,1.3230693,-0.044157308,-0.044510692,1.0770004,-0.0023751028,0.38349664,0.8003563,-0.17901586,-0.028705854,0.55966544,0.5581709,2.072422,-0.17611775,-0.060830843,0.660902,0.018869463
TCGA-AB-3012,-0.05894954,-0.27024552,0.87986434,0.4560784,0.020992588,1.2230314,1.2761676,1.6879002,-0.013707596,0.042863123,-0.15319042,0.025354382,-0.031162903,0.6940941,-0.116636895,-0.16867843,-0.2718587,-0.39566323,2.5399306,0.1548843,0.81580746,-0.02720187,-0.64426404,1.2455194,-0.27610493,-0.030812824,-0.21027711,-0.016163629,0.14021972,-0.047728594,-0.036360703,0.3160083,-0.006831333,0.31995982,1.7158808,-0.0090377135,0.52788365,1.1414703,-0.0041393647,-0.2492162,-0.012017655,-0.06885046,1.3016013,-0.12792753,-0.09010124,0.8523558,0.5329417,1.4820036,2.441483,-0.025828037,-0.029229647,-0.030290652,-0.017653521,0.3544068,1.6900892,-0.34868425,-0.012276406,-0.040751584,-0.0026357167,0.946093,-0.22669768,-0.031075621,-0.02600499,-0.00029976704
