,priv_meth_0,priv_meth_1,priv_meth_2,priv_meth_3,priv_meth_4,priv_meth_5,priv_meth_6,priv_meth_7,priv_meth_8,priv_meth_9,priv_meth_10,priv_meth_11,priv_meth_12,priv_meth_13,priv_meth_14,priv_meth_15,priv_meth_16,priv_meth_17,priv_meth_18,priv_meth_19,priv_meth_20,priv_meth_21,priv_meth_22,priv_meth_23,priv_meth_24,priv_meth_25,priv_meth_26,priv_meth_27,priv_meth_28,priv_meth_29,priv_meth_30,priv_meth_31,priv_meth_32,priv_meth_33,priv_meth_34,priv_meth_35,priv_meth_36,priv_meth_37,priv_meth_38,priv_meth_39,priv_meth_40,priv_meth_41,priv_meth_42,priv_meth_43,priv_meth_44,priv_meth_45,priv_meth_46,priv_meth_47,priv_meth_48,priv_meth_49,priv_meth_50,priv_meth_51,priv_meth_52,priv_meth_53,priv_meth_54,priv_meth_55,priv_meth_56,priv_meth_57,priv_meth_58,priv_meth_59,priv_meth_60,priv_meth_61,priv_meth_62,priv_meth_63
TARGET-10-PANSHK,0.3483488,-0.19027202,-0.08997633,0.9267748,-0.0012666084,0.5206198,0.4801534,0.68009996,0.12933236,-0.021072393,-0.026119182,1.250808,-0.22390257,-0.06985627,-0.2515637,-0.0010370782,0.82938784,0.7688196,0.13443533,0.34798446,0.2527709,0.25939468,-0.26997575,0.10893622,-0.08813409,-0.06588324,0.10049613,1.7597742,-0.38182217,-0.08185134,-0.18268226,-0.036347378,-0.04057097,-0.1336674,0.32936183,-0.11699784,1.2166073,-0.07294996,0.41613346,0.24514204,0.33536503,-0.3498809,0.3685196,0.43062064,0.26286414,-0.177523,-0.15803674,0.03206072,1.3339943,1.5810937,0.65601635,-0.2578979,1.4676138,1.607325,0.31207427,-0.28739098,0.15971786,-0.074080035,1.2335718,0.38227087,-0.010314683,1.2243259,-0.014412286,0.54099816
TARGET-10-PANTSM,0.3965845,-0.20155442,-0.049219836,0.9466252,0.24467596,0.36952913,0.5767964,0.7580521,-0.016452093,-0.023179723,-0.022648314,1.339988,-0.22339809,-0.09085912,-0.24610023,-0.011109459,0.5593584,1.0070844,0.09754826,0.3679315,0.18644898,0.3301447,-0.25015754,0.13424622,-0.11693164,-0.060163092,0.054852646,1.5778968,-0.37701517,-0.08974805,-0.17632903,-0.049372222,-0.039070345,-0.15468109,0.5326549,-0.13165246,1.1409227,-0.07830209,0.1999499,0.30867413,0.48970553,-0.34355018,0.5480755,0.39732876,0.22973347,-0.16662353,-0.14087528,0.4377006,1.3169008,1.255255,0.45323107,-0.25599417,1.2284999,1.6832653,0.3664522,-0.28751668,0.07290991,-0.029254904,1.5078853,0.17714085,-0.024928417,1.2605863,-0.013303528,0.40383106
TARGET-10-PANUHA,0.2789488,-0.20992759,-0.059980124,1.0160879,0.07251982,0.568653,0.47537667,0.7646744,0.17951702,-0.025016634,-0.015124722,1.1483691,-0.25834092,-0.08424193,-0.24020612,0.061846532,1.0154616,0.96213436,0.290755,0.45394155,0.1727598,0.1716908,-0.24683057,0.28803393,-0.08708454,-0.074566066,0.09715973,1.8588479,-0.40219387,-0.07883538,-0.18262695,-0.03208158,-0.054524254,-0.13206005,0.37446743,-0.131624,1.0086671,-0.07848621,0.34202886,0.47326046,0.39792094,-0.35136804,0.40536705,0.27229905,0.2558964,-0.1856365,-0.14931527,0.10821643,1.2507356,1.1029953,0.62769735,-0.2620791,1.3821008,1.8726717,0.02055603,-0.30303535,0.0834081,-0.06894379,1.5429057,0.49512148,-0.015286349,1.4233077,-0.0037859255,0.38141042
TARGET-10-PANUSN,0.23109809,-0.20437847,-0.021850182,0.68792534,0.16148609,0.23750211,0.38600042,0.62464064,-0.016096646,-0.04698215,-0.032277536,0.7768543,-0.21995871,-0.08303419,-0.2025831,-0.0039110235,0.67871344,1.0322878,0.1427089,0.2725706,0.24428238,0.17512453,-0.22546871,0.44405687,-0.08940015,-0.054427635,-0.0039514625,1.4051926,-0.3838565,-0.051774185,-0.15146396,-0.031526532,-0.036686625,-0.1193962,0.42638373,-0.092376664,0.8214099,-0.06496887,0.43429095,0.045879498,0.11308049,-0.339852,0.33412334,0.51963544,0.19486202,-0.15351254,-0.09309606,0.06468279,1.1774251,0.761978,0.42468625,-0.24745063,1.220278,1.5741911,0.08641965,-0.22665289,-0.0017286096,-0.041771363,1.4563723,0.17027771,-0.039821427,1.1937087,0.15578541,0.43792194
TARGET-10-PANWHJ,0.31652683,-0.20259154,-0.04535627,1.2260294,0.023214094,0.42450124,0.20887035,0.625321,0.0125057325,-0.0343123,0.3226094,1.1001663,-0.25680262,-0.08106714,-0.2522825,-0.003878607,0.99589753,1.0095841,-0.0019513535,0.55753547,0.19013436,0.10764733,-0.27163577,0.13578376,-0.1179819,-0.04655705,0.352164,1.6792507,-0.39586204,-0.05671355,-0.1904268,-0.037235823,-0.04325018,-0.13560183,0.33780545,-0.11373576,1.080753,-0.04920097,0.49705178,0.6477386,0.28817254,-0.37646767,0.5934909,0.47709247,0.16233902,-0.1880567,-0.13061152,0.07171309,1.4645574,1.3585795,0.790686,-0.2664394,1.3846356,1.7950811,0.14054133,-0.3276276,0.16569349,-0.040725198,1.6004157,0.42094505,-0.009504713,1.205888,0.073369965,0.5003117
TARGET-10-PANWYH,0.44579864,-0.17337744,-0.04672575,0.77238077,0.06264383,0.5375447,0.4656981,0.8505686,0.15923648,0.064942405,-0.018996583,1.0294714,-0.2110049,-0.063258834,-0.22842832,-0.009990599,0.7579175,0.83877885,0.14993137,0.19283001,0.3071182,0.2684317,-0.22646558,0.0271141,-0.10192565,-0.04301109,0.1317831,1.6138344,-0.3638866,-0.073199525,-0.16098179,-0.023321178,-0.021887345,-0.12563966,0.36822683,-0.12661305,1.0632639,-0.04838829,0.10420349,0.45678934,0.33523113,-0.3418396,0.666891,0.21974528,0.40174603,-0.16656105,-0.13344777,0.3871731,1.206209,1.5386342,0.49730355,-0.23796876,1.1248134,1.4242663,0.09446471,-0.2743492,0.19406787,-0.047516767,1.3555821,0.43991303,-0.010237576,1.363476,0.0013452601,0.49386466
TARGET-10-PANXPE,0.3813505,-0.20668314,-0.055573802,1.3548908,-0.030732686,0.5077455,0.31466484,0.8595963,0.4230133,-0.01636244,0.24668022,1.0352938,-0.28514555,-0.08076899,-0.25435278,-0.006954865,1.1071432,1.048004,0.03193533,0.44704401,0.1700247,0.04356654,-0.2589416,0.09668359,-0.117710374,-0.054430652,0.2584787,1.4987538,-0.4417418,-0.05477011,-0.19041853,-0.046380114,-0.0788495,-0.15474175,0.3320754,-0.11415001,1.175487,-0.10585105,0.41852874,0.8554468,0.31416813,-0.39152494,0.43035498,0.53673464,0.25476912,-0.2035095,-0.12495096,0.17252381,1.3653532,1.5135684,1.0371794,-0.2720066,1.3681766,1.9408954,-0.015844388,-0.36547324,0.089483246,-0.041476067,1.39943,0.31559235,-0.01121325,1.7065479,0.0132428985,0.7104233
TARGET-10-PANYGB,0.31114224,-0.19063653,-0.070535436,0.9173654,0.016502485,0.35592708,0.61310375,1.0273546,-0.02275675,0.01991027,-0.008051208,1.4233205,-0.2763202,-0.0738386,-0.23340766,0.023294488,0.8821483,1.2613647,0.014085752,0.4585923,0.5170545,0.08036767,-0.25719476,0.5060257,-0.07041098,-0.07554726,0.05847257,1.5761907,-0.43382993,-0.08314969,-0.18392567,-0.043473355,-0.01893483,-0.14612418,0.13602717,-0.12807418,0.9957313,-0.044623993,0.07725836,0.40759683,0.1732129,-0.4005537,0.32135352,0.7091746,0.49001554,-0.20107655,-0.12689921,0.45994335,1.2986642,1.438442,0.7834523,-0.28388754,1.5401871,1.7331408,-0.006906496,-0.32326302,0.17547414,-0.04568955,1.6237931,0.37259734,0.025863241,1.4327165,-0.01993605,0.4771628
TARGET-10-PANYZE,0.2974697,-0.18061973,-0.03299776,0.98078144,-0.033665963,0.19550374,0.36346468,0.66931295,0.13962044,0.009240679,0.16294676,1.1824706,-0.25791284,-0.05996951,-0.22413126,0.13290387,0.99756813,1.1397736,0.08562562,0.2780588,0.2043877,0.053243876,-0.2550834,0.25427964,-0.100623764,-0.045126256,0.1333147,1.5092982,-0.38877282,-0.06317071,-0.1886137,-0.04683888,-0.027025813,-0.14177908,0.2045845,-0.13114323,1.0665481,-0.05946452,0.18834451,0.6178024,0.21405666,-0.34999225,0.5126274,0.36873996,0.37367293,-0.17242594,-0.140797,0.18233776,1.3430742,1.4498155,0.6375053,-0.2547125,1.3437864,1.7875534,0.17477588,-0.3172192,0.3894851,-0.04960889,1.2041736,0.25254494,-0.01682304,1.4351186,-0.0131243905,0.6712635
TARGET-10-PAPAGK,0.26841977,-0.19042328,-0.017098758,0.7866974,0.052938186,0.26869524,0.5075867,0.8118641,0.17603953,-0.038593486,0.005101677,1.1314367,-0.26023862,-0.092861734,-0.24128881,-0.018019047,0.7253379,1.0358665,-0.0005757864,0.19028246,0.27570924,-0.0019849224,-0.21770163,0.14330414,-0.08012702,-0.07289814,-0.020713381,1.5002981,-0.3866345,-0.07511764,-0.15156516,-0.036708064,-0.03557471,-0.13705884,0.48616767,-0.13941322,0.88465244,-0.0528873,0.39134362,0.18876171,0.3259949,-0.34835452,0.2469996,0.58501256,0.16464598,-0.17838491,-0.11545366,0.35200214,1.2928417,1.2385439,0.48503536,-0.26095435,1.2562401,1.7007658,-0.013737589,-0.29037353,-0.0056475517,-0.026023293,1.3126609,0.31263375,-0.05602708,1.2884748,-0.009912513,0.63761085
TARGET-10-PAPAIZ,0.42014048,-0.1955855,-0.0125742555,1.2219896,-0.0042138076,0.62021756,0.37995347,0.56307775,0.16042137,-0.027733391,0.37372202,1.0846304,-0.27547947,-0.07829772,-0.25945884,0.070829205,1.1392089,1.1803141,0.17608005,0.38114595,0.41459936,-0.012860249,-0.23929374,0.215642,-0.101364866,-0.024893729,0.18653782,1.5592525,-0.4298153,-0.06424373,-0.1941766,-0.0381683,-0.024623988,-0.1388617,0.27741444,-0.13529174,1.1457489,-0.052374106,0.29956546,0.6302053,0.16260464,-0.4177299,0.81752723,0.25393942,0.101038665,-0.18270193,-0.13124807,0.23078261,1.1116635,1.1894764,0.71648175,-0.2602423,1.5037134,1.7005448,0.0095832255,-0.36687753,0.22854641,-0.05554959,1.4420958,0.07396722,-0.00048978813,1.4853842,-0.013103212,0.66084963
TARGET-10-PAPBSY,0.15647557,-0.19192836,-0.0565599,0.86014956,0.24769756,0.15602307,0.536608,0.85000664,-0.016143823,-0.025505487,-0.016069246,1.4808117,-0.25841814,-0.08997231,-0.26428926,0.13275473,0.85600066,1.0488819,0.16518694,0.3709881,0.2903082,0.28169778,-0.2639254,0.27713993,-0.08124423,-0.06296375,-0.012354807,1.7126272,-0.42126748,-0.09469258,-0.17379005,-0.037011173,-0.0136142215,-0.13270102,0.30067784,-0.12358274,0.9255103,-0.054070145,0.07881398,0.3734535,0.21248709,-0.36806482,0.32686076,0.6211216,0.2309208,-0.18885343,-0.15443633,0.1409253,1.343905,1.2006513,0.456893,-0.27441877,1.338206,1.8261651,0.24150378,-0.28849694,0.011806931,-0.04450051,1.6818794,0.34259605,-0.025719851,1.3965975,-0.0027401256,0.66623294
TARGET-10-PAPCUR,0.35465753,-0.17728673,-0.04417307,0.76181453,0.042971775,0.26793697,0.53117764,0.6324315,-0.013630971,-0.012249956,-0.024759553,1.0616747,-0.24585493,-0.06914403,-0.22017734,0.10837602,0.68406206,0.96899474,0.093167596,0.40059015,0.21804176,0.11608966,-0.22732456,0.29696026,-0.07896427,-0.059541482,-0.011613256,1.5886081,-0.40501544,-0.063527495,-0.16581403,-0.034977775,-0.016735291,-0.13421479,0.27594385,-0.13231029,0.9209058,-0.05168149,0.19290432,0.20939672,0.17297485,-0.34940073,0.23656969,0.3997069,0.33131018,-0.16871516,-0.11622999,0.3413104,1.2688992,1.072125,0.6494505,-0.25087562,1.4351194,1.6400837,0.06718696,-0.27321303,0.10437699,-0.06141677,1.4745321,0.17695606,-0.04286679,1.3735293,-0.0038828775,0.37062037
TARGET-10-PAPCVZ,0.29278705,-0.22425763,0.15273638,1.1199226,-0.0045292913,0.6018118,0.4320152,0.6169601,0.2391881,-0.035817023,0.35616514,0.858594,-0.27414292,-0.080592565,-0.24446909,-0.0059140897,1.1420444,1.0141443,0.08529146,0.4677769,0.32614753,0.03973817,-0.25462943,0.17214587,-0.10639675,-0.067299426,0.18376616,1.8809305,-0.42622158,-0.053087782,-0.18563586,-0.016736327,-0.07070869,-0.16001852,0.5315312,-0.13520417,0.8155956,-0.046289902,0.5354013,0.7465187,0.26593286,-0.3718358,0.5469521,0.14829136,0.035702094,-0.17934896,-0.14922789,0.03720846,1.2494442,1.144423,0.61720854,-0.27495047,1.5894349,2.288467,-0.016933097,-0.3514407,0.33368,-0.047902524,1.4866492,0.026783042,-0.039165024,1.7059748,-0.019507354,0.7218565
TARGET-10-PAPDJM,0.27550367,-0.198301,-0.02985392,1.0996147,-0.012327556,0.41463348,0.41443434,0.76316667,-0.0043822546,-0.028174153,0.15051867,1.2271911,-0.27197197,-0.07947515,-0.24630344,-0.000404411,1.0501373,1.0201211,0.17570771,0.5439522,0.2603602,0.06859459,-0.24766897,0.119268134,-0.09688543,-0.067693606,0.14011788,1.6351917,-0.4121668,-0.06456498,-0.18829791,-0.0489222,-0.021838063,-0.130473,0.33713844,-0.16225284,1.0519712,-0.02737814,0.21354325,0.5979064,0.50574917,-0.36625716,0.43181935,0.34052706,0.3209179,-0.1796715,-0.1466794,0.14675803,1.279677,1.2846283,0.7412632,-0.24740553,1.4085871,1.9131483,0.06621169,-0.31486467,0.5049515,-0.06422531,1.3915657,0.28031713,-0.0030355845,1.4395946,0.0055402704,0.5586247
TARGET-10-PAPDKJ,0.21240106,-0.19155172,-0.047359705,0.8015387,0.034556918,0.40920866,0.4779928,0.68187255,0.11515859,-0.022066738,-0.009785908,1.2556305,-0.23190692,-0.073839374,-0.23261273,0.002946714,0.82750124,0.8634343,0.23518834,0.3997653,0.088689715,0.15244392,-0.24501704,0.20992757,-0.08018898,-0.03599886,0.05752061,1.7994106,-0.3785802,-0.07172059,-0.16737746,-0.035644554,-0.05017112,-0.12917276,0.46368742,-0.09794773,0.77840173,-0.06468501,0.24577756,0.33940592,0.17503607,-0.33266023,0.63493705,0.4984134,0.014705744,-0.16970871,-0.13461228,0.31274292,1.102861,1.115994,0.41452983,-0.25700372,1.323555,1.7560366,0.2586551,-0.27606472,0.10128003,-0.059288677,1.4439415,0.2960623,-0.0131657785,1.3281219,0.147013,0.5949798
TARGET-10-PAPDUF,0.22130358,-0.2002348,-0.03719274,1.3321171,-0.03660105,0.48723403,0.53775233,0.6657558,-0.015814891,-0.0028598364,0.17917208,1.0712339,-0.27575126,-0.09511177,-0.27597636,-0.0020294955,1.0503576,1.0416353,0.07555984,0.34798676,0.22652099,0.083783895,-0.26598087,-0.012493054,-0.12836944,-0.052455463,0.2250775,1.9408257,-0.39955637,-0.061819077,-0.20552011,-0.05953976,-0.029945964,-0.15535155,0.1417401,-0.16384166,1.2504808,-0.04445081,0.52231395,0.8013376,0.3764306,-0.39950824,0.5738729,0.5295538,0.29135084,-0.19508734,-0.14408343,0.53546625,1.0876943,1.2734412,1.0449512,-0.29713032,1.608501,1.865537,-0.015406966,-0.3668124,0.2455636,-0.05811866,1.3779521,0.09911877,-0.025492609,1.3200452,0.17168623,0.54851997
TARGET-10-PAPDUV,0.34391013,-0.16987404,-0.066356935,1.0868207,-0.021865753,0.32660055,0.47520617,0.6679083,-0.00048979785,-0.0038074243,-0.019006383,1.4027959,-0.25821087,-0.09120791,-0.25090355,0.20650706,0.6693862,0.87990814,0.14505802,0.27665648,0.30319855,0.15267037,-0.24364963,0.19851637,-0.0880128,-0.08410585,-0.00095070724,1.6358389,-0.38651484,-0.08167319,-0.20043059,-0.020220634,-0.03724442,-0.16396432,0.30272904,-0.11649435,1.1069651,-0.059253395,0.30577308,0.6511329,0.30159184,-0.36897618,0.3114358,0.44331723,0.14644358,-0.20045765,-0.13538927,0.15903142,1.2719556,1.2291274,0.6336497,-0.285382,1.5310347,1.8339957,-0.005113929,-0.29061183,0.2177443,-0.054654993,1.3078796,0.26263422,-0.0042894576,1.3526826,-0.013965273,0.4238242
TARGET-10-PAPDWT,0.36943084,-0.18952979,-0.012321523,0.8724709,0.101305954,0.8175489,0.3605781,0.7714818,0.19948485,-0.0037849832,-0.025325282,1.1934791,-0.25435305,-0.09199524,-0.2603745,0.06318351,0.8624422,0.9123124,0.04564641,0.38417363,0.23670638,0.18393527,-0.22419672,-0.008795976,-0.08111169,-0.035886314,0.06387877,1.8998001,-0.38963652,-0.09137689,-0.1637337,-0.04796986,-0.04028371,-0.13413285,0.38732383,-0.105278365,0.8577571,-0.04852343,0.4670226,0.6518063,0.33193663,-0.35770962,0.6143042,0.3099949,0.26223174,-0.15779884,-0.13002317,0.3886149,1.1269292,1.064734,0.38686314,-0.26942143,1.1878028,1.8241786,-0.010283337,-0.31320092,0.18577854,-0.05114464,1.5708082,0.12807105,-0.028051177,1.3706326,0.18114139,0.54479945
TARGET-10-PAPECF,0.22067103,-0.18454365,-0.047636785,1.0083663,0.08323977,0.5589723,0.39535856,0.75725704,0.12483311,-0.04104444,-0.008617662,1.0650421,-0.24995063,-0.072888345,-0.24198139,0.047702134,0.8558214,0.7237299,0.17717488,0.33546218,0.28999978,0.11539547,-0.23284392,0.18071944,-0.08795283,-0.062441837,0.21994793,1.7427697,-0.3796217,-0.06778591,-0.18099667,-0.03399133,-0.037397105,-0.13969398,0.31525147,-0.11936654,0.92561144,-0.06491131,0.44987386,0.4107834,0.34279814,-0.35634813,0.27970225,0.42623052,0.23564993,-0.17297077,-0.124501325,0.016827086,1.2020866,1.1974096,0.508232,-0.2670826,1.6246924,1.8517513,-0.01407966,-0.276432,0.1528307,-0.06881468,1.4003248,0.16856495,-0.04352273,1.2817787,-0.018980933,0.45439178
TARGET-10-PAPEFH,0.27120104,-0.1931331,-0.044962987,0.77323335,0.13802323,0.3840349,0.63632005,0.55799896,-0.0124494955,-0.01847252,-0.012380312,1.1940508,-0.24488437,-0.07496139,-0.2641054,-0.0059101903,0.6501433,1.0418677,0.106218636,0.25577453,0.41564378,0.2476602,-0.27066848,0.48261067,-0.08316743,-0.06454673,0.24307968,1.4224284,-0.40851003,-0.105379164,-0.17826991,-0.044997986,-0.045807887,-0.11180077,0.55956626,-0.14369133,1.0446357,-0.08351677,0.3397625,0.18809095,0.428251,-0.36023903,0.3357223,0.37323204,0.14456777,-0.17461552,-0.1550324,0.43535542,1.3462876,1.3292489,0.5395097,-0.2777192,1.4977516,1.664983,0.14159659,-0.2503874,0.19630459,-0.0486354,1.791953,0.14171147,-0.01962468,1.2514775,0.036743514,0.67564505
TARGET-10-PAPEJN,0.24900079,-0.16022554,-0.06635868,0.76629704,-0.0029074305,0.41532862,0.48246253,0.7241282,-0.0042980495,-0.016506927,-0.00080907455,1.2117906,-0.21486023,-0.08062684,-0.22328392,0.10704018,0.9845799,0.74068934,0.22243327,0.42558023,0.23555799,0.29852217,-0.23796402,0.1648973,-0.09568658,-0.032741986,0.12131027,1.5083367,-0.34755147,-0.07879745,-0.16019724,-0.026852915,-0.051700633,-0.12424389,0.36404395,-0.10548224,0.8610712,-0.06333099,0.26426747,0.25179532,0.14445117,-0.32186553,0.5082942,0.4177967,0.16567807,-0.1678984,-0.14701007,0.035581805,1.1888431,1.1645354,0.37231013,-0.25638387,1.3512843,1.6071624,0.03188041,-0.2558133,0.05308808,-0.053201467,1.4594887,0.18058152,-0.02198473,1.0437173,-0.011923871,0.4481611
TARGET-10-PAPESW,0.23557627,-0.1967495,-0.03219625,0.89133584,0.046841614,0.42439646,0.3659451,0.5962878,-0.01513569,-0.042259697,-0.02519225,1.039559,-0.24111345,-0.06825447,-0.25554892,0.08139535,0.8943535,0.9989968,0.07754643,0.11377691,0.39850482,0.2253928,-0.23957537,0.270827,-0.108218685,-0.046234682,0.21551731,1.6459453,-0.41667348,-0.051647138,-0.17725706,-0.039527975,-0.02204454,-0.1288318,0.3850512,-0.13067071,1.0003215,-0.059326213,0.5573454,0.5177287,0.17903937,-0.37595668,0.58665633,0.40555546,0.2965717,-0.19117256,-0.123513415,0.22031157,1.2202417,1.2244407,0.5507967,-0.26922148,1.393981,1.6804212,0.13935998,-0.29324093,0.23186061,-0.050460376,1.6669596,0.16627881,-0.023035508,1.2250944,0.14870015,0.5046792
TARGET-10-PAPGFP,0.24496356,-0.16075008,-0.053295504,0.6468923,-0.0014249504,0.2532691,0.40505728,0.62366104,-0.0040247175,-0.0063033686,-0.017717866,1.018068,-0.24318054,-0.07051562,-0.22544613,0.0975483,0.6957284,1.0849125,0.07935307,0.5636545,0.321423,0.052302897,-0.23029073,0.15735698,-0.07863586,-0.049561184,-0.0069438047,1.5480583,-0.39694965,-0.065055765,-0.16935144,-0.023530757,-0.013393325,-0.13509165,0.29302257,-0.118328325,0.9547124,-0.050310623,0.15512457,0.3074767,0.11602004,-0.3360165,0.41295078,0.3573573,0.35703897,-0.17811476,-0.11823499,0.29357564,1.19817,1.327213,0.8022684,-0.2588694,1.2256826,1.739602,0.10538142,-0.29505393,0.032371905,-0.062007964,1.2823526,0.31882185,-0.020489106,1.3948437,-0.016031526,0.50574934
TARGET-10-PAPGYC,0.3843949,-0.182395,-0.055108275,0.93748903,-0.00013519898,0.36427778,0.32086587,0.71854013,0.063936636,-0.022391262,0.0066372417,1.178766,-0.22990203,-0.09037969,-0.23763783,0.1467528,0.82938313,0.8893199,0.13536942,0.14874263,0.2428478,0.1693171,-0.25782833,0.105199456,-0.0918322,-0.0655656,0.17452852,1.7080897,-0.3758506,-0.0795776,-0.17524382,-0.041214447,-0.03813829,-0.13210791,0.40291578,-0.1195915,0.9581602,-0.073523164,0.26751435,0.3667243,0.40940502,-0.37749025,0.29452035,0.4577097,0.36525443,-0.18020676,-0.13775714,0.055615917,1.3125883,1.335943,0.5148434,-0.24493769,1.4866252,1.7625304,0.069491476,-0.27529833,-0.00011227317,-0.055101898,1.4807425,0.18328668,-0.027472923,1.5804615,-0.008639023,0.59170103
TARGET-10-PAPHJF,0.17576194,-0.17501076,-0.04101498,0.7130692,0.14907017,0.35515654,0.52761394,0.77163297,0.030177299,-0.024530677,0.08703168,1.4294064,-0.2385849,-0.06910799,-0.24141513,0.26589096,0.6550979,0.835771,-0.0014019319,0.50295186,0.3716762,0.09389207,-0.25519988,0.27775684,-0.06766697,-0.07530741,0.00936225,1.6088946,-0.41671687,-0.09391671,-0.18068887,-0.032971486,-0.0071467124,-0.11848842,0.2685557,-0.12582068,0.92146957,-0.056158155,0.07707587,0.27213156,0.070013754,-0.3865142,0.48922777,0.46483082,0.38979056,-0.17975347,-0.12327649,0.1250135,1.2351944,1.2609947,0.514866,-0.26334083,1.4415948,1.6485678,-0.007629356,-0.28465438,0.09155731,-0.022644782,1.6287711,-0.004288965,0.021672916,1.4092075,0.035068937,0.4926128
TARGET-10-PAPIJB,0.30081758,-0.18309614,-0.029493337,0.9418803,0.13430187,0.6090844,0.43274203,0.6745746,-0.0009834152,-0.019014271,0.12985891,0.9945822,-0.24902396,-0.06179679,-0.22972646,-0.0061876974,0.87196815,1.0067083,0.18658137,0.682338,0.22076637,0.07474615,-0.2280737,0.20370659,-0.10790807,-0.038894374,0.082464114,1.4948455,-0.40198404,-0.055986412,-0.16270848,-0.032298923,-0.027245224,-0.11842944,0.3447851,-0.13152708,0.90654325,-0.042476375,0.17111768,0.5541035,0.35583448,-0.3492039,0.5969371,0.2695727,0.0882888,-0.17198843,-0.147087,0.10377311,1.1785047,1.2001703,0.66492504,-0.25392303,1.2674253,1.6501325,0.02813094,-0.3148811,0.26267186,-0.057899393,1.4661613,0.278486,-0.017912077,1.4186459,-0.005810791,0.7437757
TARGET-10-PAPISG,0.32664356,-0.17829502,-0.030506525,0.714868,0.00041449815,0.44897327,0.2888927,0.6875485,0.13199303,-0.00469198,-0.0082981065,1.3060546,-0.23976038,-0.04708735,-0.22783545,0.048464857,0.6443261,1.059197,0.27712455,0.5196187,0.32782802,0.18300281,-0.23777282,0.23909622,-0.083971724,-0.063275106,-0.00040035072,1.5064706,-0.38942963,-0.08028728,-0.17529307,-0.043106318,-0.028234625,-0.107186295,0.3557979,-0.14329295,0.96781594,-0.057479013,0.2166406,0.3783968,0.19635819,-0.34843168,0.28122374,0.33647847,0.31401113,-0.17027296,-0.15477121,0.31966525,1.3853503,1.1223974,0.64176553,-0.2726932,1.4183056,1.8211135,-0.0023523944,-0.2973716,0.1545165,-0.037773643,1.4019587,0.27005494,-0.021880345,1.2490783,-0.011721927,0.5080776
TARGET-10-PAPJHB,0.44112766,-0.19137302,-0.038964696,0.9000588,-0.0068959626,0.44696096,0.18558231,0.7094436,0.14071783,-0.0071643814,0.12287526,1.1314996,-0.23534797,-0.05945405,-0.23137572,0.08497176,0.79476106,0.88569224,-0.0040568565,0.2846413,0.17183556,0.34874094,-0.23061274,0.3379674,-0.107192814,-0.058491725,0.31191483,1.6379349,-0.3931276,-0.04940584,-0.18499583,-0.041932285,-0.060030874,-0.153469,0.44518805,-0.101649605,0.8904625,-0.060618855,0.3684731,0.369317,0.34733966,-0.37035334,0.38504678,0.1503474,0.22589432,-0.16783294,-0.1285741,0.2634938,1.1905733,1.2142068,0.559331,-0.268477,1.4422512,1.667873,0.18598416,-0.30069038,0.22319832,-0.051017668,1.3453659,0.20222095,-0.008413853,1.3542253,-0.02398851,0.7335978
TARGET-10-PAPJXI,0.042769276,-0.19071698,-0.038914487,1.0132066,-0.010601904,0.34757257,0.232264,0.8008376,0.29899022,-0.017909886,-0.00089084695,1.1873006,-0.27064142,-0.06719398,-0.26197878,0.104226,0.7002473,0.99859357,0.21159875,0.34943506,0.28079417,0.041617483,-0.24824171,0.1971109,-0.10710301,-0.063837186,0.27451736,1.5327266,-0.41497317,-0.06350691,-0.20330706,-0.05217966,-0.023672273,-0.14944758,0.3056994,-0.13999198,1.0210711,-0.03880172,0.43619856,0.7409119,0.2736514,-0.38338336,0.45274723,0.3873608,0.26627043,-0.19543602,-0.15139794,0.19758113,1.2491682,1.4334991,0.87656564,-0.26235422,1.4202777,1.8513342,0.042676277,-0.30204695,0.11304769,-0.07570618,1.3982055,0.14287858,-0.008588634,1.3535683,0.15582256,0.5658329
TARGET-10-PAPKNC,0.5047048,-0.181057,-0.06262576,0.8688443,0.049966253,0.3926179,0.46762016,0.7809076,-0.00069698057,-0.012832867,-0.012576393,1.1513158,-0.2230995,-0.08137657,-0.24806023,0.10492041,0.73556185,1.0929583,0.13436717,0.20931621,0.23680007,0.16238843,-0.26555046,0.15889391,-0.09201292,-0.06457924,-0.0037752246,1.699892,-0.40520483,-0.078645736,-0.17227915,-0.037853964,-0.03342984,-0.13189192,0.4584903,-0.11552218,1.0514206,-0.046468657,0.32356292,0.24607614,0.2711698,-0.3636946,0.45340115,0.3096791,0.47504613,-0.18748638,-0.13924718,0.35401767,1.4067152,1.4844272,0.47392008,-0.27311212,1.4519278,1.5502529,0.3604718,-0.29006556,0.13262449,-0.06038172,1.71617,0.26291865,-0.0021399204,1.4201514,0.13526432,0.4704319
TARGET-10-PAPLDM,0.4625769,-0.20705605,-0.04097827,0.98165435,-0.024332408,0.46834093,0.3673718,0.7181328,0.0708663,-0.039160054,0.1803539,0.94922507,-0.27349544,-0.066520914,-0.259838,-0.0005217618,0.87199104,0.9867015,0.18785915,0.53381556,0.13470954,0.0051412,-0.2235314,0.10004923,-0.09499393,-0.049518213,0.2047998,1.6711597,-0.42470047,-0.06399466,-0.17310941,-0.022342162,-0.04271099,-0.1509027,0.42626333,-0.12184476,1.0006305,-0.06080083,0.43367562,0.77058405,0.44499123,-0.39291942,0.58416927,0.33936197,0.3299261,-0.1740734,-0.13145196,0.08062405,1.1484176,1.2160828,0.66559035,-0.24446455,1.1644151,1.7653164,0.064490266,-0.33205107,0.16774856,-0.06411504,1.2180041,0.12714522,-0.011933303,1.3940386,0.091276705,0.6391785
TARGET-10-PAPLTZ,0.1107612,-0.16601883,-0.05400291,0.8825074,-0.0035636448,0.535622,0.4948024,0.6858052,0.14239606,-0.031878784,-0.00567525,1.2226937,-0.22504249,-0.07304729,-0.24080642,0.08796146,0.86040264,0.7998119,0.063895315,0.24211676,0.17678465,0.4053719,-0.2450519,0.4065324,-0.08628856,-0.046712276,0.080259405,1.6444018,-0.35154393,-0.07457641,-0.17346963,-0.03737132,-0.060792577,-0.13121058,0.48844516,-0.09994217,0.9126607,-0.076171435,0.49462408,0.3895636,0.1114324,-0.33428398,0.42814988,0.626213,0.111048505,-0.16282909,-0.12216184,0.10895883,1.1307942,1.0591471,0.53791094,-0.23190868,1.3616593,1.7327764,0.26744607,-0.26405573,-0.0013735358,-0.05358994,1.3830007,0.3372751,-0.014336546,1.107308,-0.0071127876,0.4903834
TARGET-10-PAPLUG,0.3505223,-0.18540427,-0.04833256,0.82986736,0.15144718,0.5152167,0.4319974,0.6846509,0.007616598,-0.015608981,-0.012056048,1.1440934,-0.23615308,-0.07295149,-0.2353586,0.029081034,0.72084004,0.7815984,0.22217356,0.4988819,0.3986142,0.33274788,-0.23471025,0.085186444,-0.10383755,-0.06291701,-0.00033238484,1.8319404,-0.3854333,-0.08061483,-0.16672163,-0.033738285,-0.02606951,-0.114316456,0.43941936,-0.12828347,1.0138967,-0.05276348,0.2823267,0.33655083,0.3380991,-0.34136996,0.49714497,0.41845995,0.2938508,-0.1696098,-0.122409396,0.13348399,1.2926892,1.2889055,0.5157124,-0.2565144,1.3042157,1.6678256,0.125168,-0.2711496,0.19826114,-0.051492866,1.4309415,0.3702377,-0.03589614,1.1457509,0.0444593,0.33166412
TARGET-10-PAPMVB,0.35093945,-0.17905548,-0.063757375,0.82304895,0.058529794,0.37988722,0.55884254,0.72640526,0.03978425,0.007621121,-0.0050467825,1.2165138,-0.24752453,-0.06873443,-0.23060122,0.12680653,0.79785496,0.7774273,0.17769855,0.34638402,0.10977399,0.28531748,-0.23276106,0.31085476,-0.09531324,-0.044592228,0.049304783,1.641388,-0.38680756,-0.07861642,-0.16861515,-0.03255839,-0.035154115,-0.12730421,0.3944556,-0.106934726,0.91542625,-0.07380629,0.16929002,0.49378854,0.39063612,-0.32629403,0.4593348,0.50038946,0.24191988,-0.15459707,-0.1379254,0.1517704,1.1732426,1.0709882,0.58913064,-0.24822211,1.3207102,1.6075321,0.28243098,-0.25920683,0.13681781,-0.075472586,1.3834753,0.3609336,-0.019319,1.2406414,0.09862065,0.5373014
TARGET-10-PAPMYD,0.47323593,-0.18394147,-0.043138627,0.7575821,0.13998032,0.30876443,0.51810455,0.9633933,-0.022909602,-0.0073733777,-0.029604316,1.1285248,-0.23888174,-0.08016435,-0.2615861,0.17985293,0.68619937,0.9192232,0.055186022,0.3768765,0.38349038,0.3946165,-0.24955204,0.093533546,-0.08674307,-0.06730355,0.0110704,1.7119727,-0.42308077,-0.09495737,-0.1630541,-0.053869423,-0.033749957,-0.13946675,0.39519352,-0.124792635,1.0023017,-0.05423945,0.17506333,0.20807955,0.19742051,-0.34358722,0.6400035,0.4472948,0.45182037,-0.19088775,-0.13637976,0.5498046,1.2769854,1.4580905,0.46059313,-0.2702627,1.4631838,1.6688982,0.14499441,-0.29344553,0.25681952,-0.045386802,1.6998826,0.027975991,-0.015901668,1.2959497,0.2082207,0.5184805
TARGET-10-PAPNMY,0.34924278,-0.19015408,-0.027240101,0.8258912,0.054448895,0.30127895,0.49611303,0.71497226,0.010486692,-0.0029073674,-0.019436602,1.5044948,-0.22592388,-0.06985681,-0.24807034,0.1500338,0.69469535,1.2039531,0.28839803,0.25361603,0.24683654,0.37057206,-0.25276542,0.31483683,-0.07918241,-0.049413573,0.2583488,1.6079983,-0.3924554,-0.09698132,-0.1826737,-0.03448843,-0.03850454,-0.123749755,0.36109185,-0.09296742,1.0195488,-0.07304522,0.44882524,0.5263262,0.19543307,-0.3321917,0.7259056,0.5978269,0.1850526,-0.17790465,-0.1615638,0.25894964,1.2649964,1.2293487,0.66329044,-0.2774356,1.5405225,1.8269649,0.30034208,-0.27325952,-0.007107839,-0.048191477,1.6243249,0.21754746,-0.015436071,1.330951,0.07828525,0.6729348
TARGET-10-PAPNNX,0.36425498,-0.1968883,-0.03191894,0.6684646,0.027331196,0.3250737,0.5851791,0.7127536,-0.0071988837,-0.031234546,-0.017460404,0.88575405,-0.21682619,-0.07645156,-0.2069577,-0.0031161099,0.58510584,1.1167227,0.17040524,0.16325091,0.35442916,0.26608092,-0.23782897,0.34726432,-0.09600909,-0.075919904,-0.0031471346,1.5093975,-0.39594957,-0.075129345,-0.15759513,-0.025883535,-0.011855031,-0.12491204,0.53701514,-0.10678991,0.96914864,-0.0668516,0.3162916,0.18731168,0.26815292,-0.3422119,0.21160592,0.45818612,0.2152996,-0.1680879,-0.1072258,0.2407114,1.4097443,0.93917364,0.31455392,-0.2614921,1.3677627,1.7212671,0.2774968,-0.2579236,0.17903194,-0.046343874,1.5443894,0.15824015,-0.037029926,1.1204344,0.1667689,0.42796242
TARGET-10-PAPPGN,0.3275871,-0.12998588,-0.02934807,0.84404236,-0.014879382,0.28695533,0.25440195,0.71070933,-0.0028764904,0.48212594,-0.0010585528,1.1910421,-0.23591323,-0.03927545,-0.19940042,-0.009018651,0.7020794,0.79998386,0.10580715,0.35508844,0.01989647,0.0150931645,-0.21438561,0.16531937,-0.0687808,-0.05323365,-0.0008352247,1.527876,-0.33891177,-0.05720963,-0.1416123,-0.031545516,-0.005024146,-0.10505738,0.18357286,-0.097114995,0.9085647,-0.0664164,0.2041476,0.4048101,0.027750742,-0.28553712,0.31042612,0.3599088,0.34441984,-0.15225221,-0.13258715,0.4106719,1.3118579,1.0812564,0.84356695,-0.2360668,1.316738,1.6385466,-0.0015034752,-0.28445274,0.17903155,-0.06725629,1.2270334,0.46930307,-0.00084623287,1.3175558,-0.0028995217,0.23497309
TARGET-10-PAPRCS,0.16971418,-0.18915,-0.02955625,0.75384843,0.11042186,0.43641707,0.32609293,0.72734153,-0.013648917,-0.020217793,-0.015571575,1.1085196,-0.2633926,-0.0732498,-0.26568964,-0.004536029,0.7384534,1.1811686,0.156557,0.42392394,0.44984737,0.1571417,-0.25926653,0.0816353,-0.08945835,-0.058482494,-0.016088068,1.6184716,-0.41265884,-0.076807186,-0.17154391,-0.042078048,-0.014018099,-0.11681674,0.33799773,-0.13532373,1.1772215,-0.033737537,0.14144593,0.43932375,0.32875457,-0.37143588,0.55175984,0.4248727,0.39675435,-0.19643673,-0.14729768,0.42175144,1.3489033,1.2433406,0.66112113,-0.25839671,1.3503337,1.5426174,0.16951612,-0.31165162,-0.0018149916,-0.02987272,1.315447,0.46953017,-0.016332433,1.3303841,0.010169188,0.48092583
TARGET-10-PAPRFE,0.31484482,-0.17081846,-0.057256814,0.60682756,0.21219987,0.28819776,0.6009912,0.8484747,0.0072878823,-0.026839131,-0.015776696,1.2604967,-0.23451827,-0.077073,-0.26239303,0.18695366,0.65433896,1.1016575,0.012347792,0.21293783,0.508333,0.15700926,-0.27249312,0.37011978,-0.07853588,-0.059679486,0.021135937,1.6646847,-0.43205914,-0.08488839,-0.18900202,-0.04645872,-0.013993799,-0.13889602,0.39575088,-0.10684456,1.0226922,-0.072917156,0.2616475,0.27274433,0.16493094,-0.37044996,0.48610285,0.47625723,0.35323977,-0.19090985,-0.1261527,0.3012589,1.4007683,1.6145022,0.29518354,-0.28365415,1.6689686,1.7098253,0.36745337,-0.30213234,-0.0035426926,-0.034724493,1.7884312,0.4037134,-0.0062421104,1.5470417,-0.00321828,0.6803321
TARGET-10-PAPSPG,0.3412718,-0.20674582,-0.02096386,0.6794518,0.0819966,0.31827793,0.43675408,0.90199184,-0.0065352875,-0.031345885,-0.023499377,0.99768233,-0.21886992,-0.062668346,-0.2249469,-0.011655243,0.8145532,1.0590585,0.030421117,0.25687003,0.25859293,0.25401554,-0.25949737,0.34569392,-0.100853555,-0.06530852,0.024616148,1.4564438,-0.39575115,-0.06354679,-0.1569668,-0.036450464,-0.04400593,-0.13233805,0.5156182,-0.09044615,0.94708073,-0.0426857,0.44355163,0.06914385,0.12013304,-0.34298348,0.28277835,0.47046623,0.13852811,-0.16927591,-0.10360074,0.19664924,1.4872637,1.0019311,0.43691707,-0.2756156,1.4762514,1.5955412,0.2942458,-0.27288377,0.08461338,-0.041012924,1.3619756,0.15786187,-0.011392153,1.3593087,0.024475617,0.41502973
TARGET-10-PAPSPN,0.3206558,-0.20486179,-0.024928514,0.72020435,0.060721584,0.16665272,0.48663208,0.9060492,-0.005186089,-0.018562304,-0.022417994,1.0904269,-0.2196925,-0.058552742,-0.23590909,-0.013228751,0.70958847,1.0239027,0.05549017,0.3121293,0.43267098,0.38784724,-0.25842053,0.04268173,-0.09815445,-0.06753961,0.046420794,1.4268169,-0.37696263,-0.061901476,-0.18041405,-0.04282681,-0.022202017,-0.12464171,0.5241328,-0.11505486,1.014183,-0.057963468,0.16379511,0.28240266,0.32014,-0.33792737,0.2144184,0.553653,0.23425466,-0.14500104,-0.14462543,0.15558982,1.4790294,1.2645812,0.53631556,-0.2546959,1.3072375,1.5164481,0.36453483,-0.28417367,0.022300396,-0.03489811,1.3985932,0.22161813,-0.013700302,1.0772486,-0.0106053,0.2906061
TARGET-10-PAPTLM,0.33708474,-0.1753461,-0.046446517,0.6474011,0.24332878,0.2413685,0.42757353,0.89452815,0.01056822,-0.017699901,-0.009188614,1.2849426,-0.2373679,-0.06737168,-0.23693936,0.03229683,0.5343302,1.1244901,0.09585999,0.39977297,0.50605416,0.22789155,-0.23599112,0.37530243,-0.06992791,-0.07222476,-0.0135952905,1.571096,-0.39183483,-0.059903976,-0.18381546,-0.051772106,-0.0023960327,-0.13619812,0.4144521,-0.13357995,0.9616114,-0.036090918,0.02863807,0.17073783,0.15964562,-0.34056342,0.18398859,0.5037275,0.5006658,-0.1744863,-0.1371185,0.16440119,1.3828644,1.358985,0.5685324,-0.2465695,1.4377842,1.7073343,0.048792347,-0.27795708,0.09838258,-0.04646891,1.4205459,0.14385186,-0.0021993462,1.3376045,-0.012845351,0.5356681
TARGET-10-PAPVTA,0.25867346,-0.15712819,-0.020052405,1.2690774,0.04793164,0.5754485,0.37505478,0.6292598,0.06441222,-0.003674293,0.12946711,1.0339928,-0.24019375,-0.0631585,-0.2201687,-0.009897681,0.9683422,0.8815818,0.24000318,0.4980959,-0.0022766986,0.084455274,-0.22276449,0.15987444,-0.10134615,-0.02648652,0.24373868,1.4605076,-0.3662138,-0.0633222,-0.14197631,-0.018969677,-0.042669207,-0.12403297,0.18960352,-0.1140334,0.80094457,-0.046936646,0.21515518,0.7335094,0.27809867,-0.33791086,0.5009577,0.3141496,0.2187625,-0.14139922,-0.10866823,0.28504983,0.9559079,1.1899848,0.7013884,-0.24409106,1.312574,1.6083382,0.011418397,-0.293848,0.24064755,-0.05900986,1.386397,0.19025154,0.012331765,1.2236019,-0.010927623,0.5840983
TARGET-10-PAPZNK,0.5048117,-0.21274069,-0.04072509,0.6724993,-0.006248113,0.36253047,0.4341614,0.89697707,-0.019593503,-0.005526768,-0.027871078,0.97486854,-0.24842608,-0.07647809,-0.24007376,0.15913586,0.7966986,1.1648175,0.015993897,0.3630576,0.32015958,0.2556142,-0.25670776,0.28665802,-0.08726598,-0.071156025,-0.005572204,1.340615,-0.41978222,-0.07401606,-0.175709,-0.04523138,-0.034107294,-0.12822884,0.56514096,-0.12019803,1.0255653,-0.08113865,0.25666586,0.17676294,0.21465304,-0.36817172,0.34892166,0.77091926,0.2843736,-0.17804071,-0.114987426,0.2378685,1.441069,1.206142,0.37436903,-0.2818665,1.2245564,1.895737,0.40119222,-0.27125615,-0.013327288,-0.051467873,1.439721,0.04820162,-0.037921287,1.3304688,-0.016777413,0.5647669
TARGET-10-PAPZST,0.28171244,-0.17815502,-0.04064561,0.6255454,0.0052004233,0.3949914,0.5258657,0.68931925,-0.0012654644,-0.018684756,-0.013383429,1.09849,-0.24410729,-0.06903549,-0.23015836,0.11863,0.78369224,0.91280156,0.25268602,0.4631208,0.29221317,0.27025154,-0.21941917,0.20385984,-0.07281128,-0.049548816,-0.0068582306,1.4381373,-0.39336637,-0.07083958,-0.17001049,-0.039039727,-0.011852759,-0.11222682,0.33103776,-0.12738368,0.9647722,-0.053678807,0.17789589,0.3423619,0.20533557,-0.3482069,0.38836196,0.53829163,0.34761587,-0.16586095,-0.11075077,0.1889529,1.12377,1.1615025,0.59436685,-0.24712479,1.4014945,1.4892088,0.05292899,-0.26786983,0.004883256,-0.057388987,1.388339,0.21918978,-0.037920795,1.2861198,-0.0019996765,0.37755972
TARGET-10-PARACA,0.3068261,-0.15913081,-0.07977005,0.83681166,-0.003467677,0.28040573,0.5724123,0.77443063,-0.0012327497,-0.0050187362,-0.020808745,1.2087398,-0.23143278,-0.067053206,-0.23193882,0.1430565,0.67745405,0.9670448,0.25245032,0.4913504,0.2719965,0.26546058,-0.23128465,0.29377353,-0.072416715,-0.07431608,-0.00083812076,1.4928741,-0.39494574,-0.07543536,-0.1760712,-0.035844248,-0.022193467,-0.14739268,0.3397758,-0.12657724,0.87421507,-0.061258446,0.09114984,0.031383857,0.22811602,-0.3331676,0.2849733,0.5030049,0.21934871,-0.18449011,-0.13146354,0.32514203,1.300348,1.1980411,0.55762684,-0.26098946,1.3772833,1.7282895,0.18107097,-0.280457,-0.0029647287,-0.058000404,1.5602726,0.27434325,-0.005488666,1.2735673,-0.02521114,0.35068038
TARGET-10-PARAKF,0.39202294,-0.20558174,-0.058599323,0.8853014,0.023082338,0.44898418,0.6271839,0.79201496,0.046894517,-0.0035181362,-0.03609697,1.2309413,-0.24121252,-0.07465884,-0.24325757,0.047868878,0.4668995,1.1124811,-0.008970611,0.25895897,0.45386928,0.39003947,-0.26218757,0.15603487,-0.09810207,-0.060581554,0.011355194,1.7545027,-0.4405853,-0.089278094,-0.19482327,-0.046587784,-0.04649335,-0.15595071,0.5402521,-0.13985342,1.144999,-0.06438847,0.1633531,0.3498598,0.52802056,-0.38336703,0.12211384,0.6602757,0.087763846,-0.18360917,-0.15728275,0.15286924,1.4624685,1.3477958,0.46766374,-0.2614394,1.5374112,1.6306412,0.44310352,-0.3175678,0.17478916,-0.058376182,1.5345426,0.56808364,-0.02575545,1.4378008,0.0150759,0.68632007
TARGET-10-PARARJ,0.39114636,-0.15458894,-0.06153781,0.7076705,-0.008067469,0.37969306,0.4481172,0.6385706,0.17398892,-0.0053076646,-0.022289937,1.129252,-0.23355535,-0.06241096,-0.26725167,0.16452493,0.796099,0.8490083,-0.015994597,0.19149473,0.29185942,0.14459752,-0.26051122,0.1069053,-0.08328398,-0.07533963,0.14758411,1.8180978,-0.39807138,-0.062426537,-0.19326149,-0.0340362,-0.040386517,-0.12539698,0.59948826,-0.115832604,0.98877007,-0.06889941,0.43351978,0.2640797,0.09248045,-0.35714623,0.30846906,0.25307855,0.56682944,-0.18712014,-0.14003237,0.30283383,1.4826107,1.504713,0.546152,-0.26597974,1.6288908,1.5266942,0.091906615,-0.30734658,0.063035235,-0.04072328,1.5123953,0.25963724,-0.009668182,1.3262854,0.049380347,0.6603511
TARGET-10-PARBVI,0.47399125,-0.18893535,-0.052381616,0.9618973,-0.019828308,0.30334765,0.47969258,0.7988595,0.010536876,-0.009104609,-0.007133992,1.3074126,-0.27294898,-0.06547212,-0.2568628,0.029891202,0.7496361,1.0134584,0.08848385,0.35475966,0.5299573,0.12330337,-0.2528959,0.036825776,-0.10434449,-0.0743687,-0.0026901234,1.5722094,-0.4085005,-0.07013666,-0.18469812,-0.03202094,-0.017247198,-0.1234101,0.36514813,-0.13733064,1.2008052,-0.05285129,0.28517705,0.45305106,0.3443987,-0.39193234,0.5050664,0.40360588,0.27182385,-0.18245223,-0.14896469,0.3967401,1.418064,1.4528351,0.8058124,-0.27176064,1.4385928,1.8182337,0.09442911,-0.31175902,0.3579164,-0.06594804,1.504159,0.22522984,-0.013348745,1.3855265,-0.02190718,0.40756798
TARGET-10-PARFLV,0.47170654,-0.18727893,-0.054727405,0.99813944,-0.0020533844,0.49765745,0.21352164,0.8494094,-0.0012923848,-0.013141914,0.05498461,1.2350503,-0.2614476,-0.06517696,-0.25476742,-0.004013409,0.60850704,1.17267,0.07448965,0.32170472,0.37388682,0.17884053,-0.269523,0.10347508,-0.10232091,-0.055894066,0.05543006,1.5295945,-0.41653496,-0.08073686,-0.16571459,-0.032276403,-0.036477227,-0.14897232,0.41075736,-0.12863888,1.0157871,-0.033676177,0.22202244,0.376333,0.19089554,-0.39042938,0.57183766,0.3662037,0.22929765,-0.1907268,-0.14753224,0.3626864,1.3672298,1.2097918,0.71811914,-0.26903912,1.4614778,1.7277461,0.17597178,-0.2991233,0.030973732,-0.041524313,1.8147784,0.3613088,-0.0035621095,1.3147583,-0.002546929,0.5546188
TARGET-10-PARGFV,0.3417308,-0.18235357,-0.05559677,1.202447,0.023484,0.48907697,0.42517453,0.5432631,0.07130036,-0.016095534,0.22619773,1.1315701,-0.27228197,-0.083873935,-0.25127187,-0.0022347963,1.1014196,0.99013597,0.1706594,0.66851616,0.10266587,0.010766851,-0.24329929,-0.0011244387,-0.095104985,-0.06700611,-0.0028120216,1.653566,-0.40058452,-0.068561785,-0.17566381,-0.0346822,-0.052605975,-0.13930632,0.39609027,-0.11542179,0.9759827,-0.052292474,0.25292003,0.72657186,0.41275415,-0.3549721,0.53713554,0.29562262,0.2671415,-0.1783315,-0.15246722,0.41551006,1.2758904,1.3614104,0.80782837,-0.2626242,1.4006127,1.7560753,0.15801896,-0.32673568,0.41072762,-0.06762568,1.2565408,0.18341625,-0.0032333215,1.2968699,0.044487413,0.7107399
TARGET-10-PARGVZ,0.28699926,-0.18664144,-0.037246253,1.1813209,-0.010476985,0.3227365,0.32304797,0.4877532,-0.000111996014,-0.030622547,0.23378773,1.061631,-0.27600634,-0.06452086,-0.24364851,-0.0059215263,0.93908906,1.0036565,0.14536467,0.5161423,0.44454643,-0.004423412,-0.23779738,0.04319042,-0.09359645,-0.032995727,-0.01008112,1.5216725,-0.42004654,-0.068412475,-0.16698416,-0.032737356,-0.017548116,-0.15430003,0.297901,-0.1589955,1.0810304,-0.033402897,0.3008762,0.7301296,0.49022898,-0.36834532,0.4321084,0.25728896,0.39389947,-0.18391055,-0.1541923,0.4249823,1.3062572,1.6140715,0.88475287,-0.26132512,1.2046249,1.7596179,0.014234928,-0.3491078,0.29057428,-0.05484852,1.2131611,0.17930546,-0.02460122,1.503767,-0.0025001958,0.7102112
TARGET-10-PARIAD,0.34361717,-0.17440437,-0.041494682,0.79569906,-0.0059578754,0.25731444,0.79917085,0.8092856,-0.0012174267,-0.0064569013,-0.045266666,1.0132695,-0.25624725,-0.08838308,-0.22903915,0.021272043,0.78622216,1.2656846,0.14945784,0.3202388,0.2902489,0.20274846,-0.24268536,0.24767318,-0.072685584,-0.061230313,-0.02643621,1.3742647,-0.40830636,-0.06693297,-0.16154279,-0.03271123,-0.010306208,-0.14084297,0.22240745,-0.16459689,1.1335126,-0.03631879,0.045607746,0.4280012,0.25122637,-0.3644765,-0.0043664942,0.3026188,0.292725,-0.15791266,-0.16037357,0.4853465,1.4997344,1.2994316,0.5682691,-0.2616864,1.2723953,1.6830992,0.055428356,-0.32078904,0.4942516,-0.032425813,1.531816,0.3272043,-0.02330897,1.3048711,0.09311862,0.7311685
TARGET-10-PARJSR,0.34549618,-0.15923013,-0.054103043,0.88596857,0.113630734,0.28201666,0.26069385,0.7543102,-0.015318188,0.08054658,-0.024959411,1.18813,-0.25686756,-0.07171451,-0.25012478,0.0013045389,0.7460626,0.9886844,0.18587779,0.2829721,0.27937272,0.20411302,-0.25350842,0.022700883,-0.09499395,-0.06427319,-0.005609629,1.6120566,-0.39352557,-0.07777509,-0.16420685,-0.038120646,-0.03181324,-0.12795985,0.43866977,-0.14162545,1.0415864,-0.0557055,0.36192584,0.25690362,0.2661382,-0.3411453,0.273582,0.34514597,0.27707058,-0.17191534,-0.14145969,0.28475147,1.3680996,1.3965082,0.7272656,-0.2548078,1.4390851,1.6410068,0.08172979,-0.30576345,0.17759822,-0.052961435,1.3212402,0.3138501,-0.021765456,1.4178954,0.10589595,0.33411047
TARGET-10-PARLAF,0.17417192,-0.19404481,-0.057445515,0.82285357,0.05363124,0.36616325,0.53882265,0.7520124,0.031339046,-0.026557118,-0.015532605,1.280959,-0.24882017,-0.081402265,-0.2374614,0.063589066,0.8295932,0.77573824,0.15581721,0.48963895,0.0998743,0.14977878,-0.24056621,0.23528546,-0.09699886,-0.0612911,0.034697346,1.7407491,-0.37224266,-0.08944246,-0.16593364,-0.035839144,-0.04497646,-0.1490597,0.25192094,-0.109378934,0.81178534,-0.05863442,0.40758365,0.4502847,0.34528086,-0.34537867,0.3835561,0.5061866,0.06538336,-0.17239803,-0.13852721,0.2914589,1.2541064,1.2419516,0.54219466,-0.26256782,1.5428445,1.7244508,0.018254822,-0.28133795,0.16842839,-0.05370451,1.5031612,0.2876606,-0.023319675,1.3568629,-0.010444698,0.7128688
TARGET-10-PARLEK,0.29483166,-0.16305111,-0.054522663,0.73663074,-0.009968798,0.46716514,0.46800026,0.73001397,0.17342363,0.13737525,-0.027410636,1.2541136,-0.24984813,-0.077378884,-0.25846455,0.20386773,0.77603483,0.9714234,0.16364719,0.5117918,0.3097075,0.1665712,-0.25307783,0.08890228,-0.09853383,-0.05481189,-0.01161299,1.6473044,-0.3779857,-0.09247492,-0.17765325,-0.03894673,-0.014190863,-0.12433728,0.27303505,-0.12511195,1.1476262,-0.050538134,0.15863563,0.48931164,0.1757573,-0.32688543,0.29474273,0.57325095,0.25503606,-0.16678128,-0.1246772,0.40267503,1.2499299,1.2926714,0.8240636,-0.24974792,1.4561424,1.6656446,0.1407076,-0.3041763,0.0651682,-0.07684376,1.6012604,0.1883543,-0.0160211,1.4253515,-0.011432066,0.35302266
TARGET-10-PARMSP,0.3992657,-0.1604665,-0.037248887,0.8398625,-0.00024602338,0.60626185,0.29481134,0.7226938,-2.659224e-05,0.09790164,-0.004040358,1.5025157,-0.20319246,-0.065409996,-0.21957043,0.011013547,0.5730364,0.90167105,0.13367817,0.28373918,0.14369711,0.28502226,-0.2287694,0.26682556,-0.06923637,-0.053410526,0.16973941,1.6785456,-0.36082575,-0.07522607,-0.16281115,-0.024714498,-0.035382655,-0.12839182,0.33164215,-0.09469968,1.0056614,-0.05927011,0.31362134,0.2616724,0.08017567,-0.3264713,0.4676938,0.44765046,0.23833473,-0.1682928,-0.15737739,0.4110832,1.1554304,1.1620625,0.66808844,-0.24660333,1.1964183,1.6784966,0.092794724,-0.27355266,0.12269142,-0.04025052,1.3944144,0.22429831,-0.02285631,1.2590032,0.023781748,0.58209056
TARGET-10-PARMXF,0.25879905,-0.18590455,-0.039599236,0.8167751,0.29036173,0.21325433,0.40826935,0.7077984,-0.022508185,-0.021898825,-0.017715445,0.97901565,-0.22121389,-0.07652594,-0.21831556,0.0498318,0.6074356,0.94247365,-0.0037869436,0.3198755,0.2970117,0.13560289,-0.22874133,0.27116486,-0.07429604,-0.057856847,-0.019763894,1.6074268,-0.4015281,-0.066769,-0.15947375,-0.033970635,-0.035446495,-0.117370225,0.25497827,-0.1387252,0.91806686,-0.061989408,0.29876697,0.059534647,0.25621384,-0.3665194,0.2873627,0.30146876,0.3584359,-0.1660778,-0.12267806,0.30965108,1.2898588,1.0861963,0.4543516,-0.25047806,1.2396766,1.5131602,-0.0011617506,-0.26626727,0.17930022,-0.050167263,1.5723699,0.092163816,-0.050323617,1.3309687,0.10155605,0.50951314
TARGET-10-PARPRW,0.22560453,-0.19622211,-0.06602483,0.629041,0.07668969,0.27286866,0.5094745,0.9606011,-0.011871037,-0.026511619,-0.029760733,1.1525884,-0.23138905,-0.08884006,-0.24531725,0.024116362,0.67714864,1.266509,-6.389384e-05,0.5298469,0.5992899,0.36018434,-0.23681226,0.23217204,-0.089994654,-0.051827174,0.04501902,1.4679286,-0.40892002,-0.061074466,-0.19053808,-0.0408152,-0.042896878,-0.1358218,0.41502887,-0.1265921,0.97172827,-0.042706944,0.2103553,0.023419756,0.40490052,-0.34116736,0.13434093,0.5765648,0.18404905,-0.15272225,-0.11452087,0.30813926,1.3729932,1.269075,0.5005407,-0.2693745,1.303505,1.7107714,0.22986855,-0.29285073,0.035487127,-0.041810866,1.3656431,0.2015505,-0.005500712,1.3128709,-0.02522316,0.33124885
TARGET-10-PARPZJ,0.017261993,-0.15460019,-0.032022685,0.90526587,0.018676087,0.30437255,0.3136549,0.7622345,-0.0045437696,-0.009199693,-0.014471101,0.9791667,-0.21798022,-0.057330724,-0.21444777,0.011570999,0.64637566,0.867662,0.08141257,0.31001124,0.086550966,0.256054,-0.21181273,0.26289347,-0.08867847,-0.047397904,0.02619413,1.4522564,-0.34659442,-0.06097437,-0.1322712,-0.02919933,-0.03479575,-0.111431144,0.19001111,-0.097296305,0.89039505,-0.052514195,0.24474134,0.2607816,0.12022884,-0.304437,0.4485792,0.47446403,0.19177587,-0.1424543,-0.11105712,0.07459098,0.9693242,0.9379898,0.62928,-0.23796354,1.1899148,1.4032077,-0.0019399071,-0.26524538,0.03230331,-0.059712607,1.377223,0.16982497,-0.023181928,1.3643628,0.10915944,0.38119456
TARGET-10-PARUBK,0.23516026,-0.1845036,-0.031108845,0.82595277,0.061551988,0.27014488,0.5086532,0.6486058,-0.012902937,-0.029321326,-0.026585778,1.0995643,-0.22625999,-0.055088192,-0.21099976,0.2024893,0.661253,1.0954238,0.10175885,0.408717,0.2137488,0.43718344,-0.21244887,0.20589222,-0.05755454,-0.04994477,-0.014632396,1.4895282,-0.3821222,-0.07732485,-0.17161292,-0.045657553,-0.024896147,-0.12726378,0.29965168,-0.10551709,0.84246224,-0.054841746,0.2687046,0.07678348,0.31671938,-0.3099726,0.15660104,0.29855058,0.13885547,-0.14006062,-0.13549474,0.4423764,1.2274884,1.0764538,0.6493538,-0.2260083,1.172982,1.3689257,0.31715903,-0.25225294,0.064836755,-0.06611752,1.3257645,0.39117962,-0.0056242812,1.2804803,-0.018085593,0.46170726
TARGET-10-PARUGP,0.12330524,-0.18019995,-0.043055557,0.5954922,0.03947161,0.12640011,0.43026248,0.80331373,-0.017784342,-0.0185232,-0.005117643,1.14207,-0.24565819,-0.059715625,-0.21246324,0.009725431,0.6562141,1.2097117,0.07571641,0.51963764,0.2637302,0.11650261,-0.24221997,0.6453881,-0.082185164,-0.055502236,0.14338993,1.5168357,-0.3926134,-0.057331722,-0.16695033,-0.031781007,-0.019237926,-0.12623832,0.23794797,-0.12641941,0.7362723,-0.050544214,0.29577127,0.08902532,0.31903014,-0.32963422,0.35782185,0.4352998,0.27316257,-0.16226573,-0.11284554,0.25266206,1.3199362,1.1265465,0.76072013,-0.2351437,1.3166724,1.7303944,0.014642386,-0.2828688,0.01263215,-0.036433447,1.4803104,0.10714857,-0.022354966,1.1699117,0.031728514,0.41720465
TARGET-10-PARVWD,0.14847463,-0.20628293,-0.03842866,0.9386162,-0.008410027,0.3333041,0.33258995,0.58436733,-0.029666493,0.0031594974,0.017898347,1.2353324,-0.21878386,-0.06137243,-0.23947863,-0.009379231,0.75238967,0.86729795,0.017436014,0.6670673,0.4245976,0.071449265,-0.25355396,0.37032455,-0.10084486,-0.049049888,-0.010096091,1.5815436,-0.36546412,-0.047797356,-0.14957139,-0.042741,-0.026646793,-0.12056424,0.21194635,-0.11836218,0.7295609,-0.036235347,0.40412745,0.08505105,0.29913577,-0.31165048,0.50919807,0.40648398,0.18023446,-0.15780747,-0.1251667,0.11149595,1.2424,1.2496071,0.4540881,-0.23935731,1.2371596,1.6308451,0.27828014,-0.2842006,0.067495525,-0.04430351,1.5662271,0.24069367,-0.010567303,1.3115306,-0.029043466,0.4964784
TARGET-10-PARXMC,0.1664243,-0.15616263,-0.023599034,0.73817784,0.023024492,0.31938693,0.3786083,0.59744877,0.032763954,-0.023262905,-0.0060039177,0.9344008,-0.22338986,-0.056442745,-0.2017283,0.06437231,0.6332917,0.8570353,0.07197829,0.36317268,0.25994253,0.16647787,-0.20846187,0.21918145,-0.0775159,-0.038690966,0.10691575,1.3602668,-0.3575059,-0.05304685,-0.1460946,-0.027184779,-0.040915072,-0.11231669,0.28366607,-0.10303787,0.70808065,-0.06733227,0.26001275,0.35973078,0.23441784,-0.32644632,0.4359141,0.45365456,0.23554906,-0.15127979,-0.11481018,0.21207646,0.98457795,0.9326301,0.5173307,-0.2310078,1.1667261,1.5549582,-0.01799733,-0.2470765,0.086116165,-0.052210994,1.4028549,0.20488726,-0.041013524,1.3240016,0.15256763,0.42528033
TARGET-20-PALGKX,0.2391259,-0.19252095,-0.057273753,0.8189575,-0.004602503,0.4658957,0.47059885,0.8445419,0.065551564,0.036188822,-0.029825723,1.1775631,-0.26471686,-0.06935303,-0.24060164,0.092319526,0.93600464,1.1482428,0.053858932,0.40422267,0.4614224,0.14975359,-0.25441152,0.07458298,-0.08690142,-0.04923176,0.1779147,1.446213,-0.40477043,-0.075058475,-0.18912347,-0.040255126,-0.028937,-0.1405965,0.28247663,-0.14292526,1.1576803,-0.041247763,0.2883728,0.51152927,0.4052665,-0.36674345,0.4425923,0.3440722,0.28623408,-0.18223651,-0.14354257,0.3729629,1.4085248,1.3956112,0.73166764,-0.2579095,1.4192836,1.7137307,-0.012324362,-0.33304283,0.34777984,-0.061165065,1.5729225,0.21717419,-0.022896685,1.502545,0.055616803,0.4471566
TARGET-20-PAMYAS,0.24764124,-0.19045196,-0.052748036,0.7987531,-0.009429779,0.44381866,0.45545524,0.8561346,0.07933472,0.015543677,-0.032438528,1.1686633,-0.25725883,-0.07076896,-0.23865941,0.08854774,0.94734436,1.1731703,0.044352133,0.37052193,0.43768224,0.18012132,-0.25242433,0.0958806,-0.08908788,-0.046289347,0.1744253,1.4509696,-0.40304595,-0.07515964,-0.18435365,-0.042100485,-0.026136804,-0.14060827,0.27611905,-0.14088722,1.1472589,-0.042006165,0.28780305,0.4898848,0.3699809,-0.36228058,0.40854734,0.36105633,0.31628528,-0.18060753,-0.14164938,0.35091054,1.4245529,1.3846452,0.6970624,-0.25914237,1.4077187,1.6792397,-0.009355541,-0.3342907,0.3617901,-0.065567136,1.5748346,0.19668818,-0.024761459,1.4759265,0.06632929,0.45931804
TARGET-20-PANLIZ,0.2849978,-0.1952976,-0.061498195,0.8456055,-0.008092477,0.4200125,0.49094936,0.8779866,0.0835626,0.017365862,-0.0309896,1.2223408,-0.26474988,-0.06956124,-0.24319685,0.0932621,0.95349574,1.2068512,0.048390035,0.46618375,0.44581142,0.17157681,-0.25814706,0.14301282,-0.09353044,-0.04828022,0.16508311,1.4954743,-0.41729137,-0.077468604,-0.18922056,-0.041367836,-0.027239013,-0.13841075,0.27510327,-0.14841317,1.2110876,-0.042226624,0.2778893,0.51470584,0.40793577,-0.3691406,0.42214394,0.37229106,0.30978122,-0.18358585,-0.14853457,0.3483001,1.4540598,1.3939698,0.7607837,-0.26729533,1.4334351,1.7569844,-0.01536088,-0.34402534,0.40152475,-0.06711482,1.629196,0.19237755,-0.0279506,1.473333,0.07511135,0.4342024
TARGET-20-PARCVS,0.28032485,-0.19033287,-0.054589387,0.8148286,-0.0082521,0.44870025,0.46441782,0.8546184,0.077558815,0.034922607,-0.03192641,1.209358,-0.2628323,-0.07108462,-0.24088407,0.09185956,0.95762575,1.196926,0.06439346,0.3985772,0.446183,0.14511146,-0.25692278,0.120586306,-0.09075583,-0.049103085,0.15957573,1.4780078,-0.4082296,-0.07486885,-0.18692285,-0.041318458,-0.027568514,-0.14025922,0.24789394,-0.14305279,1.1752646,-0.041656535,0.27003396,0.5295529,0.38799575,-0.36549616,0.42163676,0.33931512,0.2879333,-0.18125063,-0.14136629,0.34101704,1.4271792,1.3626951,0.7331775,-0.26224872,1.4193699,1.7274215,-0.011128196,-0.34111938,0.35887355,-0.064303964,1.6262232,0.21340246,-0.028061548,1.5061482,0.049592674,0.45393312
TARGET-20-PARDDY,0.25578287,-0.1893143,-0.054071862,0.795831,-0.0074898056,0.47176117,0.46547312,0.87710106,0.10089849,0.022966176,-0.036459327,1.1636702,-0.25092158,-0.07218483,-0.23811336,0.068172924,0.9367292,1.145758,0.045324977,0.35328463,0.3824563,0.18659654,-0.2511008,0.1017932,-0.089498095,-0.048996106,0.17863882,1.4621115,-0.3997178,-0.072608136,-0.18253429,-0.04559595,-0.025983686,-0.13492432,0.30952916,-0.13494776,1.1611485,-0.044714194,0.29098463,0.50708133,0.38611373,-0.35835272,0.4329003,0.36436933,0.30779567,-0.17472231,-0.14003728,0.33660465,1.4371222,1.3292669,0.66808283,-0.2543771,1.386283,1.6782271,-0.008185725,-0.32853377,0.33653888,-0.06595155,1.5829848,0.21069567,-0.02701575,1.4486343,0.094476976,0.46725765
TARGET-20-PARFAL,0.2661625,-0.19716461,-0.05854097,0.86525756,-0.009110094,0.44709265,0.49725035,0.8635615,0.102849364,0.044213403,-0.02947332,1.2211413,-0.26767454,-0.07146333,-0.24708287,0.085117705,0.9587527,1.1982938,0.030323958,0.43608886,0.4408576,0.18984817,-0.25715014,0.11897369,-0.09310568,-0.04794219,0.19735652,1.5020857,-0.42000946,-0.07616752,-0.18830545,-0.04295143,-0.027027601,-0.14482042,0.28767818,-0.14082041,1.1632986,-0.047588438,0.27320212,0.5376321,0.3845152,-0.37263867,0.43260178,0.38271782,0.26099777,-0.18402801,-0.14553328,0.31906873,1.4565943,1.3982016,0.7352943,-0.26982155,1.4630016,1.75658,-0.010288606,-0.3444533,0.36127564,-0.06805669,1.6646549,0.23235004,-0.029568953,1.5366536,0.06597016,0.4968063
TARGET-20-PARUNX,0.2836665,-0.1955177,-0.061983645,0.8441018,-0.010678751,0.45941418,0.52920437,0.9137211,0.10862665,0.055580117,-0.032388635,1.2724996,-0.2771891,-0.073233135,-0.25095138,0.056955405,1.0045007,1.2067274,0.015274231,0.4940265,0.49185872,0.12838487,-0.26323462,0.11689867,-0.09555943,-0.05514021,0.20152575,1.5321999,-0.42724967,-0.076571554,-0.19332033,-0.04139934,-0.030795474,-0.1434156,0.30196923,-0.14810604,1.1907612,-0.047843106,0.26949367,0.5601786,0.42898336,-0.37807995,0.43717214,0.34985673,0.26563317,-0.19025151,-0.15426679,0.33343652,1.4534038,1.4098333,0.82019323,-0.27331948,1.5027175,1.8190793,-0.010272565,-0.3486296,0.37670335,-0.067405894,1.7016779,0.23527373,-0.028192258,1.5390847,0.019615907,0.5398675
TARGET-20-PASGWH,0.25763085,-0.19360176,-0.053290706,0.7895253,-0.008078616,0.43478456,0.46584314,0.8821057,0.09275457,0.0065645915,-0.03363447,1.1637652,-0.26092356,-0.06974008,-0.24021386,0.07307248,0.9571281,1.151439,0.016750088,0.3887781,0.42736772,0.18384738,-0.2566026,0.10621497,-0.089544915,-0.04767822,0.16571791,1.4880072,-0.40619716,-0.073357984,-0.1852257,-0.04300193,-0.026458776,-0.14101857,0.30519712,-0.13750164,1.1582823,-0.0442762,0.30823886,0.49195522,0.36773267,-0.36682448,0.4061089,0.38602287,0.31823146,-0.18036719,-0.14431599,0.3394128,1.4667022,1.3884554,0.684813,-0.26125625,1.4350119,1.7015928,-0.010522203,-0.33194137,0.3515407,-0.066715196,1.6084504,0.18889236,-0.02618338,1.4839035,0.07406324,0.4826726
TARGET-20-PASGZS,0.25110438,-0.18971671,-0.053664025,0.7853533,-0.010812601,0.47415566,0.46708632,0.8583565,0.087611735,0.015183438,-0.033875562,1.182216,-0.25803992,-0.07256064,-0.23715797,0.07438002,0.9548315,1.112934,0.037507575,0.38246742,0.4233884,0.20331143,-0.2528133,0.09268817,-0.08935168,-0.05226403,0.1707243,1.4723092,-0.39886174,-0.0739777,-0.18578327,-0.038875125,-0.026733859,-0.14151813,0.31020573,-0.13875152,1.0974867,-0.046768475,0.30657703,0.49996254,0.38341868,-0.362534,0.40908244,0.36225688,0.31961894,-0.18028685,-0.14419645,0.34045628,1.433123,1.3683617,0.69119656,-0.25935492,1.4271917,1.701777,-0.00872204,-0.3300505,0.32883567,-0.06374929,1.5845432,0.20336838,-0.024124723,1.4701698,0.054958537,0.46949068
TARGET-20-PASMYS,0.25916898,-0.19302261,-0.06036521,0.8462284,-0.009592229,0.4755255,0.48707855,0.8624477,0.089424476,0.036767367,-0.03327907,1.2031444,-0.26642618,-0.07116892,-0.24219032,0.08686736,0.9596832,1.1613083,0.03472581,0.44305018,0.48945278,0.14549766,-0.25524843,0.11292595,-0.09079035,-0.051297516,0.17742424,1.4829252,-0.41092658,-0.07631676,-0.19147734,-0.039639182,-0.027357358,-0.14204846,0.30527583,-0.14555223,1.1697848,-0.040463146,0.28164917,0.56256664,0.41775203,-0.36730343,0.4253374,0.3463797,0.28218594,-0.1825764,-0.1458222,0.36303332,1.4467903,1.3941344,0.7675826,-0.2664006,1.4537532,1.7659913,-0.010414789,-0.34110335,0.3424712,-0.06540372,1.6186603,0.25411153,-0.024918815,1.5223353,0.044754438,0.45698783
TARGET-20-PASWAJ,0.2672092,-0.19199519,-0.05497362,0.77668756,-0.008858798,0.4658229,0.45594728,0.8644503,0.08428241,0.0127928555,-0.03392152,1.1914562,-0.26028526,-0.073000625,-0.23991595,0.07986282,0.94983983,1.1199292,0.00961388,0.40877524,0.4600829,0.20401229,-0.25368488,0.09577754,-0.09099956,-0.04921361,0.1768485,1.4773204,-0.40586638,-0.073970236,-0.1880484,-0.042241164,-0.024942236,-0.1401066,0.30581158,-0.13738927,1.1361029,-0.046705768,0.31278354,0.52394575,0.3877035,-0.36663732,0.418463,0.3829389,0.3222528,-0.18029603,-0.143659,0.35130388,1.4692764,1.407239,0.6959316,-0.2614656,1.4395719,1.7311795,-0.0077118436,-0.334481,0.3351601,-0.064590134,1.6014307,0.21365938,-0.02575664,1.4969372,0.06386127,0.48198572
TARGET-20-PATDNN,0.23110747,-0.18738939,-0.05106799,0.76738083,-0.007909615,0.43533522,0.46160617,0.8388605,0.06365375,0.023032349,-0.033449236,1.113558,-0.24587134,-0.07134845,-0.23452549,0.061667986,0.88876396,1.1162307,0.041345235,0.39677513,0.3695418,0.19132312,-0.24479122,0.11181706,-0.08777806,-0.046098176,0.1456436,1.4042872,-0.39274764,-0.071099825,-0.1767678,-0.0412668,-0.0267299,-0.13372889,0.30553502,-0.13472193,1.1153947,-0.041326735,0.2792797,0.4866761,0.34936142,-0.35092437,0.39396992,0.3342159,0.29427,-0.17128746,-0.13591722,0.34117082,1.3980483,1.3360714,0.6597694,-0.24864696,1.3793933,1.6367118,-0.007926281,-0.32410523,0.3232245,-0.062333953,1.5475881,0.19291426,-0.024651127,1.4139968,0.0892781,0.44895852
