,priv_mrna_0,priv_mrna_1,priv_mrna_2,priv_mrna_3,priv_mrna_4,priv_mrna_5,priv_mrna_6,priv_mrna_7,priv_mrna_8,priv_mrna_9,priv_mrna_10,priv_mrna_11,priv_mrna_12,priv_mrna_13,priv_mrna_14,priv_mrna_15,priv_mrna_16,priv_mrna_17,priv_mrna_18,priv_mrna_19,priv_mrna_20,priv_mrna_21,priv_mrna_22,priv_mrna_23,priv_mrna_24,priv_mrna_25,priv_mrna_26,priv_mrna_27,priv_mrna_28,priv_mrna_29,priv_mrna_30,priv_mrna_31,priv_mrna_32,priv_mrna_33,priv_mrna_34,priv_mrna_35,priv_mrna_36,priv_mrna_37,priv_mrna_38,priv_mrna_39,priv_mrna_40,priv_mrna_41,priv_mrna_42,priv_mrna_43,priv_mrna_44,priv_mrna_45,priv_mrna_46,priv_mrna_47,priv_mrna_48,priv_mrna_49,priv_mrna_50,priv_mrna_51,priv_mrna_52,priv_mrna_53,priv_mrna_54,priv_mrna_55,priv_mrna_56,priv_mrna_57,priv_mrna_58,priv_mrna_59,priv_mrna_60,priv_mrna_61,priv_mrna_62,priv_mrna_63
TARGET-10-PANSHK,1.3112288,0.6321402,0.47043642,0.2867435,0.37559026,1.3185066,0.50340843,0.23231173,0.07878059,-0.014463707,0.031369854,1.5738447,0.51252526,0.5048176,0.3320294,1.1901181,0.2610827,0.28509924,-0.01421491,0.36554372,-0.04697893,-0.017303085,0.66103876,0.29028273,0.07869136,-0.022219786,-0.005393143,0.4692071,0.07667403,0.46841824,0.08726126,-0.0049707056,0.3721878,-0.055252135,-0.09302785,-0.017716523,0.777986,-0.15121067,0.0011976026,-0.022754006,-0.011268749,-0.029423553,0.41945282,0.49377745,0.21916226,1.6856067,0.2565626,1.6003656,0.5964773,-0.0050925105,0.994667,0.16313685,0.4550269,0.22238739,2.3759155,1.8146017,-0.024176471,1.7571961,0.1453346,-0.0976557,-0.07676702,-0.030390618,0.5989905,-0.079204485
TARGET-10-PANTSM,1.5599416,0.7428036,0.38312116,0.3922671,0.4081328,1.449257,0.2754007,0.37556398,-0.027746934,-0.01756244,0.051344212,1.6535645,0.60044074,0.6265552,0.23801312,1.6581911,0.2765375,0.49987248,0.13198486,0.26833165,-0.08761902,-0.0021446196,0.8435589,0.57676864,0.019246487,-0.039078638,-0.013011612,0.6643446,0.07768497,0.36392078,0.11098157,-0.021424286,0.47946322,-0.0598541,-0.074817464,-0.0008860831,0.8828546,-0.16342466,-0.00025835112,-0.013816649,-0.009858535,-0.046791553,0.46508202,0.6609999,0.31352374,1.869299,0.20619778,1.6336932,0.6722355,0.018703245,1.3608944,0.26005328,0.5505502,-0.0027735208,2.7602472,2.3167808,0.0004937388,2.0503483,0.29016143,-0.11148148,-0.10743411,-0.047444813,0.5948179,-0.107386105
TARGET-10-PANUHA,0.9452003,0.53096384,0.40160295,0.3195074,0.22015853,1.0274491,0.29863364,0.14156295,-0.004962194,-0.01464544,0.113668576,1.1243035,0.3885509,0.38260597,0.12875581,0.9770717,0.25786224,0.22715083,-0.004167374,0.4046449,-0.058390297,-0.027210921,0.47228476,0.13240504,0.091732174,-0.023437122,-0.004874582,0.47092572,0.097678125,0.21145238,-0.009440678,-0.0036338635,0.3236009,-0.045964655,-0.064026944,-0.01438445,0.32302067,-0.10935914,0.011920232,0.045094922,0.045812413,-0.01744479,0.2680281,0.4839965,0.23587827,1.3255104,0.27533606,1.2136254,0.3983753,-0.002692412,0.77069026,0.16362977,0.37753457,0.18532373,1.7033737,1.501417,-0.004429111,1.2861129,0.0501054,-0.08284222,-0.059351154,-0.02160803,0.44645527,-0.05353805
TARGET-10-PANUSN,1.5101954,0.58059514,0.31080624,0.4105092,0.39376453,1.3416904,0.3418061,0.28894606,-0.011499705,-0.009069523,-0.0036854146,1.3792807,0.73870045,0.52342755,0.34149694,1.4438871,0.3407345,0.3937631,-0.014274028,0.3275383,-0.07566612,-0.013350864,0.56604135,0.74545026,0.16123559,-0.02305597,-0.02230115,0.61280525,0.05803833,0.24762529,0.052289013,-0.0098190075,0.5062051,-0.06406822,-0.09158906,0.012660812,0.960153,-0.15254782,0.13203768,-0.03090232,-0.011543453,-0.0337932,0.4697026,0.4421987,0.19296455,1.8667793,0.24945143,1.5299575,0.89399356,0.006846659,1.4516346,0.13025942,0.29379466,0.09223914,2.4945438,2.0041227,0.028392736,1.8449676,0.074746266,-0.087083034,-0.09993426,-0.06313057,0.37191704,-0.08998603
TARGET-10-PANWHJ,1.196833,0.60899645,0.11446957,0.085974135,0.7529915,1.5025958,0.24727264,0.092828065,-0.013073905,0.00030088658,0.14021583,1.4048613,0.38830742,0.3024639,0.20052773,1.5741119,0.1031547,0.28237772,0.31825945,0.303571,-0.043659683,-0.0118128015,0.5487813,0.8540338,0.06416194,-0.023347145,-0.027316784,0.5440915,0.34281167,0.70770085,-0.021173945,-0.036170896,0.48167422,-0.055285294,-0.08228143,-0.0030885853,0.6302728,-0.11946837,-0.002814417,-0.0054696756,-0.012985065,-0.031692874,0.2512817,0.8340899,0.3713544,1.6550074,0.018154807,1.4635706,0.49786222,-0.01624459,0.6839666,0.18915065,0.59636796,0.068176836,2.2534251,1.635458,0.10122427,1.5051152,-0.001504193,-0.06732385,-0.07170584,-0.041654117,0.2328926,-0.07135864
TARGET-10-PANWYH,1.7759552,0.7837765,0.5046702,0.37241971,0.39638096,1.5512927,0.27588117,0.3285562,-0.02170654,-0.0070750886,-0.014669715,1.8233134,0.78836614,0.6715348,0.3945838,1.7558041,0.3971066,0.513497,-0.018493226,0.20999126,-0.08224568,-0.018963046,0.8172977,0.9399548,0.16381356,-0.036394056,-0.02164206,0.6215208,0.14345811,0.20548299,0.18140782,-0.0074621276,0.5800218,-0.077253185,-0.117091775,0.04944596,1.337905,-0.17369454,0.06773546,-0.015015381,-0.017030094,-0.030393958,0.38402453,0.5147362,0.38842472,2.3079648,0.42854872,2.1468801,0.7016654,-0.010570484,1.5857611,0.50342643,0.5213852,0.15234494,3.1577663,2.402571,-0.0058562784,2.4722717,0.022955742,-0.1316716,-0.12735836,-0.07698889,0.7711349,-0.102916025
TARGET-10-PANXPE,0.7978314,0.35882384,0.17986065,0.017426243,0.5371297,1.2971017,0.10105949,0.04020313,-0.00082961604,-0.016365798,0.07664716,1.0421596,0.36460018,0.27102318,0.019975264,1.1565678,0.06010873,0.14924133,0.08073781,0.16165186,-0.044448867,-0.0026378362,0.35785997,0.40838024,-0.015219149,0.07366628,-0.028187249,0.24220185,0.21193989,0.6604318,-0.008135368,-0.013623806,0.28021315,-0.050765645,-0.064163655,0.056058537,0.56696093,-0.08022478,-0.005693728,-0.00456926,0.016599953,-0.041222226,0.11740046,0.4034198,0.33194917,1.0890963,-0.00088720286,1.0182906,0.19362201,0.053506017,0.44128266,0.052818425,0.24659327,-0.011040779,1.7285161,1.1166705,0.0902423,1.1352185,0.049098164,-0.040641442,-0.058368243,-0.041663673,0.23023137,-0.06481258
TARGET-10-PANYGB,1.3541474,0.66044647,0.3185437,0.023712168,0.10757996,1.6293708,0.28795028,0.28509486,-0.03001496,-0.058614384,0.018314827,1.6112798,0.8321816,0.83654326,0.26921508,1.4387834,0.30364513,0.40547353,-0.022742052,0.26291615,-0.06072094,-0.003799741,0.7895412,0.59072524,0.113539636,-0.044648997,-0.026957667,0.6634672,0.21284127,0.5322351,0.11707893,-0.025891233,0.72581613,-0.07621685,-0.08991746,0.19547266,0.7917442,-0.16899489,-0.007970824,-0.04454652,-0.01562858,-0.040446144,0.19931714,0.4641199,0.09967737,2.116659,0.28397256,1.6640614,0.78379107,0.014695391,1.0483218,0.07625576,0.6523274,0.26358166,2.5607173,2.0527313,-0.016701013,1.8862076,0.16529925,-0.0916478,-0.0929627,-0.0398197,0.5275874,-0.10206925
TARGET-10-PANYZE,1.460763,0.645386,0.29927766,0.28375646,0.32949468,1.3661512,0.388482,0.3715251,-0.016121842,-0.0058784215,-0.0058158813,1.506428,0.5287972,0.61848885,0.26424268,1.481633,0.19118306,0.45146224,0.0041387193,0.5579977,-0.067544706,-0.026160419,0.5725308,0.5918615,-0.0009515742,-0.03915535,-0.010397988,0.44943583,0.14571272,0.47709948,-0.0016826469,-0.0106482385,0.38870984,-0.08544797,-0.07276895,0.13411216,0.82431585,-0.1443246,0.07921465,-0.008569278,-0.022186333,-0.021502005,0.38252255,0.37731847,0.1870922,1.7439094,0.44335324,1.7849164,0.67681557,0.028715208,1.04691,0.21998137,0.38459674,0.059311606,2.4955668,1.9061211,-0.022183714,1.8815539,-0.010102086,-0.087214194,-0.10060904,-0.04449978,0.38990107,-0.08111575
TARGET-10-PAPAGK,1.1050338,0.5238415,0.24704406,0.2760842,0.36250034,1.0938003,0.19497943,0.18032545,-0.017717555,-0.007409656,0.034470215,1.3374184,0.4747551,0.38516802,0.10036652,1.0872666,0.23215148,0.4370338,0.015460104,0.225656,-0.05747817,0.019569965,0.42807442,0.35652807,0.04457345,-0.0354917,-0.011475291,0.38976207,0.13402252,0.46188155,0.035991143,-0.01943037,0.32181817,-0.038820036,-0.057116605,0.034877006,0.65564185,-0.11461768,-0.009627364,-0.021596171,0.083708115,-0.027899219,0.25678334,0.4853477,0.10227764,1.3458326,0.23222433,1.2682322,0.39270535,-0.0029510052,0.74319136,-0.0009274759,0.3006281,-0.00037928336,1.9787266,1.4782225,0.087434396,1.4760077,0.23162308,-0.057211466,-0.065517485,-0.030989608,0.32581684,-0.07100885
TARGET-10-PAPAIZ,1.0923425,0.50481284,0.00864318,0.102326974,0.7261502,1.3398728,0.15890035,0.22142175,-0.0019230269,0.0799064,0.049416054,1.3096524,0.29492578,0.13373835,0.21149707,1.277564,-0.013270812,0.49570504,0.11565191,0.033918917,-0.04144042,0.019620681,0.5534401,0.61745524,-0.008655845,0.09104001,-0.009336633,0.3437985,0.31794128,0.85907376,-0.010789099,-0.019753803,0.3103135,-0.04331382,-0.075088315,-0.0036668298,0.7682654,-0.10323925,-0.007149787,0.024174958,-0.012571678,-0.022823267,0.19703001,0.4873373,0.24552163,1.427086,0.019728392,1.299103,0.29165837,-0.002797377,0.61510795,0.23473953,0.2909089,-0.00095722044,1.911583,1.1532067,0.032502744,1.3856734,0.021759238,-0.05679393,-0.07761185,-0.03536646,0.036466632,-0.074152134
TARGET-10-PAPBSY,1.394798,0.63692355,0.32845125,0.12739687,0.39015704,1.1652405,0.3566308,0.23651743,-0.02578171,-0.04547665,-0.010610704,1.6941808,0.47457564,0.59180707,0.15210867,1.3668389,0.07228781,0.36142132,0.010392806,0.1276605,-0.062081214,-0.025067225,0.53657585,0.48080382,0.08732079,-0.04050305,-0.001951483,0.505591,0.12928715,0.61259466,0.122364774,-0.0048462762,0.486785,-0.056135423,-0.05991277,0.12723978,0.6742165,-0.12879662,0.021172103,-0.02228476,0.05798418,-0.03681134,0.25362056,0.6772101,0.17800744,1.576235,0.30257735,1.7023016,0.36690998,0.07251365,0.9035624,0.2478326,0.52375245,0.08333756,2.5898182,1.8360959,-0.018378863,1.8849657,0.2818943,-0.06751781,-0.08407879,-0.025894022,0.3795936,-0.07773187
TARGET-10-PAPCUR,1.1645591,0.49549666,0.19965428,0.32143176,0.4460685,0.9838581,0.34896484,0.26727957,-0.019472985,-0.011453486,0.14350119,1.1183279,0.34367743,0.36763722,0.15107185,1.1088042,0.13933489,0.31932998,-0.011319536,0.19211316,-0.054183163,0.014023149,0.5469772,0.68820655,0.13256234,-0.033054586,-0.014623657,0.4390478,0.22182453,0.44827205,0.083134145,0.019175319,0.39353743,-0.046139523,-0.06644008,-0.0004250009,0.7868984,-0.116054796,0.08669835,-0.012443142,-0.008867248,-0.009778829,0.24366994,0.38296616,0.12645201,1.3724358,0.10071045,1.233059,0.53539276,-0.00711741,0.81242496,0.20273365,0.2649646,0.042293757,1.9203154,1.3720456,0.0019538216,1.2818632,-0.0050021554,-0.053555857,-0.07276373,-0.0560595,0.22716781,-0.07383191
TARGET-10-PAPCVZ,1.1909181,0.6472454,0.2148274,0.29946262,0.48811287,1.314039,0.28560525,0.19864476,-0.017936349,-0.0066068606,-0.008853159,1.1773648,0.4299325,0.4910856,0.17735405,1.1075901,0.19764704,0.34267923,0.09964534,0.25768697,-0.05598228,-0.0057146526,0.64993155,0.5199684,0.021562079,-0.009552239,-0.021588976,0.44857904,0.11121702,0.39632505,-0.0040076915,-0.028250804,0.48027083,-0.058689363,-0.07386758,0.07270042,0.69576323,-0.1259662,-0.011019711,-0.00028611076,-0.0035322339,-0.034142565,0.22481489,0.5929426,0.23340811,1.6209096,0.21192558,1.3711236,0.58301836,0.058486708,1.0354277,0.18349043,0.38590917,0.07355988,2.1605012,1.6380738,-0.0048398403,1.591379,0.089292064,-0.08082071,-0.078488395,-0.040900555,0.3963627,-0.067070074
TARGET-10-PAPDJM,1.4965698,0.48325026,0.07675625,0.19047527,1.0621,1.584542,0.38601637,0.30145437,-0.015793096,0.1815194,0.23393856,1.3870485,0.37830302,0.18735956,0.2506751,1.5798059,-0.026372453,0.5947286,-0.0026955926,0.12700495,-0.047430314,0.012437375,0.75964236,1.0289918,-0.007741836,0.3018108,-0.018361779,0.6675044,0.42908365,0.9649244,0.04070897,-0.010866923,0.4245751,-0.057381816,-0.06961023,-0.028059566,1.1124393,-0.14660488,-0.024585504,-0.007886118,0.05034577,-0.02764836,0.56894326,0.31065986,0.18516988,1.6453005,0.11468445,1.4914836,0.41610202,0.047759496,0.6979798,0.12514253,0.21291316,0.10849038,2.4403343,1.4838313,-0.008979154,2.1031458,-0.0106194215,-0.08490354,-0.09158664,-0.033119723,0.23366119,-0.094691634
TARGET-10-PAPDKJ,1.1564494,0.5123089,0.472187,0.23909365,0.4460242,1.2221328,0.37555307,0.326605,-0.011911086,-0.026338084,0.17193885,1.2834581,0.34387287,0.4251437,0.12985313,1.2379607,0.15177962,0.36078078,-0.00029547626,0.275038,-0.056193586,-0.014589488,0.5408802,0.46539965,0.1728772,-0.015194121,-0.011341686,0.47159126,0.14112628,0.52603364,0.108862594,-0.008812611,0.45696902,-0.041642003,-0.061852362,-0.0027515907,0.60566205,-0.121323705,-0.0068709403,-0.018923411,0.04289546,-0.046331864,0.23745988,0.39574772,0.19833194,1.5683118,0.029966276,1.3090452,0.43833357,-0.011236913,0.93817395,0.24804662,0.33990267,0.18669331,1.9999952,1.5060561,-0.0060958974,1.6305419,-0.0029848672,-0.081827976,-0.07402526,-0.026394753,0.47762626,-0.07110117
TARGET-10-PAPDUF,1.5166552,0.68157214,0.17240873,0.28916055,0.8621252,1.5328696,0.42253512,0.21659228,-0.0061867754,0.23308657,0.060064238,1.6274762,0.41622484,0.13420281,0.37654224,1.7300439,-0.009345035,0.4146308,-0.017421285,0.058811367,-0.07202598,0.036250368,0.79690105,0.8932096,0.0866103,-0.0024302688,-0.014704707,0.5110237,0.29464725,0.91882795,-0.013350635,-0.028082667,0.38688585,-0.06516993,-0.07901537,-0.00806958,1.1500906,-0.1369968,-0.017317323,0.017997067,-0.026400676,-0.018923428,0.34510022,0.6442634,0.27347484,1.9063351,0.09464243,1.6794031,0.5962847,-0.017849786,0.9054789,0.22662863,0.42390585,0.05493181,2.4615,1.5386429,-0.00191918,2.0215552,-0.015598881,-0.09231841,-0.08085238,-0.04105624,0.16715342,-0.08254186
TARGET-10-PAPDUV,1.0828305,0.44164285,0.29767457,0.117611095,0.4956745,1.1864548,0.49957037,0.1661022,-0.0038045568,-0.00083156064,-0.000367349,1.4358759,0.3332121,0.31891376,0.38657916,1.2704297,-0.000848344,0.19375981,-0.005745813,0.21006906,-0.05847124,-0.024473676,0.78339136,0.5304228,0.20137483,-0.012624714,-0.015757263,0.29951838,0.072725296,0.48681766,0.13889068,-0.020569807,0.22632092,-0.04362558,-0.07411462,-0.010643205,0.85040915,-0.1367917,0.0011308827,-0.0075048,-0.025848275,-0.03649462,0.36596242,0.39820945,0.08163875,1.4214745,0.048628252,1.4609253,0.5144917,-0.0034539183,0.90043706,0.100692205,0.2008206,0.20923276,2.1015677,1.6329279,-0.028681068,1.4839195,-0.0014023137,-0.09024157,-0.065287404,-0.04275624,0.29813656,-0.07277443
TARGET-10-PAPDWT,0.86053556,0.36287302,0.08131294,0.0029350836,0.5330811,1.2054818,0.26953775,0.1335473,0.06150445,0.13277109,0.09270172,0.9698277,0.33307564,0.33853996,0.08608855,1.1018915,0.15847033,0.17871152,0.115654044,0.1614465,-0.034314085,0.0058690626,0.22911125,0.32582787,0.0198087,0.0345184,0.032447036,0.16242486,0.2155733,0.7238433,0.123778984,-0.024075275,0.12885667,-0.031246636,-0.041275214,0.276651,0.5368362,-0.08848662,-0.0050096055,0.06200691,-0.016490713,-0.017764991,0.14353254,0.23441997,0.24653439,1.1930771,0.052934505,1.2756013,0.16773385,-0.015424616,0.6628751,0.117414005,0.24504927,0.0478159,1.6307821,1.0640397,-0.004294856,1.1437697,-0.0013962149,-0.042695943,-0.054857638,-0.018331187,0.1402106,-0.05218295
TARGET-10-PAPECF,1.0804175,0.52108127,0.3114414,0.23173206,0.48561984,1.1764328,0.48699012,0.31135473,-0.010983136,-0.016125051,0.095645085,1.2625006,0.40196246,0.37375087,0.19857708,1.146948,0.01840464,0.29355094,-0.002866484,0.33158273,-0.04820964,-0.017404132,0.6853285,0.5379228,0.13955651,-0.012876004,-0.00947606,0.35182917,0.1476711,0.55385333,0.08856726,0.026434427,0.39325008,-0.043860804,-0.06657147,-0.017759647,0.6788961,-0.12186066,-0.012928647,-0.01427593,-0.013804111,-0.032076538,0.30911687,0.44985425,0.112989604,1.3853669,0.07126631,1.3023727,0.37728778,0.012111761,0.83305526,0.09374372,0.2642756,0.14632022,1.959501,1.4131421,-0.011341147,1.5846168,-0.01795771,-0.07937842,-0.07059864,-0.030326774,0.32479945,-0.06563576
TARGET-10-PAPEFH,1.211516,0.5360846,0.16139689,0.21851559,0.42662966,1.1068584,0.26793298,0.540983,-0.0056881113,-0.0025599457,-0.0039191185,1.3645254,0.35336655,0.2094697,0.17917489,1.1189333,0.09825877,0.41613367,-0.0017767746,0.37908536,-0.0784448,-0.00691434,0.57651824,0.5977632,0.030248662,-0.025812333,-0.0017913033,0.47344723,0.215473,0.430904,0.055601638,-0.014761278,0.43023103,-0.05012718,-0.073547624,-0.0011596137,0.7198578,-0.11989987,-0.0078060674,-0.013938739,-0.005764078,-0.0151096005,0.41008624,0.3881005,0.20585105,1.392436,0.26995674,1.4052733,0.3209858,0.09568266,0.94055784,0.13687338,0.51012945,0.13813011,2.1299796,1.638415,-0.005845663,1.6082717,0.07249068,-0.08000829,-0.07089482,-0.039930973,0.25311062,-0.07656092
TARGET-10-PAPEJN,1.3243407,0.6869336,0.5894937,0.35389766,0.42648718,1.3693961,0.52144504,0.26952294,-0.008411976,-0.026640404,0.10721661,1.6221353,0.5471343,0.48784116,0.18898009,1.4224943,0.33720064,0.35892656,-0.0140670305,0.3705523,-0.055646993,-0.013436124,0.62007713,0.46343148,0.06027244,-0.03640336,-0.014464981,0.49780294,0.11344586,0.33372208,0.062896326,-0.00019170456,0.39813527,-0.05414162,-0.07425276,-0.0046674414,0.7112863,-0.15223373,-0.0113429865,-0.020503439,-0.011996024,-0.04468313,0.3443046,0.4719115,0.09388897,1.7526737,0.33379427,1.5492595,0.53506577,-0.010718838,1.0895163,0.24326088,0.5581344,0.25858602,2.4246466,1.7775781,-0.0019683843,1.9314035,-0.0063138637,-0.10610539,-0.08304169,-0.03875364,0.5405918,-0.08664493
TARGET-10-PAPESW,1.2818034,0.49636683,0.16130373,0.21549894,0.7073982,1.4508867,0.45138907,0.28951374,-0.002524699,0.10168176,-0.0018089053,1.3818412,0.37171346,0.31487375,0.09701088,1.4193603,0.04588613,0.33286312,-0.0039658616,0.1036648,-0.046110492,-0.006391603,0.67665875,0.7044848,0.031215834,0.008128256,-0.024914477,0.42014036,0.22163723,0.7300126,0.08150314,-0.009965086,0.3668992,-0.0532837,-0.07850244,-0.012806363,1.0988398,-0.120429136,-0.009883434,-0.0028846224,-0.01737368,-0.032281764,0.38244388,0.32646006,0.10612257,1.6923459,0.18146329,1.4935675,0.33263803,0.03304764,0.8429319,0.09821483,0.33082566,-0.0033707377,2.2826734,1.3424042,-0.015558297,1.8294934,-0.005971605,-0.08284693,-0.07938615,-0.03907852,0.22600207,-0.083581164
TARGET-10-PAPGFP,1.1716752,0.6732202,0.33700737,0.165785,0.2782646,1.3780926,0.48538917,0.13687235,0.037724726,-0.01570463,0.1026365,1.5139147,0.40960002,0.37444273,0.16947494,1.0878832,0.2737853,0.23774432,-0.012858311,0.20033611,-0.048748147,-0.0073464597,0.61637485,0.65789557,0.070118204,-0.053391542,-0.008842111,0.47711903,0.15558758,0.57498586,0.23117425,-0.021123042,0.50690705,-0.06229539,-0.043014247,-0.008567722,0.674173,-0.14325963,0.039882936,-0.01722596,-0.0076858983,-0.026968991,0.43802008,0.54934,0.044038635,1.4470682,0.3048015,1.6156334,0.32409403,-0.004225649,0.89603436,0.13639247,0.34461066,0.22095296,2.1077795,1.4814261,-0.012723172,1.4710667,0.18822129,-0.072468065,-0.071530625,-0.053338002,0.3255078,-0.06990074
TARGET-10-PAPGYC,1.2637627,0.63733023,0.29712334,0.21542533,0.4017677,1.043875,0.31693077,0.2968314,0.014143335,-0.01100853,0.08208662,1.3420391,0.44600925,0.41892987,0.25429273,1.1821079,0.16281468,0.3686364,-0.0185142,0.2930076,-0.05378139,-0.020171368,0.5256116,0.41688517,0.13804449,-0.0074897273,-0.023618802,0.28948212,0.08463779,0.3140656,-1.7321483e-05,-0.0049273022,0.2804145,-0.052394807,-0.07297521,0.04089902,0.80467904,-0.117377296,-0.0100456,-0.002526939,-0.01835192,-0.021594312,0.34463233,0.36429706,0.09618589,1.5292547,0.21380235,1.3897468,0.5186381,0.01980656,0.83858895,0.1957725,0.42915002,0.08746791,2.05136,1.4574941,-0.007913776,1.5266978,-0.0016380142,-0.06954237,-0.06888586,-0.044939037,0.3342785,-0.07007424
TARGET-10-PAPHJF,2.4439225,1.1926354,0.9952751,0.36037928,0.42090917,2.1394157,0.5910141,0.4565988,-0.034543686,-0.059532817,-0.026675085,2.7320628,0.9691501,1.0443139,0.37995872,2.3706627,0.53583133,0.62130183,-0.040802505,0.5446604,-0.084617265,-0.019959403,1.2241738,1.044247,0.10800251,-0.07611262,-0.036276903,0.999505,0.24998984,0.13604125,0.58858216,-0.024694068,0.70644546,-0.10215747,-0.1336758,0.20757383,1.6874186,-0.26257595,-0.016058916,-0.0047450587,-0.0075096027,-0.02343192,0.5454138,0.6235111,0.3923772,3.0661228,0.90699434,2.9860277,1.186281,-0.009921789,2.2412338,0.3625124,0.7781351,0.3574467,4.4261065,3.3597558,-0.01469318,3.4636142,0.101251245,-0.1559171,-0.14418912,-0.057083275,1.2535512,-0.1655573
TARGET-10-PAPIJB,1.3298299,0.47087914,0.11068102,0.34163016,0.96681863,1.5472631,0.3157168,0.15462762,-0.0133447945,0.3095221,0.06874578,1.3817629,0.3990999,0.2811806,0.095605075,1.5405321,-0.013667002,0.5295779,-0.0049766027,0.0852943,-0.04279374,0.16665852,0.532218,0.86832273,0.009668902,0.06253535,-0.015009783,0.44904244,0.323269,0.9573946,0.054655563,-0.011539626,0.42445755,-0.044388175,-0.063981585,0.00773612,1.0935643,-0.13138558,-0.026952071,-0.0022191075,0.019614547,-0.019876884,0.3113491,0.36041847,0.22302693,1.5375848,0.052428167,1.4779024,0.12970102,-0.0015041166,0.68892896,0.14382331,0.2964571,-0.0037201475,2.2606368,1.3896166,-0.002631361,1.794345,0.05312339,-0.07557052,-0.09202527,-0.04554411,0.059397075,-0.06774733
TARGET-10-PAPISG,1.5153345,0.7135309,0.4448215,0.16984479,0.46202123,1.2906699,0.38548133,0.3861513,-0.015343008,-0.008225768,-0.012904112,1.8165345,0.40844578,0.48718977,0.30576426,1.4515296,0.2802313,0.4468034,0.010223858,0.519892,-0.10190568,-0.00568084,0.729432,0.73459333,0.08762418,-0.0520897,-0.0064886943,0.6880999,0.24043368,0.3023053,0.08866167,-0.010068498,0.34985858,-0.07720403,-0.07939725,0.06746456,0.9652684,-0.1552535,-0.007271351,-0.02055044,-0.007765479,-0.029707735,0.44310394,0.38072237,0.1935977,1.8922387,0.33267206,1.6739452,0.58927745,0.003867142,1.1361265,0.26951995,0.67277294,0.044723388,2.7276983,1.896227,0.13997923,1.954872,-0.00015395023,-0.1121058,-0.104870416,-0.055505075,0.47494233,-0.103080906
TARGET-10-PAPJHB,1.0132116,0.58729345,0.23554033,0.30462015,0.35925066,1.0728098,0.29491818,0.2976375,-0.017139664,-0.0067340047,0.05376837,1.1813308,0.3743729,0.36190334,0.24440944,1.0713578,0.10177382,0.19562836,0.049733333,0.16304676,-0.04317982,-0.025351083,0.5882396,0.42929208,0.09757476,-0.008970012,-0.027091563,0.37338024,0.043322857,0.39579496,0.025852162,-0.007580433,0.35904673,-0.041720103,-0.06366493,-0.0013976073,0.7816796,-0.11465801,0.12413198,-0.0078769475,-0.029001912,-0.033257294,0.26357955,0.29848775,0.096883014,1.3538213,0.19290046,1.4496275,0.2847986,0.02289391,0.7562495,0.09713145,0.15379837,0.18376763,1.881033,1.3838357,-0.024514725,1.3665963,-0.00647067,-0.07960539,-0.07320518,-0.039256185,0.35430577,-0.07420065
TARGET-10-PAPJXI,1.1346403,0.5436166,0.13433906,0.16139041,0.5546842,1.29038,0.38652366,0.36698738,-0.016494876,0.005269746,0.026913818,1.583953,0.5158385,0.32140604,0.26924565,1.2073977,0.09276841,0.26794836,-0.0045774714,0.39235747,-0.07427501,-0.023070509,0.7360906,0.5231574,0.06509991,-0.018879449,-0.0132776,0.4333563,0.03965324,0.5083319,0.10260071,-0.01734527,0.20063907,-0.05987085,-0.079045735,-0.0064396258,0.8923545,-0.1394878,0.2058604,-0.0073914984,-0.016196985,-0.036012348,0.46090093,0.32362986,0.18260258,1.594362,0.27598736,1.6224937,0.5431277,-0.0053422023,0.9645552,0.030636843,0.41717887,0.15206937,2.1963892,1.6569047,-0.017311117,1.6107198,-0.010013341,-0.083509564,-0.08914167,-0.034867167,0.33521706,-0.08371218
TARGET-10-PAPKNC,1.2188318,0.62068015,0.36284688,0.07080878,0.40025765,1.3442662,0.29765964,0.07657256,-5.235649e-05,-0.029459154,-0.0032887552,1.4710586,0.63650423,0.43408352,0.24970394,1.334275,0.19954136,0.19077097,-0.0021157213,0.3250506,-0.07299555,-0.0024309105,0.57040745,0.39821318,-0.0055136466,-0.04387344,-0.028756723,0.555661,0.016645342,0.466548,-0.001519439,-0.004927501,0.38885653,-0.07478907,-0.08847138,0.060997676,0.5246207,-0.14440326,-0.002778316,-0.012607256,0.07274753,-0.023401462,0.3351328,0.55077934,0.07186228,1.6941714,0.25706622,1.3665994,0.67728657,0.15774944,0.86904377,0.19796678,0.23037246,0.12725878,2.1433299,1.7705424,-0.012053068,1.4955889,0.05171909,-0.05951739,-0.07744289,-0.039928127,0.4289334,-0.08356523
TARGET-10-PAPLDM,0.89160085,0.5340482,0.15076584,-0.0074404404,0.67352617,1.1975136,0.36285838,-0.004413473,0.08890202,-0.0024152873,0.060293403,1.0255815,0.37652278,0.19631402,0.10749905,1.0128918,0.06656665,0.23018104,-0.009304065,0.17107919,-0.038962264,-0.004086247,0.5396685,0.4322658,-0.0003412133,-0.008512026,-0.0076194713,0.22229098,0.26483634,0.61024207,-0.0063940748,-0.028594533,0.25815004,-0.05668601,-0.08385121,-0.0010741529,0.6278453,-0.09598014,0.039334636,0.25074932,-0.0015180106,-0.02331804,0.3744305,0.738963,0.40508464,1.2714176,0.1311675,1.185568,0.4803481,0.008174129,0.71034706,0.10931729,0.27585927,0.020078883,1.7681782,1.2990508,-0.0075168386,1.5439295,-0.010070612,-0.046934526,-0.08347092,-0.031275526,0.2821131,-0.067504704
TARGET-10-PAPLTZ,1.0855103,0.5745731,0.41515204,0.21600533,0.4157622,1.2479249,0.43698806,0.26346067,-0.011819891,-0.019913685,0.099157795,1.3737586,0.40193725,0.37778178,0.14842674,1.1567849,0.26362017,0.27107084,-0.015573082,0.33965147,-0.05774649,-0.028969303,0.5621842,0.45494103,0.046325885,-0.03054731,-0.007574311,0.42917967,0.13563786,0.29953238,0.033769507,-0.005552221,0.4609788,-0.049991023,-0.06894543,-0.005490498,0.58164024,-0.12283095,-0.011340938,-0.002026837,-0.00847104,-0.032634206,0.2822326,0.4854002,0.1813792,1.609409,0.16163045,1.4589322,0.40737662,-0.007971259,1.0133955,0.33638158,0.44722217,0.14493065,2.1780055,1.6928536,-0.010315768,1.6988811,-0.0035287645,-0.08311344,-0.078185156,-0.03652908,0.5485538,-0.080859
TARGET-10-PAPLUG,1.0593505,0.8090811,0.5017841,0.21716721,0.3530523,1.1256489,0.39058602,0.034248106,0.033722714,-0.02306193,0.04245199,1.3091674,0.29766983,0.4409719,0.47104794,1.246648,0.31899202,0.302233,0.014643699,0.28660965,-0.07024305,-0.012872264,0.6402358,0.24396837,0.12461299,-0.020828966,-0.027674133,0.6197113,-0.0037407768,0.37239417,0.21417613,-0.018788917,0.5320298,-0.047831822,-0.074811146,-0.005216609,0.43576196,-0.1331297,0.07455124,-0.024750039,0.19014065,-0.048464842,0.3768538,0.608598,0.13959998,1.4896774,0.25527623,1.2247765,0.610863,0.10468372,1.015204,0.13021678,0.35879096,0.11388774,2.194662,1.9062772,-0.007542585,1.5083035,0.28688982,-0.090028964,-0.07150086,-0.022600552,0.63435626,-0.074447684
TARGET-10-PAPMVB,0.77896625,0.4499825,0.23566395,0.10720034,0.26452085,0.9243487,0.21138343,0.12839201,-0.014183975,-0.007124984,0.037653532,0.8933731,0.20848408,0.25724763,0.07801525,0.8560364,0.14497045,0.18115406,-0.001497303,0.246673,-0.038103666,-0.022552783,0.41985565,0.2905816,0.11426981,-0.004943187,-0.005597434,0.31261054,0.12787104,0.38874403,-0.0013524414,-0.012667467,0.42051193,-0.033704575,-0.061254073,-0.0070591434,0.45959464,-0.097051404,-0.008145508,-0.0062312726,-0.0038101182,-0.029785795,0.27278435,0.33870393,0.13643591,1.1477304,0.023364186,1.0599959,0.33531374,0.022557609,0.6811472,0.1533364,0.20313203,0.056973998,1.5930221,1.2366409,-0.010403538,1.1516045,0.042518985,-0.06562831,-0.05947971,-0.01666477,0.23410845,-0.05645932
TARGET-10-PAPMYD,1.3549228,0.6784597,0.5206217,0.15346563,0.3854807,1.5408936,0.5310439,0.29563326,-0.018196514,-0.05710278,0.16980685,2.1644619,0.6329017,0.6643765,0.30986902,1.4421397,0.22397554,0.34149256,-0.04602004,0.47522527,-0.05805542,-0.022307782,0.98563516,0.64536315,0.051666602,-0.033338938,-0.021073049,0.56068826,0.23371206,0.60746294,0.10632099,-0.005910645,0.58516765,-0.054820854,-0.09155851,0.1966496,0.92026967,-0.16955964,0.085406706,0.053399853,-0.013072389,-0.02911876,0.36198452,0.47660154,0.15191804,1.8148344,0.52941483,1.8185949,0.7033774,0.18083224,1.125794,0.2231694,0.46577808,0.18440689,2.7369595,2.24043,-0.013141304,2.2322774,-0.0004521169,-0.07782425,-0.106130734,-0.015143278,0.57916427,-0.09559768
TARGET-10-PAPNMY,1.186532,0.5814613,0.28727582,0.29364088,0.35792732,1.3025974,0.39146113,0.09162666,0.053913653,-0.016823,-0.00020790585,1.3108938,0.34317696,0.31466216,0.30035603,1.2933426,0.22968018,0.22333024,0.002061367,0.32917136,-0.05458622,-0.012426866,0.62810284,0.44877008,0.14620127,-0.0095375,-0.011605394,0.37118474,0.07000063,0.34631184,0.15285239,-0.019772517,0.42186967,-0.056877196,-0.07855828,-0.0036552218,0.81458986,-0.13240033,-0.010949629,-0.0072197067,-0.016168479,-0.017383562,0.3376844,0.49793983,0.13731316,1.648934,0.18604295,1.5880312,0.5469332,-0.00522373,0.9973518,0.11116781,0.43658143,0.16369693,2.2698648,1.668394,-0.01031144,1.740555,0.21911214,-0.07268055,-0.07335373,-0.031653903,0.55828387,-0.09500521
TARGET-10-PAPNNX,1.3896734,0.6747082,0.2090637,0.45301875,0.26366282,1.3360592,0.21826923,0.2963984,-0.015524193,-0.018074185,0.0902722,1.4825208,0.7935875,0.7635178,0.22595808,1.4541342,0.22914317,0.38469285,0.1735428,0.47377175,-0.061273154,-0.0040652505,0.34174323,0.6787451,0.12454729,-0.03601157,-0.027521808,0.57938,0.26278478,0.3969623,-0.019578662,-0.02375572,0.47504407,-0.06524388,-0.083683655,-0.00075874594,0.8265693,-0.13619484,0.086026505,-0.017603824,-0.026931746,-0.02041932,0.27639416,0.41189688,0.1799972,1.708096,0.074743174,1.5593969,0.75276196,0.018949024,1.1171126,0.21155229,0.53169805,0.17080797,2.5001264,2.0071445,0.003876444,1.7119225,0.1682475,-0.09140305,-0.08175943,-0.023277353,0.4419137,-0.09615161
TARGET-10-PAPPGN,1.0653675,0.4499038,0.32125464,0.37227103,0.24118488,1.1646925,0.24327049,0.1957787,-0.010437357,0.036994416,0.06845242,1.1731565,0.31829488,0.4548247,0.11176425,1.0847383,0.32875842,0.41458368,-0.004675806,0.22713287,-0.056659847,-0.01003195,0.4024998,0.4976401,0.08434977,-0.011230057,0.020128239,0.3845041,0.19182377,0.23816362,-0.0052481173,-0.013615786,0.37799123,-0.05900371,-0.0885246,0.027529642,0.6181364,-0.11833795,-0.0064678,-0.016832337,0.013177729,-0.0064851553,0.3112884,0.5021043,0.410538,1.5167009,0.29064724,1.4628328,0.6313305,0.047996543,1.0072984,0.23118359,0.29585648,-0.0047661937,1.9624739,1.6567631,-0.008340748,1.5698909,-0.002950233,-0.06307418,-0.07535321,-0.036266603,0.43716797,-0.07591119
TARGET-10-PAPRCS,1.3094293,0.57232434,0.30004135,0.36032978,0.36165437,1.0984293,0.33147377,0.27183744,-0.015970213,-0.0137480125,0.0275555,1.4365767,0.42825896,0.45192128,0.222898,1.2263412,0.24058336,0.38340616,0.03885607,0.36746246,-0.08436469,-0.014523855,0.49454376,0.6165183,0.09261264,-0.035433337,-0.011599149,0.61650246,0.15917687,0.19074199,-0.0014970679,-0.013209948,0.3095009,-0.05440095,-0.074498855,0.018394407,0.72322243,-0.14197735,0.034432553,-0.022936158,0.02645564,-0.023262467,0.3430245,0.5509514,0.21089123,1.5375793,0.29075354,1.4423629,0.55880994,0.0039176494,1.0708619,0.18601118,0.5119286,0.002149947,2.3155856,1.8067684,0.026388671,1.7183394,0.1658279,-0.09509014,-0.090530515,-0.038532767,0.38782758,-0.084695734
TARGET-10-PAPRFE,1.6141193,0.7151743,0.34892303,0.15452668,0.47808874,1.5128931,0.7968052,0.41132456,-0.01145911,-0.051053178,0.07312088,2.0871139,0.4635635,0.7490269,0.28279206,1.5176512,0.44553688,0.49432793,-0.011570753,0.42946392,-0.0410712,-0.051375955,0.82248074,0.5663837,-0.0023923488,-0.05887195,-0.0031516496,0.4899133,0.2639131,0.28433904,0.02588582,-0.00061205553,0.5241895,-0.065668784,-0.09119561,0.16767128,0.9725775,-0.176884,-0.017426437,0.024011005,-0.020490905,-0.025793552,0.33172756,0.5036607,0.19560286,2.092908,0.3285712,2.0817637,0.5893955,0.015864152,1.0227151,0.32961398,0.7185931,0.08770725,2.9800699,2.5121553,-0.031506497,2.1863267,0.060539123,-0.09475934,-0.090025015,-0.013720462,0.62595075,-0.09747305
TARGET-10-PAPSPG,1.7562435,0.5739797,0.06724177,0.34652728,0.41415524,1.3516804,0.21935993,0.3301498,-0.022682017,-0.0050794254,-0.007568784,1.4774941,0.40817058,0.50739014,0.15464266,1.5421095,0.14998695,0.4065825,-0.009739629,0.4910484,-0.08409705,-0.0057712733,0.75211775,0.87762326,0.12267245,-0.018631432,-0.011192548,0.6020383,0.17985019,0.30627653,-0.014448631,-0.014547611,0.58096784,-0.061714288,-0.08794658,0.023819976,1.1185907,-0.1475385,0.0009773634,-0.013784929,-0.021255136,-0.018417628,0.43102887,0.41137463,0.07250501,1.9484468,0.29713562,1.6323102,0.74731034,0.048479296,1.2645999,0.16275346,0.69602174,0.013750885,2.7987626,2.104652,0.011274677,2.040404,0.044857163,-0.12771396,-0.110377245,-0.06679155,0.3360088,-0.101441704
TARGET-10-PAPSPN,1.5591193,0.72901356,0.38861057,0.3617233,0.32638538,1.1829851,0.3285882,0.36145553,-0.024731716,-0.017822169,-0.007555415,1.6655006,0.39358184,0.44086993,0.29784462,1.3531538,0.17622378,0.58575433,0.01213819,0.49363375,-0.10176875,-0.007032433,0.70431185,0.7037488,0.05826027,-0.037532914,-0.009271149,0.65393853,0.19703512,0.1452961,0.05647273,-0.026849955,0.43075204,-0.06662851,-0.075248174,-0.0006128077,0.92099965,-0.15109627,-0.008387995,-0.016601877,-0.009812309,-0.02088862,0.39057165,0.6014157,0.14599974,1.6795632,0.3150985,1.5526236,0.65688765,0.06147147,1.1915789,0.32104245,0.606682,0.015433308,2.6597192,2.034097,0.086096495,1.9900072,0.13294066,-0.1182796,-0.10328952,-0.055379238,0.45322278,-0.09406667
TARGET-10-PAPTLM,1.5924606,0.80536294,0.24052572,0.20094137,0.4983855,1.4836855,0.60091144,0.41699696,-0.025114138,-0.045066122,-0.011440731,2.0282571,0.5383241,0.83408946,0.1726374,1.7316955,0.29018748,0.3705912,-0.0024379287,0.34361273,-0.06340953,-0.027707113,0.79032415,0.3841571,-0.0025938032,-0.04982738,-0.017768612,0.6863805,0.16538537,0.57763785,0.17893516,-0.022252603,0.5723186,-0.06852994,-0.098813705,0.24894093,0.725152,-0.17999469,0.0011825673,-0.010520407,-0.0027939111,-0.042500246,0.5151934,0.640755,0.12656629,2.1424656,0.5583839,2.2239773,0.69568264,0.032069817,1.2546777,0.12574941,0.69572693,0.13473895,3.1044874,2.502894,-0.01974897,2.334168,0.1342737,-0.11191217,-0.09458629,-0.04986644,0.71221626,-0.118400574
TARGET-10-PAPVTA,0.9509985,0.53503364,0.2078731,0.027009377,0.524757,1.2679743,0.33086196,0.11965799,0.12832369,0.08019909,-0.002148578,1.2413605,0.4168933,0.24378812,0.34284884,1.2963262,0.12497533,0.33332202,0.082964174,0.20384589,-0.03629151,-0.015516738,0.56928796,0.6083636,-4.027616e-05,-0.008691364,-0.012004413,0.34694037,0.20331477,0.6170588,0.063397214,-0.022454245,0.28729877,-0.049526446,-0.068039775,0.10642503,0.650296,-0.11100133,-0.009394777,0.10698506,-0.014744152,-0.03331405,0.4519857,0.55688447,0.22924107,1.3749281,0.2163532,1.4590993,0.46729344,-0.008228296,0.8230871,0.05586533,0.46671,0.08020195,2.006493,1.4656605,-0.019083181,1.4573394,0.017565463,-0.07027694,-0.06547224,-0.030292163,0.13403185,-0.06928763
TARGET-10-PAPZNK,1.4402071,0.71057934,0.41909304,0.3225755,0.36386183,1.2666346,0.29027578,0.32667726,-0.020886179,-0.029479835,0.07326087,1.6386756,0.47259519,0.5399378,0.28470552,1.2951006,0.20479745,0.35605642,-0.0004704226,0.48973286,-0.08010564,-0.010779389,0.781685,0.529503,0.16776456,-0.06501955,-0.0146075785,0.83180267,0.10124077,0.50110465,0.09952596,-0.025116077,0.4859883,-0.06674881,-0.07501766,0.022093732,0.7243708,-0.15495147,-0.012792627,-0.028987149,0.14235188,-0.027915835,0.43384287,0.6354911,0.06441715,1.7258296,0.34366512,1.6891665,0.45510805,0.026636168,0.8592718,0.23222467,0.67467815,0.024195973,2.5746036,2.0066597,0.13278821,1.9973365,0.27365005,-0.10583078,-0.094690345,-0.04404093,0.46483526,-0.10035224
TARGET-10-PAPZST,0.97890615,0.40952078,0.1671731,0.18946399,0.42130658,0.7768564,0.29731315,0.2631596,-0.018037004,-0.005584583,0.07713805,0.9141441,0.36763132,0.26542425,0.2381763,0.8688676,0.0995949,0.3201858,-0.00962785,0.26024544,-0.039052304,-0.0019918538,0.45277953,0.5436894,0.2513843,-0.019729057,-0.008148561,0.39638793,0.10123882,0.25362036,-0.0076960474,-0.007840457,0.38295513,-0.04321263,-0.053964864,0.017502684,0.75541663,-0.10115027,-0.00075912586,-0.009736171,-0.004718801,-0.006951598,0.23930837,0.31479162,0.12220758,1.1271132,0.1932218,0.9265462,0.47167453,0.019953992,0.7029991,0.09524419,0.13995129,-0.0059387865,1.7030705,1.167691,-0.005247369,1.3033761,0.024251897,-0.07018862,-0.061913997,-0.03343423,0.17889497,-0.060161717
TARGET-10-PARACA,2.2333057,1.1408303,0.6189776,0.31395888,0.5292413,1.6154704,0.6872749,0.40858117,-0.046307933,-0.050434448,-0.015928252,2.322988,0.7169148,0.7134496,0.36239135,2.0826385,0.22963336,0.61446464,-0.009924216,0.48534083,-0.11088904,-0.0123419445,0.9109157,1.0813285,0.018509788,-0.078587696,-0.025553325,0.87161595,0.29567122,0.4009746,0.20808981,-0.022313507,0.7630438,-0.09990664,-0.10701954,-0.00857925,1.1717246,-0.22376378,-0.008915016,-0.007041339,-0.016860072,-0.03859488,0.43600184,0.8839863,0.22081564,2.4856064,0.4632579,2.5226133,0.9414983,0.006679781,1.858278,0.43901148,0.9861991,0.08275007,3.870455,2.9253702,0.22112003,2.909785,0.14765453,-0.14280775,-0.13296391,-0.05846213,0.8543489,-0.13933484
TARGET-10-PARAKF,1.045427,0.60331815,0.20115134,0.17312159,0.42433283,1.2293094,0.3274488,0.16127363,-0.008417383,-0.0060949763,0.031057563,1.2722814,0.40314972,0.38445926,0.103313684,1.1044825,0.11217872,0.35013005,0.0993542,0.37077993,-0.055150498,-0.018266777,0.5466741,0.4402448,0.10045632,-0.00760839,-0.009014957,0.3914542,0.18746333,0.5385063,0.04759575,-0.0034686828,0.29458922,-0.037167177,-0.057235807,-0.0046287565,0.6341545,-0.116885655,-0.012585225,-0.015069194,-0.005961588,-0.045846205,0.23179068,0.4813742,0.17353663,1.3628244,0.06987524,1.210318,0.35014838,-0.011946578,0.7639397,0.13759315,0.45608243,0.08907324,1.8349868,1.4006393,-0.003895966,1.4374882,-0.0006630119,-0.07096529,-0.06742884,-0.031304654,0.33659407,-0.06354358
TARGET-10-PARARJ,1.5074861,0.7034082,0.504498,0.38378087,0.2819173,1.4141397,0.33976793,0.39713478,-0.0076417476,0.03540805,-0.01310883,1.7176976,0.61034393,0.64269656,0.37152198,1.3984952,0.5155948,0.2914117,0.015217364,0.2052653,-0.07887157,-0.017964212,0.69924164,0.5202909,0.28053468,-0.022346769,-0.010707661,0.51124114,0.10172452,0.14756742,0.07179038,-1.3567508e-06,0.4209522,-0.066738,-0.102876894,0.05185326,0.85067016,-0.14821191,-0.0033278165,-0.023573367,-0.0055873105,-0.021270227,0.33393112,0.40234444,0.23370785,2.1739657,0.48824668,1.870623,0.6714631,0.09341178,1.438744,0.40030771,0.24290457,0.19154006,2.5504882,2.237485,-0.021089112,2.0728002,0.28406075,-0.10682409,-0.08296299,-0.06324008,0.62654436,-0.09307039
TARGET-10-PARBVI,0.95346075,0.47043064,0.2194729,0.002549516,0.23489477,0.86849576,0.16495931,0.117291935,-0.011478305,-0.009470715,-0.0022608358,1.1922088,0.3466813,0.43066305,0.21796365,1.0288922,0.19587189,0.2262221,-0.00087825133,0.2743315,-0.059364855,-0.0074528414,0.54110765,0.3203673,0.26830637,-0.027301783,-0.016368976,0.47218612,0.10042055,0.37127978,-0.00609482,0.08052988,0.18479022,-0.04525797,-0.051773306,0.07657724,0.503848,-0.11246951,0.091197476,-0.017272975,0.013054115,-0.020003885,0.24780425,0.42416584,-0.001406077,1.2718098,0.24657267,1.1219575,0.46739596,-0.0001008153,0.72248584,0.13925633,0.31737977,0.019033346,1.8454168,1.354227,-0.0026005146,1.284363,0.15196869,-0.07704021,-0.07272916,-0.011964405,0.4838602,-0.059751797
TARGET-10-PARFLV,1.064911,0.68108624,0.12729023,0.21766894,0.28696802,1.1955729,0.16050515,0.27242127,-0.015936641,-0.01665015,0.20463568,1.3420709,0.41154146,0.43699265,0.23162954,1.1806391,0.24684393,0.21100852,-0.006635303,0.16012967,-0.06826547,-0.003464289,0.5664968,0.2923583,0.114828035,-0.016390612,-0.017997243,0.48767903,0.19027667,0.46206614,-0.010078161,-0.019231414,0.24731064,-0.045620807,-0.073480755,-0.0011872406,0.4872425,-0.10999943,-0.0011679064,-0.024633942,0.105981916,-0.03803444,0.26337516,0.5508989,0.26635134,1.3119928,0.1529049,1.3048558,0.45086673,-0.01223513,0.7381467,0.21945369,0.41783893,-0.0039160457,2.0294697,1.5515367,0.04469469,1.4234314,0.08526692,-0.06743532,-0.07334497,-0.024971254,0.34211722,-0.057986744
TARGET-10-PARGFV,1.0603008,0.51933575,0.09410339,0.14797856,0.4967366,1.2126746,0.16070367,0.1923804,-0.015171195,-0.0006200453,0.12334314,1.1669873,0.34935987,0.35995352,0.20739137,1.2063596,0.0038677193,0.3487622,0.10802502,0.13867174,-0.064996086,-0.00589531,0.51507133,0.4138388,0.03036862,-0.0028794233,-0.013295895,0.3434692,0.24575013,0.52132857,-0.006014607,-0.0152292345,0.29468778,-0.04320414,-0.066178896,-0.007129986,0.6649923,-0.10085227,-0.0061367247,-0.012630174,0.0083282,-0.03460383,0.26531744,0.52450734,0.2481483,1.3327833,0.07570031,1.2632529,0.39404976,-0.0025195375,0.73991853,0.2232476,0.33830354,-5.965866e-05,1.9688271,1.421538,0.040361833,1.4482088,-0.002460054,-0.058705013,-0.074895434,-0.030947212,0.27265462,-0.06213211
TARGET-10-PARGVZ,1.2673693,0.53787124,0.1401911,0.10831725,0.7616263,1.4299979,0.4675801,0.16096032,-0.0042864787,0.026327731,0.11149496,1.5313015,0.39029568,0.3746198,0.21634847,1.5162696,0.0016018413,0.36285755,-0.019161245,0.33460736,-0.054797538,-0.0059498805,0.5807358,0.8882337,0.0016546752,-0.031161377,0.0019932566,0.4277336,0.26163998,0.7817513,0.019721564,-0.016899629,0.43545333,-0.05342905,-0.06847344,0.007869943,0.97444713,-0.12522374,-0.016764546,-0.00057198957,-0.01678416,-0.026422238,0.23944046,0.28654537,0.24535066,1.5374986,0.045064,1.7750095,0.3706154,-0.0068390705,0.9913896,0.23206642,0.7165744,0.05386635,2.4382458,1.5019914,-0.00058553816,1.8419334,-0.002040619,-0.06998576,-0.07948861,-0.021092825,0.12116287,-0.0897175
TARGET-10-PARIAD,1.4639881,0.98170775,0.4633519,0.27820057,0.58370686,1.431418,0.42636207,0.30924124,-0.014991464,-0.055717945,0.11368142,1.7623293,0.5729135,0.6441405,0.34349433,1.5258211,0.24085417,0.38756153,-0.016336178,0.5023459,-0.06977576,-0.034772094,0.76162195,0.68149745,0.12452124,-0.053248834,-0.019996375,0.6080458,0.30914667,0.6293488,0.24146952,-0.014766797,0.500183,-0.052865144,-0.07103667,-0.005198915,0.9113637,-0.1532868,-0.024366567,-0.040936593,-0.014299028,-0.04676292,0.31207505,0.723726,0.27575132,1.7897155,0.26868227,1.7891818,0.55198574,0.01180587,1.0216756,0.07213894,0.59916157,0.14832236,2.811154,2.1780906,-0.0125888465,2.125453,0.025711745,-0.07956591,-0.08776989,-0.029840091,0.4158614,-0.102499425
TARGET-10-PARJSR,1.3377944,0.75526774,0.6604832,0.20927812,0.3930905,1.3609401,0.41004407,0.1295563,-0.005920647,-0.018690314,0.06932129,1.5875219,0.6492077,0.5109454,0.34114724,1.3433682,0.34184065,0.5197798,0.0040874667,0.35834992,-0.06532654,0.029449666,0.7746424,0.70261943,0.2888968,-0.032562654,-0.0221358,0.5695007,0.056770712,0.26545706,0.2305422,-0.025066853,0.44357172,-0.059307154,-0.056615997,-0.0003008705,0.8512148,-0.15839504,-0.015273063,-0.015424005,-0.023468222,-0.03342129,0.270537,0.433891,0.2686765,1.7041736,0.047217447,1.6772201,0.5737134,-8.153692e-05,1.1055064,0.3755823,0.25031453,0.15773675,2.5857325,1.7486937,0.006222848,1.7165526,-0.0036666614,-0.09948834,-0.09191426,-0.018301498,0.42931044,-0.09911388
TARGET-10-PARLAF,0.8123934,0.60353106,0.16198035,0.005464239,0.46661988,1.3012741,0.05503043,0.04924024,-0.022169214,-0.0013312725,0.059825905,1.1089803,0.49376035,0.3751731,0.30933714,1.2329131,0.05447202,0.36352453,0.13377997,0.09179496,-0.06550521,0.0803739,0.32131577,0.5752821,-0.019596241,-0.011201314,-0.031300727,0.46229023,0.33157253,0.7103566,-0.0017862853,-0.030996248,0.44367614,-0.038476225,-0.054056045,0.10111157,0.40574145,-0.10582458,-0.01308409,-0.013532415,0.064928114,-0.037372954,0.39152616,0.47165304,0.29250437,1.379364,0.1645128,1.0332485,0.2742999,-0.008062951,0.7200171,0.1736505,0.27953404,-0.009984753,1.76247,1.50697,0.09188636,1.165024,0.024178397,-0.05130011,-0.06883534,-0.018661339,0.2175409,-0.047892936
TARGET-10-PARLEK,1.0838795,0.547489,0.31354836,0.13370414,0.23809643,1.1092346,0.029002465,0.17056766,-0.013990672,-0.0185593,0.10001589,1.1970303,0.44333932,0.4837298,0.19553347,1.1916317,0.18297309,0.36661768,0.07273635,0.401977,-0.06315175,-0.012367847,0.45924255,0.40475562,0.02896141,-0.036368575,0.004890169,0.50501263,0.20882331,0.26347268,-0.004076306,-0.0240294,0.30142474,-0.05076174,-0.057306107,0.13830508,0.68334043,-0.10975416,-0.0010799695,-0.008429547,-0.013391887,-0.013837834,0.18889657,0.49176872,0.30804843,1.2880656,0.19479124,1.3463825,0.6264056,-0.0024975517,0.7553974,0.21382004,0.3748318,0.036915634,1.9079521,1.421148,0.10479456,1.2406923,0.2046744,-0.06951918,-0.06850856,-0.024505775,0.1977727,-0.07641001
TARGET-10-PARMSP,1.4116057,0.6946112,0.3832849,0.24552514,0.35589916,1.1673639,0.19729833,0.32929915,0.0121689085,0.019297415,-0.007508786,1.3554946,0.521404,0.23351492,0.26740164,1.5294837,0.06638482,0.35071686,0.026096381,0.2055208,-0.063306764,0.1306116,0.5610943,0.71253794,-0.009311773,-0.02692476,-0.027440106,0.3694986,0.19238698,0.35659584,-0.0015726838,-0.016145816,0.39467266,-0.07662407,-0.080228,0.03043608,0.897627,-0.11178885,-0.01961734,-0.03200732,-0.026679648,-0.026392533,0.32780445,0.44640103,0.17366521,1.5836027,0.08266494,1.3144557,0.61776966,0.023426354,1.1503143,0.27986944,0.38956502,0.05320866,2.4208028,1.8123239,0.038365435,1.6755484,-0.0011048567,-0.07887328,-0.07779091,-0.04917638,0.31832218,-0.091024056
TARGET-10-PARMXF,1.1782905,0.7383225,0.33053786,0.091728315,0.30020714,1.1595814,0.4837898,0.19674033,-0.020435851,-0.01823112,0.051047426,1.4924521,0.5180559,0.46047407,0.31234837,1.3876536,0.23132849,0.16767593,-0.00905754,0.23298524,-0.04576738,-0.013440156,0.67428374,0.481685,0.055134922,-0.033491,-0.016413543,0.4628556,0.11225839,0.44814768,0.13041215,-0.008520792,0.35169166,-0.059443515,-0.091887146,-0.0013869082,0.60004103,-0.15732108,0.101626605,-0.012774748,-0.0026151412,-0.03381742,0.24103096,0.43397787,-0.0014164004,1.5929257,0.39949328,1.5354412,0.6969786,0.06778719,0.86361504,0.053699862,0.44806024,0.08347204,2.3278766,1.9392152,-0.004624061,1.703178,0.18703,-0.07715007,-0.0757476,-0.035479017,0.5907362,-0.07724518
TARGET-10-PARPRW,1.7394309,0.7545753,0.47291216,0.4045546,0.3294972,1.3944176,0.6186579,0.25077677,-0.012609896,-0.01929902,0.007896919,1.8906683,0.47073764,0.4181615,0.23696736,1.4280741,0.4833978,0.56386757,-0.025462652,0.47791344,-0.09307819,-0.015372633,0.75618166,0.9097456,0.07905466,-0.061117977,-0.021751333,0.6175639,0.16401228,0.42250362,0.22924657,-0.02978307,0.65623283,-0.08325991,-0.070448264,-0.0048958366,1.0213873,-0.19033958,-0.010649869,-0.017533243,-0.00739927,-0.021774333,0.42867774,0.7618055,0.15747003,1.9012363,0.38400075,1.8899878,0.56770766,0.08325259,1.3214346,0.26861086,0.5069812,0.1989368,2.9915962,2.2713478,0.13472715,2.2477648,0.22020182,-0.11295632,-0.10899969,-0.077030025,0.50013834,-0.10041964
TARGET-10-PARPZJ,0.85823476,0.34189942,0.23523824,0.11770348,0.24522258,1.0276608,0.2376361,0.22090793,-0.008300043,-0.011437915,0.08511962,1.0579885,0.34556228,0.4199036,0.11477065,0.97723776,0.05643435,0.16878347,-0.00036222674,0.18197192,-0.04167452,-0.00066777004,0.52503324,0.45841625,0.08804666,0.018086474,-0.009600528,0.3125242,0.12090026,0.6561772,0.17490935,0.011359291,0.16315523,-0.036931284,-0.057649203,-0.0074097663,0.70826775,-0.113475166,-0.013405019,-0.020054612,-0.006569896,-0.037671726,0.43363878,0.3459709,0.12012228,1.1552093,0.16822042,1.0748788,0.33840308,-0.011470963,0.50582254,0.14279307,0.17683762,0.20278558,1.6258883,1.1514509,-0.006124168,1.159174,0.021393795,-0.044903167,-0.050889548,-0.023519602,0.3183932,-0.05422417
TARGET-10-PARUBK,1.7665461,0.91490006,0.5686161,0.24360748,0.34835824,1.5100237,0.2983359,0.25624293,-0.012527684,-0.023393843,0.059507344,1.7510717,0.6533252,0.63767326,0.3249771,1.7217243,0.25235105,0.5033217,-0.011689828,0.4873364,-0.09164161,0.14011472,0.7452846,0.7613669,0.07868661,-0.04913048,-0.013871766,0.70872986,0.23862876,0.25278264,-0.0120478785,-0.023761673,0.5080946,-0.0796931,-0.098183855,0.11127976,1.2924262,-0.17777374,-0.0024873991,-0.0050491407,-0.0063013174,-0.014308246,0.21193439,0.52309155,0.17847547,2.0546722,0.32529134,1.9092544,0.9383106,-0.013096905,1.3685347,0.38911355,0.65454286,0.23746285,3.0326722,2.090756,0.2487722,2.1817234,0.20992397,-0.123260215,-0.09902599,-0.044116627,0.43223622,-0.09384959
TARGET-10-PARUGP,1.5387392,0.83359414,0.26946607,0.24133651,0.44757944,1.3742605,0.2996383,0.38402414,-0.019091027,-0.04175446,-0.0037848216,1.6428231,0.5343732,0.5538257,0.1759239,1.4990044,0.012613259,0.50219667,0.06990009,0.306916,-0.06166927,-0.017739395,0.6859028,0.67410976,-0.01243218,-0.047230985,-0.01385458,0.49415854,0.30897903,0.57624114,0.30656034,-0.0062585804,0.42063522,-0.06227081,-0.06529259,0.02940407,0.8402659,-0.15141325,-0.0047524455,-0.008675012,-0.003022718,-0.04189493,0.44653687,0.661746,0.16716649,1.7588689,0.25358745,1.7987949,0.31135717,-0.007969346,0.9612476,0.13583595,0.695595,0.13963298,2.6217847,1.9350743,0.1325784,2.023164,0.07987212,-0.08974292,-0.092037015,-0.03573721,0.5406819,-0.09995278
TARGET-10-PARVWD,1.2136109,0.61084133,0.40353012,0.2708969,0.4907779,1.3788598,0.21123074,0.15843469,-0.022576325,-0.02434887,-0.011790301,1.6341547,0.4531176,0.38994366,0.3679616,1.2741994,0.31467816,0.2317291,0.07438369,0.40290415,-0.081480406,-0.008293675,0.5338743,0.37812185,-0.0033688813,-0.033892214,-0.014575592,0.47247425,0.2411537,0.48146445,0.08830896,-0.022924384,0.30599514,-0.0667001,-0.06646831,0.15693198,0.64865935,-0.123060636,-0.0068793776,-0.021784395,0.12898329,-0.047459085,0.15782209,0.5307431,0.2778881,1.7549233,0.10519129,1.375507,0.68843913,-0.002325032,0.99423605,0.18830983,0.41142187,0.11588493,2.2948513,1.7054754,-0.017973319,1.6664109,0.19065653,-0.057093717,-0.069564454,-0.052483916,0.32104674,-0.101346485
TARGET-10-PARXMC,0.8411828,0.5186027,0.18186614,0.12657116,0.31830877,0.96916056,0.24066448,0.1559796,-0.013017257,-0.0069315704,-0.007680324,1.0006005,0.44934544,0.38282573,0.06477271,0.8691775,0.13763994,0.2884793,-0.0004645936,0.23915097,-0.03990454,-0.012239625,0.45197544,0.4030105,0.019123858,-0.015778128,-0.017211342,0.26359573,0.06019711,0.3659859,0.0758512,-0.011135184,0.40768573,-0.04178912,-0.059546974,-0.0046900613,0.48597524,-0.09458972,-0.0010513213,-0.004684446,-0.00047958858,-0.02300295,0.28532034,0.2628484,0.22064625,1.2149975,0.18639214,1.089951,0.31412426,-0.00043203085,0.72823536,0.15795268,0.2926257,0.14252028,1.6383654,1.2643633,-0.017284675,1.2510498,0.0017117299,-0.054864235,-0.058921706,-0.03182661,0.2901539,-0.06211813
TARGET-20-PALGKX,1.3829648,0.6851837,0.32841554,0.12212133,0.37516055,1.2610352,0.2644233,0.20436203,-0.013702172,-0.006058605,0.04132626,1.332182,0.60487896,0.30899286,0.19046372,1.2749107,0.23024881,0.2199141,-0.010791129,0.407475,-0.08084628,-0.0027698746,0.48557702,0.68156403,0.09222783,-0.025279764,-0.031148398,0.45335552,0.07943987,0.4382095,-0.0074740336,-0.01741471,0.53999543,-0.06306256,-0.09315687,0.003202829,0.77583486,-0.13442175,0.077530846,-0.024030117,-0.01255257,-0.028667552,0.18099485,0.42871052,0.13659316,1.6597562,0.13516216,1.3688188,0.753742,0.07364925,1.240977,0.08074704,0.20002529,0.044061836,2.2627213,1.8995947,0.014310628,1.5720532,0.14237627,-0.067811035,-0.08091106,-0.041632563,0.35448042,-0.068908416
TARGET-20-PAMYAS,1.00848,0.48490256,0.32497212,0.18444245,0.30529848,0.97435945,0.3214989,0.21235773,-0.01999015,-0.013030079,0.038532414,1.0415115,0.39957476,0.21776086,0.20537977,0.8962106,0.23650694,0.24618055,0.057644077,0.3073821,-0.06422157,-0.01809282,0.25781062,0.5876902,0.2540713,-0.01821596,-0.032073207,0.23967884,0.08919364,0.32678398,0.2299427,-0.010991331,0.334541,-0.03704905,-0.05809948,0.076196365,0.5061244,-0.09348448,-0.0024214361,-0.027564947,-0.022315836,-0.026873231,0.034842864,0.29567486,0.07721485,1.2038934,0.0050597712,1.0501823,0.37337956,-0.0063570733,0.6424147,0.025076184,0.20853028,0.11452852,1.6184647,1.1357721,0.0969414,1.1885065,0.06035562,-0.05946642,-0.07114198,-0.033067152,0.26187906,-0.054637577
TARGET-20-PANLIZ,1.3292494,0.79300463,0.6004705,0.080210164,0.2979557,1.3709401,0.30997115,0.17402399,-0.010063056,-0.008080748,-0.0036332738,1.483933,0.71760714,0.5137201,0.16345698,1.4085202,0.60223764,0.4594897,0.15512252,0.55253196,-0.084627,-0.003916826,0.6572628,0.7922527,0.14525767,-0.015350151,-0.03445274,0.49663648,-0.004550039,0.28538716,0.06310843,-0.006261357,0.5952918,-0.06052775,-0.077875815,0.020520257,1.1359785,-0.15618545,-0.010447308,-0.01670857,-0.0014724978,-0.03775666,0.20379703,0.42630664,0.15076311,1.7234945,0.24332324,1.5282103,0.75798535,-0.018684262,1.3592384,0.043123733,0.41615182,0.16867502,2.5152342,1.6192961,-0.0008604396,1.7415054,0.24956092,-0.09606943,-0.097717896,-0.035192505,0.3900572,-0.068019584
TARGET-20-PARCVS,1.143399,0.61026984,0.43594953,0.21428531,0.50840235,1.3064907,0.45326042,0.08195725,-0.0006432933,-0.0205224,0.071000114,1.309714,0.48763818,0.33009356,0.30965647,1.1998171,0.29597607,0.29575446,0.023497324,0.41826493,-0.060244735,-0.015383616,0.62151724,0.6340463,0.017496051,-0.010777598,-0.032130312,0.23308821,0.08223353,0.43045682,0.19804828,-0.020192817,0.54625565,-0.05871724,-0.06920481,-0.0027408728,0.9635354,-0.123541795,-0.005910789,-0.012023374,-0.02225239,-0.033260822,0.34870648,0.3447844,0.16050258,1.5571699,0.097149074,1.432531,0.64898837,-0.008308715,1.0344298,0.23525004,0.24482858,0.30386537,2.260637,1.319404,-0.0101519665,1.5725614,0.019841854,-0.06880675,-0.08944266,-0.037691817,0.3644096,-0.06521414
TARGET-20-PARDDY,0.68820953,0.35842463,0.1537422,0.16572928,0.20858935,0.5846015,0.3227925,0.13522103,-0.017448068,-0.0015737581,0.12509485,0.8331947,0.3259542,0.16589305,0.114925444,0.73644274,0.12788779,0.24355878,-0.008608156,0.15036231,-0.03172667,-0.00774278,0.28146183,0.40259472,0.0758677,-0.019958114,-0.008540635,0.27185258,-0.0031478207,0.32689968,-0.0071471557,-0.013784391,0.3247786,-0.020374095,-0.056780454,0.03603902,0.3668424,-0.08141746,0.05358129,-0.013018422,-0.013118215,0.0030930005,0.112285435,0.39823794,-0.014102811,0.7257374,0.22563781,0.68776107,0.4330165,0.061189644,0.36393562,-0.008686873,0.05954524,-0.002043676,1.0296661,0.8596688,-0.008214549,1.0022609,-0.00065904524,-0.045078926,-0.04329322,-0.01915445,0.24274786,-0.030042125
TARGET-20-PARFAL,1.0569624,0.57148457,0.33922732,0.22838919,0.37687287,1.043623,0.36034667,0.15829581,-0.0157125,-0.007671232,0.19612637,1.249911,0.59507346,0.35231078,0.35947242,1.2649935,0.27713975,0.36616987,-0.005400967,0.21012242,-0.06839365,-0.0020882783,0.47177884,0.4745917,0.20077814,-0.032387838,-0.018809957,0.3323296,0.053705126,0.47110155,-0.017543012,-0.01356214,0.50522304,-0.03576943,-0.09669193,0.10406176,0.6475787,-0.122784816,0.10377349,-0.014222574,-0.013427006,-0.01800689,0.10285079,0.45394203,-0.010500324,1.3992592,0.3531317,1.2147187,0.72960544,0.045291282,0.85653275,0.08106045,0.20935524,-0.006425634,1.8421006,1.4977194,-0.023511244,1.5564029,0.044729713,-0.07741048,-0.08205612,-0.03722441,0.3902153,-0.055065632
TARGET-20-PARUNX,1.179017,0.7448687,0.38679746,0.08692223,0.40911335,1.1396878,0.46726996,0.2840587,-0.01976099,-0.0019339634,0.09421466,1.4834082,0.7149609,0.47418007,0.18083653,1.4199454,0.24384531,0.37042174,0.10826038,0.3679059,-0.07299338,0.10726014,0.64979273,0.6146545,0.28938097,-0.027190614,-0.018192893,0.48289195,0.040251378,0.52508575,0.07562743,-0.0021785102,0.3578861,-0.063800305,-0.06684601,-0.009356349,0.90880996,-0.13115251,0.030713473,-0.029285595,0.021182314,-0.031499565,0.22088762,0.40600982,0.17902033,1.723626,0.31692863,1.4769527,0.7085304,-0.01559332,0.9086257,0.11195514,0.3258266,0.090140566,2.1425781,1.5510175,0.06883143,1.6915663,-0.0030892964,-0.07131566,-0.09087125,-0.04374613,0.22250965,-0.09178172
TARGET-20-PASGWH,1.7976035,0.8470684,0.44475502,0.46410224,0.4324937,1.5493693,0.53977597,0.40165046,-0.012296741,-0.026300728,0.009689737,1.863797,0.90084267,0.7103317,0.55632937,1.7245846,0.35512388,0.6171774,-0.015486121,0.49274236,-0.09221584,-0.015032201,0.80817837,0.8236805,0.2542417,-0.044227254,-0.048595026,0.656221,-0.0015695732,0.34123087,0.055534367,-0.023529362,0.561781,-0.077609114,-0.08611589,-0.005686079,1.2911352,-0.19050296,0.17688742,-0.020106664,-0.02923949,-0.044033792,0.5861665,0.63084793,0.18069826,2.0498905,0.33329603,2.0476608,1.0659964,-0.00106287,1.6756655,0.20565985,0.43309838,0.16803391,3.0906842,2.503186,-0.009557264,2.2117162,0.1884524,-0.12913157,-0.12506126,-0.058139898,0.5037382,-0.10204796
TARGET-20-PASGZS,1.3165187,0.98317045,0.28460696,0.44500852,0.31092548,1.2232661,0.3534717,0.2959309,-0.017171394,-0.029394446,0.20157842,1.3178833,0.6085731,0.5192724,0.1326725,1.6460822,0.1805537,0.34397665,0.17909262,0.41989684,-0.09052091,-0.011272373,0.66288906,0.6032005,0.20939508,-0.036921248,-0.014942484,0.5868396,-0.007093391,0.6722615,-0.0006670844,-0.030295772,0.47618315,-0.06662127,-0.09758745,-0.0034702164,0.7678263,-0.15284106,0.03929631,-0.026039226,-0.026701888,-0.038164604,0.17466204,0.50874466,0.06050357,1.7055404,0.14055605,1.3753623,0.75312155,-0.023026308,1.0839629,0.11503457,0.37401175,0.20953657,2.4657958,2.1127102,0.07172717,1.751166,0.06454614,-0.0832335,-0.089879304,-0.040814713,0.65760887,-0.0828593
TARGET-20-PASMYS,0.9108975,0.5127113,0.38894883,0.07067494,0.13942842,1.0589935,0.25448063,0.1413868,-0.012439303,-0.0052785445,0.123146325,1.1107225,0.45390505,0.28227788,0.022631593,1.0081395,0.3331646,0.22895324,-0.0035956295,0.33379287,-0.059324946,-0.0049527693,0.26310524,0.4299785,0.049679518,-0.015815154,-0.015661865,0.124581955,0.077165216,0.5038719,-0.02620174,-0.013132389,0.27553943,-0.06443181,-0.07020507,0.004309192,0.48026207,-0.10069257,0.047258426,-0.010441379,-0.011731017,-0.0340763,0.04571738,0.29919603,0.12168495,1.116733,0.18652932,1.0538068,0.6222605,-0.012612032,0.79529446,0.031356245,0.359252,0.089466274,1.6833721,1.4730961,0.13575841,1.0371457,-0.0016114183,-0.060734905,-0.06965329,-0.013528689,0.21275404,-0.04818952
TARGET-20-PASWAJ,1.0780853,0.582977,0.19853124,0.15515544,0.36431926,1.1202297,0.28999346,0.19593412,0.08235015,-0.004966086,0.3217959,1.314204,0.5822974,0.26251745,0.128841,1.3224552,0.24453744,0.21696328,-0.0056426944,0.43266058,-0.061430145,-0.0026962026,0.47005442,0.63116217,-0.0029981683,-0.050026316,-0.015407378,0.34242237,0.19373427,0.46078727,-0.0006536823,-0.009784451,0.34230068,-0.059613414,-0.075866595,0.022269659,0.7105102,-0.11974609,0.13263872,-0.0015860911,-0.036973566,-0.032477994,0.3249223,0.5658074,0.18151279,1.323753,0.29401723,1.3391145,0.52784026,-0.0021547445,0.7438287,0.11992978,0.25502512,0.011711251,1.9510053,1.6223526,0.053093415,1.3484689,-0.009977671,-0.055360045,-0.073131315,-0.029355336,0.2140815,-0.059225794
TARGET-20-PATDNN,1.0684687,0.3077591,0.25492376,0.18205613,0.34825337,1.1996027,0.37560728,0.28827584,-0.01938178,-0.021461615,0.14370555,1.1133245,0.5611843,0.10241532,0.18650882,1.1785411,0.19637886,0.08585975,-0.008016236,0.32186198,-0.055488925,0.25686714,0.44426844,0.6383686,0.021045549,-0.038630776,-0.012379316,0.5189389,-0.005483516,0.36055288,0.106342256,-0.010889615,0.14193702,-0.060317732,-0.06632671,-0.0044642477,0.9366871,-0.116740726,-0.0048789806,-0.0074191876,-0.012917246,-0.014571543,0.08787105,0.39106995,0.09628253,1.1788275,0.13753238,1.0842773,0.49581525,-0.024493465,0.62043494,-0.0070515736,0.3045113,0.07063411,2.0939968,1.3956997,0.2625716,1.485252,0.15872714,-0.072461374,-0.0628911,-0.05247205,0.1899555,-0.067319
