,priv_mir_0,priv_mir_1,priv_mir_2,priv_mir_3,priv_mir_4,priv_mir_5,priv_mir_6,priv_mir_7,priv_mir_8,priv_mir_9,priv_mir_10,priv_mir_11,priv_mir_12,priv_mir_13,priv_mir_14,priv_mir_15,priv_mir_16,priv_mir_17,priv_mir_18,priv_mir_19,priv_mir_20,priv_mir_21,priv_mir_22,priv_mir_23,priv_mir_24,priv_mir_25,priv_mir_26,priv_mir_27,priv_mir_28,priv_mir_29,priv_mir_30,priv_mir_31,priv_mir_32,priv_mir_33,priv_mir_34,priv_mir_35,priv_mir_36,priv_mir_37,priv_mir_38,priv_mir_39,priv_mir_40,priv_mir_41,priv_mir_42,priv_mir_43,priv_mir_44,priv_mir_45,priv_mir_46,priv_mir_47,priv_mir_48,priv_mir_49,priv_mir_50,priv_mir_51,priv_mir_52,priv_mir_53,priv_mir_54,priv_mir_55,priv_mir_56,priv_mir_57,priv_mir_58,priv_mir_59,priv_mir_60,priv_mir_61,priv_mir_62,priv_mir_63
TARGET-10-PANSHK,0.4663789,0.736916,0.34406653,0.20036805,0.07221662,0.47541365,0.1786224,0.21132897,0.06511228,0.040316887,-0.022304911,0.11865303,0.51385015,0.43824518,0.29827183,0.45358026,0.20118243,0.17437565,-0.0062136822,0.18157193,0.1142178,0.4190188,0.10681602,0.14279519,0.43918604,0.1588822,0.023847105,0.19165573,0.1596052,-0.01034698,0.22739339,-0.017335525,-0.0068444842,0.54028493,0.103294805,0.59384596,0.41638234,0.50030065,0.37952352,0.44342884,0.18756092,0.18427388,0.16138503,0.08403125,-0.0056179636,0.16903636,0.19973144,0.11943117,0.27296412,0.554054,0.5436355,0.13283178,0.16125315,0.16153792,0.16837354,0.051298626,-0.012623401,0.16073802,0.28038225,0.13749722,0.674101,0.2627556,0.14335248,0.2346993
TARGET-10-PANTSM,0.5886444,0.69641,0.33024132,0.22747219,0.08390956,0.36689705,0.25908184,0.48993292,0.15098943,0.14522722,-0.003576588,-0.002500935,0.44117448,0.42169195,0.3496836,0.3328063,0.04312205,0.16995528,-0.02668607,0.23686177,0.08891578,0.15924306,-0.002071439,0.1433453,0.58855253,-0.0031245921,-0.0052230023,0.37507385,0.23204497,0.04342301,0.31651956,-0.02683684,-0.013349265,0.3842417,0.037202343,0.51516837,0.5305575,0.49030098,0.2766455,0.33068076,0.12542456,0.20824477,0.1901851,-0.002353339,0.018463764,0.16019583,0.31742063,-0.01776325,0.17787148,0.39835078,0.37964252,0.20166813,0.067147836,0.071640365,0.032222353,0.26367605,-0.0092242425,0.04384835,0.34063712,-0.004680015,0.69461924,0.30747893,0.052869327,0.06408198
TARGET-10-PANUHA,0.41783404,0.8274743,0.5020584,0.1684286,0.04470633,0.7795837,-0.012298474,0.43675572,0.10979219,0.3707518,-0.04432983,-0.027343605,0.48305032,0.48292178,0.094894305,0.42577565,0.21336569,0.43951783,-0.031354673,0.6298666,0.27744862,0.27634653,0.4541606,-0.00089689234,0.3301409,0.32508978,0.0482153,0.35847017,-0.0059336657,-0.00476988,-0.009667011,-0.013147599,0.28671134,0.5054911,0.31017122,0.77979827,0.8016353,0.65218824,0.29796335,0.6123613,0.32273352,0.5606215,0.39319697,0.1637682,0.056871098,0.7635175,0.19430056,0.074980855,0.19872795,0.48404378,0.6964522,0.34570667,0.21375631,-0.016272563,0.3885849,0.30522287,-0.0035314297,0.22753812,0.24051668,0.33554,0.59075445,0.34519014,0.11954949,0.5406972
TARGET-10-PANUSN,0.4370601,0.965375,0.4369519,0.057620317,0.018713605,0.67921454,0.1955564,0.1781609,0.13516797,0.3420635,-0.032099165,0.09253703,0.39476404,0.3373587,0.49219397,0.2123216,-0.0031732132,0.24252252,-0.024141684,0.37681428,0.24335656,0.22060503,0.17734055,0.061720066,0.4506343,0.17064038,-0.025384763,0.41529685,0.43806997,-0.0055032284,0.50616384,-0.023300782,-0.013928289,0.627093,0.030516036,0.79705775,0.58078563,0.7387334,0.33219892,0.5663953,0.34150496,0.038405888,0.081373304,0.19433376,0.052454177,0.49229518,0.27740425,0.17280789,0.35464442,0.56387824,0.8020128,-0.0039291135,0.33465183,0.23761405,0.013354089,0.1401943,0.014919582,0.14184609,0.53361887,0.18193784,0.7232734,0.44722226,0.10283738,0.00999165
TARGET-10-PANWHJ,0.22961363,0.8367798,0.6508059,0.25754318,-0.030270085,0.52769196,0.058550786,0.03414108,-0.024550281,0.5482218,-0.042687353,0.106166124,0.30978248,0.8314822,0.3343429,0.086879,0.080803216,0.31094214,-0.04196708,0.81765413,0.2979742,0.5037552,0.36311838,0.52546644,0.56760776,0.7310155,-0.00820491,0.20726873,0.424116,-0.018140947,0.15346856,-0.008042482,0.29152465,0.66905075,0.34675547,0.9045322,0.79768246,1.0152923,0.33680448,0.5987016,0.61774606,0.54540354,0.12294543,0.29905987,-0.004529752,0.65584785,0.32546064,-0.007798807,0.25174138,0.7040883,0.6626467,0.31335735,-0.0010685783,-0.005804024,0.09608464,0.2769908,-0.011637478,0.20306247,0.09504747,0.46684813,0.39260754,0.52796847,-0.029750288,0.7166959
TARGET-10-PANWYH,0.5725019,0.69895685,0.23347874,0.2495367,0.04568296,0.38887697,0.12963182,0.31288084,-0.0032240865,0.075748764,-0.019285807,0.12726955,0.5532005,0.37011012,0.2658703,0.29633087,0.21266204,0.17746611,-0.013359385,0.14815906,0.11415094,0.18125026,0.09794532,0.2296574,0.5156984,0.31840798,-0.009534404,0.17760314,0.43521687,0.032298744,0.35640353,-0.009549208,-0.007945006,0.59795785,0.07541482,0.539673,0.45507836,0.60546225,0.2814223,0.49567214,0.14721581,0.18139842,0.082316995,0.032763146,-0.022086537,0.19702047,0.36840567,0.053769756,0.19899125,0.44411057,0.55488473,0.12296203,0.21537828,0.3952142,0.037577115,0.08348027,-0.0067728506,0.073807605,0.33916667,0.16085105,0.521677,0.23679708,0.15332371,0.1803272
TARGET-10-PANXPE,0.5586929,0.5779871,0.5390109,0.27139476,-0.023811953,0.6250651,0.16589835,0.25163102,-0.008337679,0.31511715,-0.04537445,0.09020828,0.5129626,0.49405727,-0.0013613962,0.13873999,0.28794554,0.1579757,-0.028958231,0.65066457,0.04967641,0.4861055,0.039186656,0.39418238,0.3198802,0.55608135,0.117883906,0.2559939,0.3480198,-0.020730782,0.18655448,0.017013943,0.17553182,0.49779776,0.32486048,0.86342835,0.63014805,0.9379888,0.4672062,0.6407995,0.3195309,0.38193238,0.35743487,0.04652755,-0.012311381,0.35891414,0.09514704,-0.0072261617,0.3970138,0.50667274,0.64537305,0.2660581,0.21527748,0.10933277,0.07745668,0.31844893,0.017829027,0.18331252,0.30145708,0.5826073,0.48912066,0.337992,-0.0076289214,0.58766013
TARGET-10-PANYGB,0.5374794,1.016997,0.34014675,0.28823963,0.3185471,0.5816871,0.41704458,0.5512206,0.07006763,0.16320787,-0.023256322,0.07431993,0.4406552,0.40728176,0.54766357,0.20965473,0.045638856,0.37439197,-0.046573382,0.22818926,-0.0032344467,0.44324362,0.20701616,0.10070433,0.48446006,0.44965845,-0.0075120553,0.035499677,0.32985532,0.18631671,0.720293,-0.03780558,0.027154846,0.540918,0.33854008,0.90420073,0.58575535,0.90910244,0.42930582,0.74134314,0.39059326,0.45833707,0.34739622,-0.0050096842,0.10537031,0.43668926,0.20837945,0.29983377,0.051241435,0.6476035,0.80028915,0.052352816,0.33022204,0.28176287,-0.016957203,0.113254026,-0.005987014,0.27361128,0.50030464,-0.010231285,0.5620056,0.3461277,0.42839402,0.33459237
TARGET-10-PANYZE,0.67928857,0.83285195,0.38551033,0.34805486,0.055110253,0.60003436,0.25606567,0.38762796,-0.0023043833,0.0007751323,-0.022262737,0.044107,0.42910957,0.44572937,0.23774801,0.29060727,0.15260297,0.12544368,0.050593752,0.36166582,0.28984523,0.40438974,0.029558334,0.20356524,0.71896243,0.33358186,-0.00374614,0.22099751,0.44339952,0.09607449,0.3731253,-0.01616127,-0.007042785,0.58326983,0.09829845,0.6221065,0.4037785,0.7638058,0.44852,0.5463817,0.29755074,0.27729478,0.16803204,0.07238148,-0.014007414,0.12147305,0.3517099,-0.0020808391,0.119439155,0.5883739,0.653818,0.19694215,0.12145209,0.2770819,0.17245613,0.07184329,-0.0038613775,0.057419956,0.43940696,0.066755414,0.86966056,0.35501862,0.2808693,0.34895873
TARGET-10-PAPAGK,0.49241015,0.59634405,0.28207207,0.2039698,-0.017340483,0.48503345,0.17871578,0.29522175,0.1613847,0.22117789,-0.0054416396,0.13368228,0.33899128,0.32750538,-0.010598526,0.12869425,0.17898619,0.19533554,-0.024195878,0.19166875,0.07634458,0.12644264,0.008822251,0.05470851,0.3297776,0.22514668,0.13400382,0.2813461,0.09622508,0.011154719,0.34663296,-0.0022748888,0.1610602,0.49157014,0.118927546,0.5522921,0.7429118,0.40394917,0.13912195,0.48591298,0.20693767,0.44625747,0.22512035,0.12539692,-0.009260989,0.33985472,0.063367285,-0.0072301957,0.11701684,0.24325332,0.4290217,0.27226883,0.12577529,-0.029868534,0.3565487,0.1615561,-0.003691269,0.073787056,0.1199336,0.083841704,0.38535458,0.40165058,0.076007605,0.2882421
TARGET-10-PAPAIZ,0.359316,0.7206268,0.37652963,0.27862847,-0.011122681,0.74595106,0.044740047,0.2970342,0.046558198,0.41471946,-0.012356588,0.19620131,0.45584756,0.67867047,-0.005896302,0.38141203,0.18820499,0.28453168,-0.018095383,0.24672791,0.17514929,0.5132241,0.102675945,0.32736003,0.2998736,0.548085,0.0044817254,0.19490655,0.27757484,-0.009922967,0.3122614,0.025556033,0.09835215,0.57546276,0.22578853,0.76308763,0.7413204,0.96249425,0.2396959,0.6547421,0.32150656,0.40319592,0.26962486,0.056938037,0.048846435,0.5926163,0.12750065,-0.0052150832,0.27124402,0.42774475,0.547007,-0.0028877552,0.041483965,-0.016369058,0.20179531,0.3631796,-0.009490625,0.17201272,0.02692503,0.38933623,0.3020354,0.31247085,0.10810886,0.53977627
TARGET-10-PAPBSY,0.5164921,0.7943789,0.43235895,0.13178945,0.004334096,0.33062786,0.36261806,0.6541747,0.11687417,0.2504414,-0.0154823335,0.19633166,0.3963792,0.20021129,0.5832352,0.15681121,0.34518057,0.17245589,-0.0204844,0.32353365,0.014645338,0.51305246,0.011127818,0.045741647,0.26369566,0.24221432,0.03675405,0.2528432,0.12010178,0.05351603,0.35755837,-0.020422082,-0.002455645,0.2220397,-0.007704942,0.69307065,0.6005763,0.5286194,0.3400186,0.6061759,0.49989343,0.21269837,0.19185184,0.013246885,-0.016151255,0.29701957,0.21072216,0.18096186,0.11302656,0.3189686,0.6504241,0.1181718,0.26955226,0.11843853,0.16044477,-0.0007976733,-0.010822192,0.26457903,0.4837845,-0.012391942,0.4552697,0.41619056,0.1453747,0.29576966
TARGET-10-PAPCUR,0.36519364,0.9331903,0.25684598,0.29681006,0.1486383,0.50986785,0.042472813,0.48143017,0.00252093,0.25312945,-0.024989797,0.06516059,0.36912397,0.5148355,0.20754872,0.13442376,0.18445043,0.2452905,-0.02857472,0.19192347,0.013877042,0.3647465,0.095498405,0.41450447,0.3132549,0.2822582,-0.0074021295,0.20263425,0.05730397,0.16332735,0.41740113,-0.0069381087,-0.005471998,0.7043206,0.10910989,0.78390414,0.7666623,1.0492845,0.14289479,0.47669014,0.2474781,0.17772934,0.08940927,0.24600664,0.013621863,0.45730713,0.32849565,0.049396086,0.1934798,0.5691801,0.5965192,0.13043536,0.3707943,0.06986268,0.17013463,0.16372222,-0.00041619065,0.21600763,0.2994133,0.370906,0.6105805,0.43258235,-0.016010126,0.23117968
TARGET-10-PAPCVZ,0.67933637,0.8250408,0.48929474,0.353333,-0.01109976,0.5736903,0.13139373,0.51703984,-0.0011285391,0.58432925,-0.019438688,0.2005087,0.7252729,0.4448746,0.24946462,0.56088006,0.38681883,0.2932039,-0.032516476,0.2939666,0.021946963,0.29411206,0.06314812,0.50087273,0.33830357,0.44171217,-0.016050223,0.21090524,0.5125521,-0.018942265,0.2952537,-0.019523041,0.22126319,0.88505965,0.27246478,0.8684944,0.9385468,1.113178,0.4046611,0.47477704,0.31256142,0.27238393,0.37364498,0.32552913,-0.020969016,0.5636646,0.4218406,0.18461554,0.16530454,0.50594634,0.7589204,0.046047017,0.19257803,0.03779225,0.08330216,0.27818802,0.11278608,0.106191285,0.3928392,0.19847941,0.5137169,0.16309553,-0.004589522,0.33025017
TARGET-10-PAPDJM,0.14470401,0.8814387,0.6767964,0.34042838,-0.04689305,0.487557,0.24386406,-0.017019585,-0.006165925,0.23970465,0.1047477,0.08717981,0.5800539,0.5500737,-0.0016322896,0.5235194,0.11187703,0.10695659,-0.04866669,0.5436777,0.04319767,0.68699515,0.20302685,0.22552605,0.46920305,0.8119258,-0.00868317,0.21261907,0.54995376,-0.027681107,0.07674617,-0.016128585,0.2548459,0.6705432,0.42934698,0.7488448,0.8325095,0.9783882,0.16059628,0.9052491,0.4245918,0.5659287,0.17143036,0.06131459,-0.0064772144,0.5457617,0.14252721,-0.03389638,0.3920425,0.60570025,0.8424591,0.06413859,0.06407994,-0.015565919,0.20768389,0.18462569,0.006747351,0.36023605,0.13538052,0.72048885,0.42486814,0.47145432,-0.030103182,0.73218125
TARGET-10-PAPDKJ,0.49070618,0.9004458,0.33378232,0.4051712,0.10645189,0.6051126,0.28022006,0.47679982,0.17341757,0.35234672,-0.019831514,0.10771929,0.24466601,0.43750128,0.38134623,0.13977435,0.2039096,0.2415316,-0.020106556,0.109463945,0.24762961,0.3317979,0.1147849,0.29246277,0.4226942,0.5552185,-0.0024171823,0.18472998,0.2274616,-0.0064194384,0.38887054,-0.026960885,-0.005248292,0.55329615,0.30172783,0.66877496,0.83325523,0.78383857,0.2874598,0.48590142,0.19020763,0.29612532,0.25724646,0.12232702,0.13867338,0.50855684,0.18031344,-0.010556289,0.17826907,0.33957225,0.6077795,0.11750776,0.0067623034,-0.010485754,0.17628074,0.26980978,0.052711133,0.28562945,0.20182692,0.4773333,0.71749675,0.4270467,-0.0026901476,0.30166435
TARGET-10-PAPDUF,0.21740374,0.85434127,0.5749326,0.2861969,-0.015964886,0.62902784,-0.010017499,0.023940604,0.06544596,0.19668697,-0.011124947,0.039242554,0.45431116,0.71514034,-0.024949817,0.55231476,0.05207149,0.12562767,-0.026444023,0.4397344,0.2934718,0.57407516,0.15064155,0.2852084,0.57526803,0.6355477,-0.020602165,0.18869457,0.178013,-0.0067412616,-0.00022509546,-0.017460842,0.14093736,0.5936429,0.2679279,0.5162392,0.7363857,0.9497738,0.23850435,0.57899225,0.48960167,0.42292482,0.19732036,0.2946493,-0.008637824,0.6764561,0.32096598,-0.01186443,0.13620628,0.5001368,0.47674847,0.22047769,0.092667416,-0.010718933,0.32077447,0.25897723,-0.0062970775,0.34572896,0.1258731,0.5794966,0.40869492,0.14865771,-0.003162394,0.68244946
TARGET-10-PAPDUV,0.25260964,0.4673443,0.3306736,0.24839303,-0.012763371,0.33090004,0.010960076,0.37506688,-0.0036663306,0.07559483,-0.014177692,0.17341672,0.2999721,0.23248914,0.16129602,0.3522241,0.18199347,0.05907651,-0.0055139363,0.14767136,0.10276461,0.3088529,-0.0048189713,0.15876612,0.23179764,0.3403444,-0.01185015,0.22530723,0.04999483,-0.0020179434,0.3880599,-0.014030135,-0.00033022184,0.17752746,0.17126527,0.28773576,0.46963784,0.51634324,0.25075203,0.47697565,0.22755075,0.21987738,0.10701725,-0.0022297022,-0.0039768047,0.28818634,0.25762016,-0.011237775,0.16565827,0.26239806,0.38446987,0.072411336,0.199392,0.17993532,-0.0007962428,0.08146438,-0.009840387,0.21586391,0.3198899,0.14449592,0.22991544,0.300475,-0.00051614235,0.2268423
TARGET-10-PAPDWT,0.25695604,0.582319,0.2320935,0.2276406,-0.007157235,0.58737695,-0.012195626,0.3174266,-2.7711318e-05,0.27313974,-0.008167233,0.08994329,0.33601972,0.5191269,0.010736849,0.30860823,-0.0017609586,0.17372642,-0.0035359554,0.075034775,0.2663789,0.38324392,-0.0048773866,0.13519457,0.2700977,0.4933896,-0.01781903,0.27225742,0.13750827,-0.0108575225,0.31227452,-0.0098883705,-0.0033144334,0.39675826,0.013683105,0.4919947,0.5047909,0.6704267,0.24101552,0.48990536,0.21581888,0.15131252,0.19232647,-0.007928598,0.059953887,0.30516464,0.18734281,-0.024528392,0.09096941,0.20115218,0.46136227,0.109189235,0.1269215,3.9840117e-05,0.12554756,0.25810978,-0.008300077,0.09524417,0.12106802,0.33712196,0.33597407,0.35669747,0.021472672,0.36916175
TARGET-10-PAPECF,0.27682844,0.75866157,0.33683124,0.16803041,-0.004574899,0.6352987,0.102798045,0.3194065,0.1260749,0.39010063,-0.012861669,-0.0059156637,0.38893417,0.57189167,0.13959378,0.22404744,0.06338945,0.15380722,-0.015496156,0.35317567,0.2259559,0.31913427,0.01515355,0.2538104,0.4712113,0.35195956,0.036540397,0.19043322,0.15921058,-0.007823094,0.18333206,-0.014919107,-0.004870555,0.3548985,0.042330123,0.5984607,0.64628536,0.7850623,0.22805126,0.45575613,0.35857815,0.18329407,0.28497502,0.10610453,-0.0041936156,0.45127013,0.25261188,-0.0027309374,0.095482595,0.31017396,0.5566161,0.099326596,0.12621027,-0.015693674,0.1864677,0.28888065,-0.0133161815,0.19290496,0.109061025,0.42169183,0.43521953,0.26976874,0.003256172,0.36245686
TARGET-10-PAPEFH,0.26334628,0.85779375,0.31243998,0.10678125,-0.0127337575,0.5482857,0.090115264,0.17027445,0.061831262,0.50552094,-0.024838006,0.13308673,0.5609095,0.67370147,0.0971648,0.64814097,0.25165257,0.2830983,-0.0057101506,0.4104318,0.07869271,0.2972728,0.27301827,0.043344423,0.3528117,0.36373696,-0.01801231,0.34055617,0.10983807,-0.006695463,0.074203886,-0.029194087,0.012010688,0.32055196,0.18770626,0.6754941,0.695824,0.82876647,0.35418594,0.65385044,0.3144909,0.31568354,0.32625508,0.1913449,0.070226416,0.51286966,0.062766284,0.013761234,0.049139638,0.4577552,0.7210104,0.32425353,0.2573977,0.10106014,0.24333355,0.32453582,-0.014414537,0.29534444,0.06375189,0.50604343,0.36785203,0.31292793,-0.0001423657,0.5309207
TARGET-10-PAPEJN,0.33901143,0.64693755,0.28686053,0.17361906,-0.00010421313,0.5733313,0.13407937,0.22914901,0.019166548,0.28543624,-0.017682174,0.08752854,0.2623003,0.42244795,0.24391402,0.18505639,0.09073752,0.12322723,-0.010592307,0.22896823,0.24932578,0.5538246,0.20025586,0.21231337,0.44788563,0.38135883,-0.002868715,0.1653872,0.092140764,-0.0020754337,0.40329176,-0.017745854,-0.002948672,0.32764077,0.12100797,0.59568167,0.5875968,0.6855542,0.3416301,0.4804494,0.36386633,0.18416196,0.1962411,0.101031095,-0.0051181614,0.35071772,0.26372844,0.027386378,0.06953699,0.42616457,0.56094295,0.21668704,0.06976521,0.077133685,0.090360194,0.16757077,-0.0060450663,0.2342049,0.2668592,0.23433147,0.49800193,0.30809575,-0.000107276814,0.30009001
TARGET-10-PAPESW,0.4015745,0.5095248,0.320536,0.28393513,-0.0052733957,0.23224002,0.30820334,0.3328562,-0.0060157566,0.236716,-0.0043351725,0.0864971,0.5695184,0.47639105,0.058418825,0.3850751,0.117809415,0.20753306,-0.02260293,0.30878496,0.16164514,0.24663047,-0.00206371,0.2736404,0.5209325,0.37758997,-0.026734674,-0.0027389706,0.4757689,0.021248125,0.21157439,-0.0026124239,0.011565044,0.67110264,0.2984791,0.67512256,0.41237858,0.8432538,0.3597975,0.3759264,0.17663565,0.16060995,0.27731755,0.0028134827,-0.0012275942,0.15744063,0.54469836,0.14970255,0.24090162,0.5648965,0.5635411,0.18972199,0.11682767,0.04166387,-0.016950522,0.12314938,-0.015239052,0.028852355,0.26134905,0.0430682,0.44954485,0.22042218,-0.002427425,0.27105626
TARGET-10-PAPGFP,0.3444614,0.6813621,0.29657635,0.30094242,-0.009410607,0.40333894,0.14107056,0.22430903,0.07166374,0.19837643,-0.026709229,0.07831229,0.6160607,0.38972455,0.4506763,0.19215809,0.022771347,0.26398104,-0.018443657,0.3958939,0.2871057,0.32164872,0.21250223,0.14190187,0.32788903,0.11942357,-0.0066877194,0.10157886,0.4527031,-0.0027350558,0.14558771,-0.009978098,-0.003962045,0.46027362,0.21671984,0.504638,0.5657341,0.62362945,0.28438696,0.41642103,0.33228928,0.26634777,0.29091722,-0.0066004186,-0.001682686,0.21991715,0.36835024,0.09121375,0.24547286,0.5469633,0.52010334,0.070479296,0.15535569,0.11391315,-0.006365838,0.21381205,-0.0034582855,0.17278841,0.26633108,0.013760585,0.69513345,0.20277175,0.25973165,0.15099022
TARGET-10-PAPGYC,0.5850924,0.71297103,0.32870924,0.3577081,0.03595779,0.5410278,0.2758455,0.30931273,0.033636387,0.20205043,-0.0188022,0.12270206,0.38273668,0.41509062,0.28081626,0.15201643,0.10561602,0.25653467,-0.0034894967,0.20642535,0.25473315,0.35229594,0.28457776,0.196133,0.528854,0.29450926,-0.0033195117,0.32727087,0.5029632,0.051458634,0.3641333,-0.007812832,-0.008993881,0.5729434,0.2589874,0.60108125,0.5948081,0.5668161,0.30308548,0.4274574,0.30631107,0.18507789,0.15657638,0.15266123,-0.010557828,0.13837495,0.35989946,-0.0026514397,0.14254548,0.6091617,0.51142967,0.18612981,0.36641115,0.23607989,0.15177855,0.17358914,0.018505491,0.17934114,0.46608806,0.23656286,0.63169736,0.3030496,0.17345251,0.27482188
TARGET-10-PAPHJF,0.37174034,1.0803982,0.62306666,0.11985981,-0.016960777,0.60012,0.39807314,0.54754645,-0.0022497054,0.30666256,-0.027887076,0.3216864,0.4718755,0.45923913,0.70493215,0.5078967,0.28122973,0.16988991,-0.014534001,0.45209077,0.030172795,0.5367062,0.25867656,0.21068726,0.708971,0.4609813,-0.018554857,0.115021765,0.5359213,0.18750392,0.7062527,-0.035673145,0.0066673364,0.640514,0.123028345,0.9751935,0.6573159,0.9481434,0.38785505,0.7207241,0.3436967,0.265022,0.2514858,-0.0061871707,-0.009350233,0.42259014,0.33147824,0.16609113,0.15437724,0.48696035,0.8417867,0.27111283,0.21331348,0.18474676,-0.0019402407,0.0936414,0.13066572,0.25751945,0.41419765,-0.00068550184,0.7754381,0.58588415,0.1457109,0.2912464
TARGET-10-PAPIJB,0.5794182,0.8684044,0.44878408,0.5104004,0.0522248,0.7712668,0.19571543,0.3760851,-0.0047756,0.3232248,-0.030878613,0.12377438,0.47143456,0.469021,0.14126723,0.42429727,0.082350515,0.31194106,-0.024044214,0.60210097,0.19866937,0.5641028,0.28323445,0.33876395,0.41474152,0.50506246,-0.011194751,0.18471476,0.4153535,-0.014187469,0.32463497,-0.008687156,0.11548069,0.73807836,0.23953825,0.8441559,0.70792437,0.91202086,0.3827943,0.62868655,0.27744853,0.25992712,0.024639819,0.0074620675,0.052469116,0.40936416,0.31379342,0.1532742,0.14773965,0.60731703,0.6922366,-0.0006962763,0.1451783,0.24230017,0.057476223,0.22560781,-0.0051704943,0.22817287,0.3516039,0.34291053,0.653191,0.22282858,-0.0048113577,0.33229536
TARGET-10-PAPISG,0.2770322,0.8638674,0.15865077,0.093032144,-0.018401725,0.6580945,0.13864455,0.3357096,0.02511831,0.16884631,-0.023932919,0.111127555,0.6082993,0.47712386,-0.0063197888,0.23807932,0.32661274,0.119731836,-0.017509785,0.14365298,-0.0021051154,-0.0005458176,-0.007203719,0.17399018,0.23657821,0.31332183,-0.013934942,0.33935046,-0.0008826409,0.023045436,0.30320516,-0.022633655,0.3766732,0.39021114,-0.024066104,0.55999434,0.887323,0.7028234,0.5458189,0.5978389,0.25175488,0.3760613,0.2767546,-0.00045862628,-0.020963416,0.564798,0.28868347,-0.020866342,0.16168664,0.22601178,0.8238487,0.22239158,0.29464093,0.086681515,0.20220158,0.23891208,0.11269977,0.1732487,0.16610669,0.2863459,0.48481616,0.19426958,-0.0037087284,0.39373052
TARGET-10-PAPJHB,0.45402262,0.7009711,0.28307405,0.2960902,0.010690793,0.3706453,0.15780333,0.41115338,0.06321202,0.15076049,-0.0060619153,0.15221344,0.4306093,0.39342353,0.27638838,0.2814563,0.07591619,0.20273629,-0.0053703547,0.08223039,0.13725223,0.21101588,-0.0017416116,0.17835756,0.5385014,0.28800347,-0.007905515,0.17030963,0.37932566,0.10150917,0.3759594,-0.01776619,-0.0077507123,0.37379798,0.12355148,0.5343885,0.4060777,0.58151907,0.30720297,0.4039515,0.22031954,0.2026642,0.23137769,-0.0026173939,-0.010576821,0.08924074,0.26900956,-0.0015401918,0.121432655,0.41211528,0.49750426,0.20933522,0.15468179,0.30044913,0.000787694,0.15715551,-0.013480877,0.10989198,0.34780738,0.015264772,0.52969134,0.10354816,0.10451297,0.20507593
TARGET-10-PAPJXI,0.39846298,0.5544084,0.26784068,0.19655004,-0.008481984,0.45302668,0.16756777,0.25234163,0.07467368,0.21913923,-0.009685778,0.09846562,0.23209585,0.5048438,0.04384453,0.17708299,0.110722356,0.03571353,-0.015066588,0.2140978,0.09622951,0.1293679,0.010026939,0.2658962,0.4087963,0.36922017,-0.006830431,0.20271847,0.14643106,0.045643307,0.29541332,-0.013455522,-0.0016863451,0.34762964,0.12569414,0.59563875,0.41193932,0.5897692,0.33674854,0.4952997,0.2026487,0.1585932,0.11185229,0.054314375,0.0014900342,0.16754875,0.1798753,-0.016838552,0.19177954,0.21057376,0.55363923,0.17699008,0.1719099,0.1004629,0.1786601,0.20564315,-0.0048128027,0.10210143,0.26587844,0.264249,0.504877,0.36660478,0.11671692,0.3690792
TARGET-10-PAPKNC,0.39535144,0.7843858,0.3704929,0.14867067,0.20150584,0.49322346,0.28667596,0.4852265,0.046779636,0.37873217,-0.030769182,0.096420065,0.40272313,0.35848752,0.62561035,0.19729058,0.21360724,0.32119086,-0.026278857,0.27576694,0.1285446,0.35289425,0.019555688,0.2505586,0.28865594,0.24781123,0.012924302,0.36715096,0.036401827,0.10365802,0.46136463,-0.026041437,0.09381236,0.47870353,0.11537371,0.48883513,0.58769,0.55627793,0.32150543,0.46661863,0.303036,0.13054806,0.12976298,-0.0015546663,-0.025066182,0.3865153,0.24384727,0.17286159,0.36672595,0.5945536,0.68920404,0.053269174,0.2796506,0.2882847,-0.0042163245,-0.004362227,-0.0059131375,0.31810346,0.47804883,-0.016150678,0.8498724,0.2977897,0.08875042,0.18975109
TARGET-10-PAPLDM,0.26583496,0.4293368,0.301242,0.27869576,-0.006244973,0.70860285,-0.008420329,0.3954537,0.0022959262,0.2261648,-0.0271565,-0.004180721,0.654035,0.5548483,-0.013935434,0.48273337,0.34407365,0.15450391,-0.0079716155,0.17766602,0.16426733,0.50340456,0.30726475,-0.00015783384,0.23419978,0.39729986,-0.012371053,0.25762805,0.118683904,-0.008999408,0.2063619,0.057720274,0.07544562,0.6470898,0.09539217,0.5268405,0.5505986,0.65993667,0.19487067,0.6160904,0.12620667,0.32070947,0.4664457,-0.01732641,-0.008659742,0.65481853,0.3469513,0.024952639,0.4272856,0.49180233,0.37230742,0.07607076,0.078658864,-0.013928428,0.03383076,0.25113955,-0.03639899,0.05430982,0.19222684,0.287098,0.07807676,0.26146132,0.1522366,0.3467196
TARGET-10-PAPLTZ,0.3722407,0.8055576,0.3084984,0.20601702,-0.018171094,0.5631765,0.14874966,0.1988844,0.075804934,0.46387407,-0.0039768512,0.014507767,0.40168574,0.52801764,0.11234132,0.30274516,0.15196657,0.18221305,-0.01929165,0.2848688,0.17248446,0.43973005,0.16377257,0.29065013,0.36636883,0.3528554,0.039292518,0.17375712,0.255451,-0.016347906,0.1486094,-0.01626048,0.09050903,0.49413285,0.14773679,0.67620325,0.7836386,0.68599373,0.32723016,0.53903735,0.345071,0.23855528,0.16920502,0.0981806,0.033873294,0.3837179,0.18277787,-0.010126763,0.14131346,0.2542402,0.63655317,0.25659057,0.13951698,-0.0006549768,0.1598317,0.31180373,-0.009929749,0.24761933,0.2150803,0.31936395,0.45811856,0.34056613,0.0773952,0.4006459
TARGET-10-PAPLUG,0.6874507,0.8140545,0.33736733,0.25151303,0.116973035,0.6055169,0.16573691,0.31782287,0.086662486,0.21396704,-0.023476496,0.16131507,0.5308761,0.4753366,0.4329788,0.39172643,0.27769113,0.12537745,-0.005457751,0.328336,0.27191368,0.5599324,0.20211525,0.19447444,0.47485948,0.30111295,0.0519006,0.09658885,0.13971822,0.010468818,0.34385937,-0.017654318,-0.002572786,0.5221755,-0.01708955,0.5188615,0.56263125,0.6968536,0.3402191,0.52971745,0.2775493,0.34560773,0.18456124,-0.0059844987,-0.01223535,0.33206505,0.2735,0.15292063,0.012519907,0.5141764,0.6098542,0.16899066,0.14270909,0.13287652,0.17462198,-0.0030139894,-0.014217955,0.24936806,0.29615322,0.13058442,0.58353037,0.14820464,0.057294633,0.24837707
TARGET-10-PAPMVB,0.43014446,0.73023796,0.27711096,0.37182114,0.13198867,0.55096847,0.3143865,0.45983818,0.08876762,0.13619578,-0.022794718,0.11261618,0.31934237,0.2796828,0.3347632,0.3034734,0.10283166,0.2521185,-0.008854797,0.10324934,0.09908742,0.40406942,-0.007315588,0.35116756,0.48393595,0.11847603,-0.005373988,0.077539764,0.56698364,-0.013866006,0.3665297,-0.027584968,0.039875343,0.46980712,0.27809992,0.6371473,0.59052706,0.6698541,0.36186057,0.4175331,0.25214088,0.16825041,0.2213392,0.0318541,-0.0035938472,0.3116233,0.23404378,0.10285053,0.13250181,0.4827693,0.4743387,0.18507698,0.22794645,0.13492434,-0.01651533,0.17196319,0.13355066,0.028117552,0.44518524,0.16190745,0.7179943,0.053203315,-0.00047273422,0.062142286
TARGET-10-PAPMYD,0.7321982,1.3562958,0.62086856,0.2694793,0.11008768,0.871626,0.72531635,0.647739,0.03021786,0.448273,-0.045691337,0.074288025,0.47951978,0.5661504,0.86462975,0.16937473,0.2483263,0.30823505,-0.027131526,0.24386351,0.19484207,0.4561239,0.57290155,0.35967553,0.4945935,0.3487272,-0.0059370757,0.11633086,0.76383066,0.26579726,0.8435041,-0.051915403,0.016059373,0.7345502,0.3886651,1.1969213,0.96740526,0.8170883,0.3370733,0.92425597,0.5766896,0.11765197,0.30524585,0.21671686,-0.017434847,0.5204811,0.14092901,0.5708198,0.13601413,0.902422,1.025757,0.07340933,0.5588842,0.30629578,-0.011084242,0.07863271,0.2675302,0.46418294,0.83791256,0.15132518,0.9901344,0.6959663,0.52031446,0.5018345
TARGET-10-PAPNMY,0.62237465,1.0955086,0.39227325,0.2986038,-0.013477296,0.3912597,0.3182753,0.6432278,-0.007013471,0.33863878,-0.024051238,0.32703635,0.45978716,0.43161988,0.70708054,0.2956218,0.18835703,0.3474518,-0.018601635,0.64929605,0.2194407,0.3872009,0.20571499,0.59057987,0.5950127,0.42276308,-0.030172264,0.31245044,0.75273734,0.1375622,0.74352694,-0.028177345,-0.024169922,0.60813147,0.2907166,0.8268675,0.6034541,1.0427092,0.51847285,0.7042841,0.42165512,0.39876375,0.23224603,0.24320954,0.025130417,0.37684,0.5035833,0.16273166,0.08618578,0.65893364,0.85968345,0.22614703,0.18137112,0.22663794,0.09442332,0.26736152,-0.0005941338,0.1658852,0.44445646,0.09338577,0.8245158,0.35272962,0.14089778,0.2202914
TARGET-10-PAPNNX,0.3680119,0.68473,0.372548,0.10574595,-0.006083205,0.49865422,0.20660064,0.42065522,-0.0014857274,0.13170949,-0.01169805,0.13570024,0.2821057,0.20596619,0.14969653,0.12334515,0.18601435,-0.0016891733,-0.017391752,0.31807292,0.25176996,0.2649365,0.14015806,0.20132472,0.2632414,0.15849194,-0.019738277,0.21785247,0.2665747,0.10711536,0.41997612,-0.013250801,-0.00054242054,0.20001979,0.25810596,0.43624982,0.36539373,0.48427132,0.11124926,0.49033514,0.13433272,0.07249194,0.22531545,0.10150943,-0.005461596,0.124450095,0.12558115,-0.0046542613,0.21202359,0.19555116,0.47102478,0.17145996,0.12878169,0.17724173,0.04545424,0.2826732,0.014867251,0.07921238,0.2882623,0.25386906,0.40673402,0.22572275,0.0262632,0.085477084
TARGET-10-PAPPGN,0.54255253,0.80238456,0.27617216,0.42287555,-0.008250388,0.35499883,0.3621878,0.23620728,-0.005196814,0.20091435,-0.008813067,0.17191117,0.47734308,0.33798546,0.3791181,0.34257835,0.053967226,0.22753231,-0.01128026,0.22700492,0.23839179,0.307347,-0.010286721,0.19216332,0.5444363,0.29566675,0.05804609,0.14769787,0.31071937,0.046761215,0.4203263,-0.024075158,0.14984994,0.53495896,0.18667707,0.70258063,0.67684937,0.60542244,0.47630367,0.46699727,0.31068394,0.122911006,0.1159236,0.042928927,-0.0018948012,0.2782533,0.34663028,0.1489409,0.090355866,0.629942,0.66237855,0.22118531,0.09953573,0.29811206,0.049498104,0.0662242,-0.003302674,0.30311882,0.5835851,0.078203544,0.7159019,0.1801878,0.10876225,0.11647923
TARGET-10-PAPRCS,0.5261132,0.774132,0.33888522,0.05313067,-0.0061341743,0.5170407,0.17965335,0.45536828,0.13948913,0.18386036,-0.02426101,0.059496585,0.3804056,0.44553104,0.21841916,0.32032645,0.10119337,0.069122486,-0.018189818,0.19110703,0.071035445,0.24928893,0.2628802,0.16933127,0.5321456,0.2672733,-0.026900122,0.27397442,0.4123848,0.041036546,0.1590685,-0.017113475,-0.0035980435,0.37840056,0.15405065,0.6449418,0.61864114,0.4784356,0.2756215,0.5871768,0.23371676,0.1327461,0.19125724,0.15578201,-0.014502438,0.3189446,0.3436604,-0.008732653,0.2877562,0.34076646,0.547778,0.3503015,0.3042797,-0.0031794824,0.11526559,0.35076353,-0.008222891,-0.0012068842,0.4663389,0.12170031,0.6837723,0.35112748,0.1901835,0.24058709
TARGET-10-PAPRFE,0.49109232,1.0916082,0.48156947,0.13041008,-0.004866099,0.45845976,0.4731195,0.6374439,0.17129442,0.41258872,-0.027946437,0.19189204,0.38755646,0.6861502,0.56253815,0.5645098,0.23905222,0.18114509,-0.031497832,0.4215444,0.08506413,0.49823368,0.3166116,0.015505031,0.49114758,0.33203092,-0.030500611,0.12772384,0.5606082,0.08269217,0.8021581,-0.04078326,0.08755291,0.46806487,0.28114823,0.9908786,0.6095905,0.7853607,0.2798413,0.80303466,0.5931353,0.32724732,0.32985803,0.17578344,-0.017233571,0.5982146,0.116460636,0.060403366,0.33363768,0.5593758,0.7234254,0.16890647,0.2707581,0.13232847,0.0087921955,0.07901165,0.04546566,0.28681198,0.75779223,-0.022425951,0.62117976,0.6752633,0.09592767,0.23088734
TARGET-10-PAPSPG,0.5267917,0.9496726,0.33187032,0.22398478,-0.020414567,0.6171033,0.23851931,0.37195325,0.12267414,0.36089677,-0.01922737,0.091296405,0.30007067,0.41339654,0.24401341,0.26803297,0.038856898,0.22103404,-0.026981214,0.35952854,0.17427358,0.2733743,0.23719439,0.14822899,0.31679863,0.2348103,-0.027042259,0.32734782,0.50544626,-0.022115922,0.5423039,-0.022224938,0.058067627,0.6965403,0.14834538,0.9076402,0.69610643,0.82527864,0.43046284,0.6485642,0.37348205,0.2215884,0.1435363,0.17889552,0.14731604,0.40053725,0.18746915,0.10191125,0.28911215,0.45100105,0.78163314,0.18788944,0.37307605,-0.004233721,0.15806168,0.25710782,0.121942945,0.16156273,0.50019354,0.18025708,0.6174299,0.4515199,0.02635146,0.22584996
TARGET-10-PAPSPN,0.41640842,0.8481763,0.33128062,0.30148008,-0.0019919132,0.46739265,0.24786884,0.44347888,0.010904767,0.15783942,-0.022263765,0.11240418,0.27582034,0.31382585,0.18970405,0.2649567,0.106324434,0.25042707,-0.017091377,0.114513,0.044607777,0.20858489,0.1462116,0.11306292,0.3881547,0.20964275,-0.017177468,0.35332322,0.19170742,0.09850385,0.2708171,-0.020691829,0.04709724,0.4839491,0.16488019,0.63733166,0.60027945,0.64575374,0.28546643,0.4630138,0.22462237,0.21652856,0.07918301,0.038589753,-0.0016617117,0.21133575,0.19540487,0.034842197,0.09562876,0.40515774,0.6301909,0.24913892,0.2315986,-0.0063947663,0.18800235,0.2685612,-0.0009707934,0.18786407,0.2972895,0.15952605,0.5421297,0.28369427,-0.0028664141,0.33627877
TARGET-10-PAPTLM,0.42780572,0.87106526,0.6395767,0.24011359,0.065476984,0.67767334,0.55660975,0.67678314,0.22344744,0.32628176,-0.024561433,0.22445919,0.5234278,0.41090807,0.7178794,0.49203908,0.2638001,0.12304629,-0.018241143,0.45412678,-0.0026085319,0.42609704,0.06288615,0.23025973,0.42353886,0.40005353,-0.011110248,0.011414792,0.38745388,0.22761597,0.45394486,-0.04822102,0.10912358,0.5581447,0.16135995,0.8235081,0.71185666,0.7640575,0.30546066,0.881768,0.3325361,0.2752686,0.48461902,0.021567265,-0.01752779,0.41252246,0.25957587,0.19604419,0.10563008,0.48070234,0.8836905,0.26893958,0.10384385,0.29513884,-0.009991418,0.046588227,0.046060983,0.42772242,0.5178189,-0.004035932,0.7828755,0.53495395,0.2764519,0.3431439
TARGET-10-PAPVTA,0.3494397,0.69241226,0.4028081,0.2921214,-0.0005494114,0.596071,0.11327785,0.3405531,0.014885064,0.26968566,-0.015953992,0.16721281,0.35603407,0.5447107,0.06177949,0.3180033,0.11503179,0.14716218,-0.012839197,0.34035695,0.23752347,0.46481287,0.09564756,0.17100662,0.47828406,0.44009578,-0.010255948,0.27049544,0.15289627,-0.007832266,0.24296817,-0.009678571,0.06289664,0.40123156,0.29666808,0.6861685,0.512761,0.6404393,0.29812264,0.5202303,0.19976029,0.18398324,0.2031023,0.00571749,-0.0061014653,0.34162632,0.24480382,-0.01088852,0.22880867,0.41824806,0.597945,0.14272982,0.13172214,0.071449734,0.14200035,0.21959373,-0.0118019385,0.22696435,0.38161,0.26000577,0.47031924,0.34768817,-0.002471506,0.32740268
TARGET-10-PAPZNK,0.44642532,0.813715,0.4563852,0.17447731,-0.022718834,0.53563064,0.22193447,0.4373529,0.11768231,0.14144552,-0.014714799,0.13348065,0.4210974,0.2933154,0.11048698,0.22596024,0.19343281,0.12842187,-0.025127644,0.3227247,0.019078389,-0.007860914,0.052598163,-0.005029404,0.4946702,0.16458647,-0.009681262,0.1630848,0.26104918,0.05204279,0.33574963,-0.017578535,0.114828795,0.452914,0.02106164,0.6555739,0.6133655,0.5435308,0.17774567,0.344519,0.2588547,0.27993798,0.23621936,0.09121806,-0.006143169,0.31651717,0.21828671,0.07549916,0.06677871,0.42267457,0.6030959,0.2210508,0.08408156,-0.018216224,0.08722749,0.20875114,0.07855478,0.12758465,0.27656177,0.1552138,0.37358597,0.41520432,0.00035215914,0.17930502
TARGET-10-PAPZST,0.3178342,0.55261874,0.33942738,-0.008816462,0.14104475,0.5476859,0.05933674,0.43637267,0.19051066,0.23054259,-0.014728514,-0.012107438,0.27433833,0.46342915,0.0912346,0.5233508,-0.0022229205,0.11636197,-0.015229938,-0.0032509088,0.12542647,0.49197233,0.0082333535,-0.01408187,0.3836568,0.21316983,-0.026586954,0.26521,0.111290336,-0.0019347463,0.29763812,-0.009643676,0.0891654,0.6199508,-0.005313068,0.658336,0.29024544,0.65684944,0.30699852,0.31096584,0.29346356,0.1804896,0.18168774,0.13284126,-0.010138112,0.18324938,0.18763031,-0.012280725,0.25859097,0.12471691,0.5629856,0.045931555,0.054966327,-0.011553958,0.115568,0.14178756,-0.013148201,0.059499588,0.24757321,0.13037923,0.2699118,0.2390627,0.059066392,0.21318765
TARGET-10-PARACA,0.36040777,1.060329,0.49331012,-0.004557103,-0.054731913,0.6568937,0.1862677,0.41230088,0.14822283,0.25711364,-0.010969036,0.19651534,0.7068759,0.6413025,0.11970865,0.27794826,0.27676976,0.03445012,-0.023345653,0.0807022,-0.011088579,0.07819142,0.6774029,-0.0053396807,0.6751837,0.21757737,-0.01968637,0.26754713,0.6215381,0.1188481,0.13048686,0.012209358,0.06171769,0.2708542,0.20719081,0.9281788,0.9938673,0.5331497,0.14276443,0.7252736,0.40073934,0.16958451,0.29624984,0.16425493,-0.014096036,0.51970303,0.2810447,-0.00071464106,0.52858645,0.19109324,0.6918703,0.28078187,0.17808604,-0.027208257,0.13772792,0.3220242,0.06261391,0.09577574,0.48664492,0.2675082,0.22836077,0.6943152,0.16140471,0.18848433
TARGET-10-PARAKF,0.44358817,0.7729377,0.3499478,0.3217374,-0.0104810065,0.65781194,0.22415286,0.4640157,0.020123716,0.29505715,-0.014505255,0.18071559,0.5316591,0.5362642,0.21736315,0.23640655,0.152446,0.26683584,-0.028983569,0.3076366,0.28820986,0.3574733,-0.0023279788,0.5786188,0.41047478,0.55474836,0.020827517,0.293793,0.19222353,-0.02323824,0.37219858,-0.019260703,0.12883215,0.68899405,0.15812661,0.64347976,0.9105459,0.89657134,0.46000415,0.39500973,0.46375698,0.27139148,0.29000446,-0.0037388788,-0.006336411,0.46012482,0.20874,-0.011608739,0.1843596,0.34466976,0.6269707,0.23742339,-0.002296718,0.15293206,0.068191595,0.14820874,0.054063875,0.27478796,0.313949,0.32474834,0.6841139,0.31617826,0.009904206,0.32702544
TARGET-10-PARARJ,0.46694383,0.65143514,0.2459643,0.3418338,-0.00835825,0.3751418,0.13828848,0.42142883,0.07261321,0.08330333,-0.032180678,0.2399465,0.53336614,0.36018676,0.3908895,0.4580322,0.2931648,0.083045095,-0.013762451,0.31805182,0.073804535,0.3044858,0.07373536,0.18106978,0.47196388,0.24881253,0.004855305,0.29617512,0.14129427,0.025573816,0.3156168,-0.01626454,0.013861158,0.3949299,0.16039392,0.48160127,0.4955797,0.64879763,0.3852613,0.45400056,0.19417813,0.21767844,0.20263734,-0.0066407584,-0.011121817,0.2618275,0.27770606,0.08532828,0.1278739,0.37283313,0.58565307,0.17289178,0.19724788,0.19143058,0.034239694,0.07161244,-0.021673927,0.15702783,0.3576738,0.08481459,0.61062366,0.19060506,-0.004336466,0.20713764
TARGET-10-PARBVI,0.6359775,1.1465323,0.28875327,0.3769927,0.10699801,0.7426645,0.3020479,0.5328175,-0.004884789,0.2321134,-0.028436264,0.06846671,0.46197262,0.430808,0.31486213,0.27634645,0.10865843,0.33453372,-0.021796132,0.15449974,0.16189955,0.270366,0.2854502,0.28543627,0.40651065,0.4020656,-0.01598618,0.35162768,0.11598408,-0.0008354934,0.29369333,-0.005163021,0.15332648,0.6567262,0.023371728,0.6763573,0.7802569,0.6249084,0.4130481,0.73359716,0.05010487,0.2653397,0.11335243,-0.013318817,0.0013084561,0.25363666,0.30032384,0.15950768,0.093900025,0.60012597,0.8260026,0.1327702,0.2682078,-7.265639e-05,0.028284729,0.30293262,-0.0047469516,0.0027111843,0.40247384,0.18055786,0.7364687,0.3888499,0.091036454,0.4669867
TARGET-10-PARFLV,0.43810505,0.6933348,0.21036454,0.23010963,-0.018561743,0.43676156,0.17079306,0.38017574,0.10102515,0.25695693,-0.0084600365,-0.011063903,0.35893887,0.450266,0.28290355,0.14483388,0.038343493,0.2322701,-0.012775435,0.33304682,0.20028752,0.3043553,0.06910559,0.067709155,0.25948453,0.13540816,0.08511155,0.43576697,-1.0740013e-06,-0.015519743,0.37823772,-0.01041407,0.034978963,0.36961186,-0.01379343,0.4512943,0.7034124,0.47232458,0.17704561,0.44882822,0.21553549,0.24593346,-0.0003482607,0.21651034,0.04691234,0.26688763,0.08215576,-0.009144311,0.0626706,0.22456321,0.33349973,0.14281051,0.30276763,-0.008756484,0.18500826,0.32078123,-0.006515211,0.16097894,0.18259153,0.35141677,0.3540493,0.23734297,-0.0032769572,0.3258116
TARGET-10-PARGFV,0.46048504,0.56832236,0.3849698,0.2072759,-0.013782701,0.5932711,0.23096505,0.22386743,0.0273231,0.32844216,-0.011431278,0.029097859,0.42447945,0.47743008,0.04734353,0.24669103,0.06654611,0.12594607,-0.01864817,0.28223214,0.19702297,0.40743428,0.22860378,0.11483,0.41566324,0.35417584,-0.0013124272,0.29557812,0.11370033,-0.008477088,0.2496048,-0.01168464,0.066234976,0.4875867,-0.0043191276,0.6479561,0.54709256,0.679138,0.2562985,0.46600184,0.24541223,0.19363423,0.27714974,0.1671173,-0.0019237621,0.30691987,0.15135752,-0.011261239,0.2518984,0.31346184,0.49758565,0.14856343,0.14445822,-0.0007782994,0.12907173,0.39720303,-0.015563348,0.21620645,0.24622546,0.47425306,0.4708352,0.3162738,0.10287216,0.26334986
TARGET-10-PARGVZ,0.3791163,0.71257955,0.5285386,0.1238768,-0.01609447,0.48920763,-0.0043487563,0.5302062,-0.007924191,0.37843692,-0.010859203,0.12661922,0.40475774,0.44704798,-0.0048884614,0.32789427,0.34441954,0.09441481,-0.02178044,0.10491695,0.15356547,0.45124042,0.10281433,-0.00086036156,0.23625952,0.42271337,-0.013221033,0.1445331,0.25114596,-0.0059260647,0.51212585,-0.013006625,0.058053233,0.48318335,0.2255511,0.5148824,0.5876711,0.77695423,0.35063887,0.5737773,0.3091811,0.2880312,0.35701495,0.06812691,0.05546013,0.61171585,0.16277611,0.1040695,0.2708566,0.4293978,0.66298,0.04746089,0.24810196,0.13953654,0.19372717,0.12926719,0.0062261717,0.287675,0.23980518,0.2512519,0.27527633,0.4400923,-0.0124839125,0.51295525
TARGET-10-PARIAD,0.043608837,0.8006101,0.69166136,-0.008449366,-0.015179788,0.2930258,0.1728696,0.33499897,0.00023102388,0.3178692,-0.012745527,0.23065738,0.31928563,0.552662,0.30440944,0.28336757,0.20818186,0.22670373,-0.021675538,0.332579,-0.012724364,0.26651543,0.3712628,0.26072562,0.18244906,0.47073343,-0.0015699797,0.1508914,0.384726,-0.011895229,0.16365883,-0.025687223,0.2977781,0.41100827,0.14514205,0.3556399,0.93867564,0.6740146,0.31260213,0.79219854,0.35315007,0.34476364,0.1096129,0.19178674,-0.014667167,0.5818917,0.27806076,0.09557904,0.18900141,0.24111408,0.6007238,0.22767675,0.18162297,-0.016913129,-0.0018201031,0.06503513,0.27975306,0.31173313,0.08828424,0.14649813,0.29436558,0.46694866,-0.010696659,0.4950339
TARGET-10-PARJSR,0.40234542,0.6284026,0.25761738,0.17893687,0.045110557,0.38463774,0.21527362,0.3535408,0.16743559,0.10396016,-0.0033442304,0.06939891,0.31034914,0.21224588,0.43540692,0.2771653,0.12386018,0.14502978,-0.0114249885,0.21028924,0.015916675,0.31003976,-0.0035232704,0.039549366,0.3332458,0.13866517,-0.0073983953,0.27161574,0.34326056,0.08709151,0.30181205,-0.0139378,0.03696913,0.22244227,-0.004533417,0.44274035,0.5778752,0.5142908,0.27498758,0.53521514,0.15006569,0.14824674,0.2920978,0.018886743,-0.010655184,0.18451467,0.2945263,-0.0049679717,0.10418452,0.1699447,0.4428732,0.14046499,0.08772904,0.04872322,0.04653041,0.16110662,-0.0058411593,-0.0029034335,0.20936379,0.027905375,0.2999781,0.17717066,0.108312376,0.007573005
TARGET-10-PARLAF,0.5408757,0.8483076,0.4353453,0.29525572,-0.0067126974,0.6060362,0.47537398,0.75881314,0.05185062,0.5796917,-0.014473215,0.15159376,0.6947503,0.3187161,0.2695825,0.39891464,0.44011563,0.24458294,-0.023415565,0.2637225,0.15139598,0.49616855,-0.008283716,0.396707,0.3915214,0.366722,-0.021861712,0.08319697,0.25832397,-0.01856873,0.27533543,-0.039451875,0.1662418,0.51667833,0.21277186,0.8252548,0.8396457,0.98296076,0.41268647,0.655498,0.19132707,0.42275932,0.51313555,0.19895226,-0.0014320223,0.59510726,0.3742102,-0.009304165,0.217951,0.4893914,0.8387293,0.08836762,0.16421737,0.08450264,-0.0027781383,0.32232848,0.02311233,0.13701156,0.40770933,0.23848946,0.8519678,0.27412844,0.06533549,0.4399237
TARGET-10-PARLEK,0.506667,0.73472846,0.3124614,0.15950748,-0.0023003425,0.3262214,0.29044878,0.42446667,-0.0010631777,0.13998371,-0.011753937,0.1589618,0.20116034,0.3062317,0.33920014,0.20019136,0.12935995,0.1633669,-0.012766177,0.22061339,0.10120496,0.21187463,0.052066967,0.27650344,0.4060924,0.19594772,-0.0005300917,0.16225234,0.25731987,0.16231725,0.26330054,-0.016399393,-0.004491843,0.22122315,0.23949221,0.50633174,0.52493656,0.391897,0.24263155,0.34210685,0.05788468,0.23602654,0.100323364,0.063849896,-0.012830213,0.26588026,0.2420304,0.015287075,0.093704924,0.434291,0.4520292,0.32244828,0.1101245,0.1540849,-0.0019279346,0.089726835,0.027428001,0.18327089,0.41207558,0.0425887,0.5459219,0.21121883,0.0008007791,0.15182339
TARGET-10-PARMSP,0.5292464,0.8879602,0.4459368,0.35627308,-0.014355625,0.681944,0.025033642,0.24911793,0.1412869,0.31064856,-0.011319126,0.07812926,0.3440935,0.68035334,0.16528569,0.1521206,0.07324922,0.23581801,-0.016558114,0.5480264,0.27923113,0.53796613,0.03683574,0.1398874,0.61265147,0.5587309,-0.010626567,0.3613218,0.04386467,-0.008524149,0.32813913,-0.016426072,0.050695814,0.5734829,0.18237635,0.66354495,0.99586654,0.71143484,0.24653083,0.7408178,0.28153723,0.27572647,0.2743281,-0.011091073,0.059876744,0.47125003,0.26978344,-0.02488221,0.19058028,0.4756413,0.5900112,0.37445205,0.36011425,0.042002022,0.27944767,0.39182717,-0.0020235092,0.12348162,0.44578764,0.20705424,0.46624276,0.18361677,0.11172737,0.5663314
TARGET-10-PARMXF,0.5857415,0.81640637,0.60191447,0.24052778,-0.0008576628,0.6140404,0.19283155,0.34103775,-0.0039818655,0.33964494,-0.022631198,0.13538449,0.2913493,0.2940179,0.4904392,0.17103142,0.06969665,0.2137918,-0.02260614,0.3419787,0.13890594,0.36285686,0.30101246,0.1275452,0.3471101,0.21186101,-0.010851278,0.2758834,0.33570313,-0.0033423572,0.5048173,-0.014214723,-0.013370352,0.4023004,0.17031556,0.7428685,0.5716491,0.5470598,0.29846698,0.4772004,0.31885126,0.16104043,0.045777354,0.14138761,0.11470792,0.3828509,0.2085011,0.09364402,0.3664585,0.4880604,0.69645494,0.10942411,0.43199122,0.29473564,0.01682777,0.1305016,0.061031837,0.17295854,0.51129943,0.051938925,0.64627683,0.38241404,0.09158916,0.030256912
TARGET-10-PARPRW,0.25511122,0.7924457,0.40306905,0.22776574,-0.022427635,0.6014547,0.17047618,0.36461505,0.07096109,0.29003307,-0.019886827,0.18371074,0.4445375,0.5440844,0.22299244,0.16300175,0.14664309,0.20484677,-0.015762117,0.33541664,0.16959427,0.21120165,0.2822684,0.063108206,0.4160474,0.30013227,-0.0103579415,0.2406967,0.067111045,0.0519529,0.34654105,-0.014643869,0.11182653,0.41106153,0.07901834,0.5034503,0.67371464,0.5899361,0.2084283,0.48349193,0.36145034,0.22364463,0.19632953,0.040815137,-0.010409916,0.31733567,0.23637618,-0.006789805,0.22616154,0.38556546,0.5194834,0.13182549,0.045128707,-0.014141793,0.08489936,0.20198789,0.024144791,0.24812946,0.22486208,0.059560664,0.50737864,0.37513587,0.019503452,0.27474716
TARGET-10-PARPZJ,0.55854315,0.60685694,0.235719,0.2405991,0.047253504,0.50747323,-0.0007757552,0.3514782,0.009335872,0.21395265,-0.020503987,0.081181645,0.28740478,0.19211748,0.37461618,0.08755238,0.028879832,0.38401142,-0.009473368,0.24229443,0.20436972,0.3925262,0.11807056,0.18073063,0.44377875,0.17535436,-0.0072034406,0.046830118,0.12601799,0.04101413,0.20727623,-0.009660764,-0.018811572,0.06972651,0.03318209,0.5637282,0.3891686,0.69173616,0.3234389,0.43874547,0.18980628,0.1377262,0.25271437,0.009874983,0.061961893,0.28398117,0.21926758,0.08916232,0.20058689,0.2294454,0.4946087,0.1506392,0.1572456,0.23548187,-0.0028802238,0.06197491,-0.0065893503,0.20121746,0.349432,0.23962684,0.6784743,0.029848564,0.2693438,0.31187698
TARGET-10-PARUBK,0.48530513,0.79090095,0.33801597,0.24370947,-0.0034520049,0.43109542,0.2553499,0.37469277,0.08554335,0.18528475,-0.015334955,0.21907447,0.29287845,0.26380557,0.31779823,0.27585715,0.113977775,0.1465647,-0.005836236,0.20153345,0.14460878,0.26550883,0.080402225,0.24578764,0.46710777,0.2849021,-0.005041075,0.08535729,0.2708884,0.08553326,0.2281519,-0.019098453,-0.004471961,0.18235515,0.23586437,0.54356486,0.6120912,0.43837973,0.23955092,0.4920924,0.15593615,0.14398108,0.10900132,0.0816498,-0.005866524,0.26227573,0.37378484,-0.0014877368,0.20195171,0.49947608,0.5260604,0.37084463,0.17139015,0.17556375,-0.006204154,0.22198781,0.008000108,0.14621519,0.4412645,0.06122317,0.59847194,0.11097774,0.027464438,0.22429837
TARGET-10-PARUGP,0.10088195,0.93302417,0.9411607,0.16128835,-0.05099243,0.40747228,0.24899197,0.43706143,0.044468988,0.4191146,-0.026612315,0.32403395,0.7707204,0.53696406,0.26047337,0.48124862,0.16611452,0.25824562,-0.0039193295,0.52390516,-0.0032634826,0.11362188,0.38937408,-0.0020797353,0.55639553,0.38130423,-0.016122375,0.41112253,0.519133,-0.008279133,-0.00819317,-0.030401928,0.1206677,0.38246888,0.13944462,0.8624521,0.89802927,0.9380519,0.29091525,0.7075826,0.40519154,0.3845895,0.6897154,0.10740308,-0.005638682,0.2895634,0.35833737,0.16635859,0.22401701,0.27241388,0.8910363,0.46308604,0.21426122,-0.0028921345,0.18311267,0.27974507,0.025769517,0.20515762,0.12517628,0.28548747,0.32837906,0.48835003,0.21665245,0.55265474
TARGET-10-PARVWD,0.6703504,0.840543,0.28009933,0.52319664,0.033278614,0.397875,0.41301352,0.32843107,-0.0044257077,0.22116326,-0.014831558,0.0839697,0.40035367,0.32660806,0.4677543,0.17317916,0.035174977,0.22534464,-0.01997364,0.18002047,0.28262198,0.45702797,0.041670695,0.34371805,0.4615717,0.13472198,0.0753546,0.31276378,0.19535163,0.016939994,0.42994177,-0.025357828,-0.007711235,0.6512369,0.18372145,0.6299173,0.8296714,0.5746366,0.44033334,0.48816308,0.32662097,0.1975679,0.20972697,-0.0020732246,0.0942927,0.28559417,0.3182778,0.035111953,0.026522513,0.8180423,0.5487322,0.18936147,-0.00079532474,0.26356718,0.18833503,0.066406034,0.023228507,0.3221669,0.4311973,-0.017423727,0.95493835,0.21464956,0.086745396,0.2228555
TARGET-10-PARXMC,0.38716075,0.6460098,0.5092627,0.02200963,-0.00014527701,0.5107282,0.01792067,0.17958549,0.025388438,0.43769008,-0.028765893,-0.022676598,0.15410647,0.282286,-0.007789191,-0.018526535,0.3353417,0.20544702,-0.028097207,0.60954726,0.31407985,0.39250392,0.16167474,0.08652966,0.17690684,0.115386456,0.24727306,0.18055072,0.076793686,-0.0074437335,0.32702965,-0.010778703,0.12255641,0.3388122,0.1506584,0.89737034,0.6697307,0.5147521,0.30377853,0.7417034,0.4080166,0.4007417,0.2485428,0.30307707,0.07474561,0.46388564,0.11944422,0.07803583,0.2314065,0.41700476,0.5269129,0.26716936,0.49126628,0.05460263,0.24078512,0.14446566,-0.0025852898,0.260763,0.3496595,0.3573736,0.47272685,0.34378555,0.004184693,0.5578616
TARGET-20-PALGKX,0.35720533,0.96583396,0.43388587,0.24503681,-0.0066493168,0.2551831,0.10355055,0.30847165,0.17323701,0.2749109,-0.011344118,-9.12875e-05,0.45075408,0.27187014,0.33599275,0.278184,0.08689058,0.34747103,-0.019686999,-0.0006629109,-0.0016317301,0.4045971,0.118007824,0.3758055,0.40638536,-0.0123383645,-0.02479967,0.1028302,0.32600093,0.23077846,0.07596739,-0.017349144,-0.02490294,0.41306698,0.25925097,0.8292469,0.7784416,0.92502457,0.15854844,0.60808647,0.46879208,0.04487615,0.2821443,0.25967133,-0.0031190286,0.28978628,0.42956525,0.41584995,0.24143691,0.46841526,0.99224305,-0.0041316072,0.4457877,0.30789074,0.20254627,0.16397175,-0.013698024,0.09914784,0.2713529,-0.0120211495,0.35896885,0.34871918,0.08158266,0.3733166
TARGET-20-PAMYAS,0.1149442,0.37374857,0.31317523,-0.010095407,0.008983478,0.36618242,-0.0077275857,0.113899454,0.010931682,0.036436453,-0.00597279,-0.020628525,0.22900133,0.36930025,0.0020091715,0.11301257,-0.0012435403,0.18938239,-0.014560565,0.23525351,0.22222322,0.1896587,-0.0018521909,0.12864111,0.19736066,0.08671929,-0.0065743895,0.11872311,0.15108614,0.03908323,-0.0033657611,-0.011020773,0.08361226,0.25204164,0.07920933,0.3611996,0.36918,0.45219803,0.18657273,0.19366632,0.1818152,0.1095344,0.0558686,0.06537296,-0.0106236115,0.24958956,0.19061005,-0.008633094,0.17495891,0.12003879,0.2870545,0.0068572294,0.1002803,-0.0053163627,0.21585464,0.18543863,0.0065863235,0.1202216,0.003944015,0.057768144,0.14374256,0.17885418,0.10029939,0.10351409
TARGET-20-PANLIZ,0.37012962,0.807986,0.34249002,0.124971546,0.17484574,0.43673047,0.330108,0.37294132,0.2259489,0.12703574,-0.013659525,0.0714919,0.4350672,0.52329797,0.27499366,0.4481159,0.15019305,0.33708158,-0.0019035762,0.054109894,-0.0029346019,0.123657845,-0.007151011,0.15835679,0.37838244,0.11927776,-0.008650662,0.13438341,0.6060048,0.20749694,0.32258683,-0.015106528,-0.003942465,0.32765323,-0.002384303,0.4589112,0.63969904,0.49138942,0.48683685,0.61126983,0.3178408,0.25365603,0.24074687,0.014444081,-0.0062358715,0.22118887,0.26207644,0.15709113,0.15445814,0.6067966,0.50541645,0.18365966,0.0936636,0.2961947,-0.00012238957,-0.00036233515,-0.006643844,0.123255014,0.3728533,-0.015087641,0.7704917,0.111979276,0.15887126,0.005050212
TARGET-20-PARCVS,0.36828873,0.6703317,0.29345417,0.31748882,0.21671006,0.45816687,0.25366175,0.45901817,0.09838644,0.047001094,-0.0141040385,0.08932839,0.27356783,0.36475527,0.28307474,0.37165678,0.14988326,0.18299802,-0.002936391,0.06655444,0.059431516,0.46591568,-0.0082681915,0.16094293,0.37103814,0.20826183,-0.016124582,0.13458022,0.4634271,0.121457696,0.41466713,-0.018021895,-0.0044852006,0.4278879,0.010894157,0.49649808,0.4181859,0.5724245,0.40787944,0.5091748,0.3108929,0.12753758,0.16479562,0.064956665,-0.011457051,0.25919998,0.21935065,0.03727771,-0.003345092,0.40006706,0.4779071,0.19994338,0.06393342,0.22375596,0.012612544,-0.0036826439,-0.008850113,0.07447292,0.34863287,-0.0055188583,0.6652593,0.11027892,0.11961227,0.09307934
TARGET-20-PARDDY,0.556271,1.1498237,0.62008995,0.5709377,0.25014758,0.5864478,0.24833101,0.46351296,0.012159064,0.1784856,-0.044157892,0.12750615,0.38682526,0.4072368,0.48231852,0.4399004,0.20992258,0.11027529,-0.017890858,0.33714405,0.21298629,0.37677962,0.37310562,0.2827407,0.35843605,0.10697852,-0.02720131,0.16678576,0.58250916,0.13517343,0.8600273,-0.0010392384,-0.012446493,0.55752456,0.09118961,1.0249503,0.57867265,0.75632274,0.41226032,0.8072902,0.24118611,0.16650978,0.079585895,0.16450764,0.009690996,0.3665325,0.3910729,0.29677048,0.378295,1.0383856,0.9123743,0.15833652,0.48476437,0.48731056,0.05130163,0.041144155,-0.010517309,0.07447194,0.6206166,0.028582815,0.97702485,0.42357138,0.31092286,-0.013494442
TARGET-20-PARFAL,0.5136188,0.87664896,0.68552345,0.40174967,0.2554787,0.40254244,0.020593926,0.505182,-0.0057728128,0.12033145,-0.04065972,0.24389772,0.43542895,0.30076393,0.6742459,0.45844126,0.14536081,0.16592419,-0.0023884743,0.24555233,0.12885638,0.34673244,0.24894902,0.3670587,0.40966427,0.21283779,-0.027645139,0.30704376,0.53431433,0.26045686,0.8304298,-0.0057243714,-0.013020319,0.46418872,0.10387257,0.8730109,0.5826533,0.66054374,0.32883847,0.88022125,0.39573845,0.18791692,0.04111465,0.018847963,-0.0039665783,0.3535531,0.44020838,0.12879324,0.50292116,0.772303,0.71223783,0.0636393,0.5732545,0.5903364,0.080878936,-0.002676107,-0.013430144,0.015491556,0.52758384,-0.017009221,0.729857,0.35892603,0.09312252,-0.017422838
TARGET-20-PARUNX,0.44302103,0.6057785,0.22039239,0.2238532,0.11874451,0.3816938,0.25354752,0.50424075,-0.0048354194,0.046867654,-0.017030066,0.1012878,0.2399631,0.26354027,0.28240973,0.32507175,0.11757758,0.107178755,-0.017465359,0.32468814,0.102850944,0.19882002,0.13665284,0.15855329,0.40537935,0.1563498,-0.006840782,0.12164074,0.28353795,0.12405507,0.39369988,-0.00084944855,-0.0058492296,0.33389524,0.20258477,0.5209496,0.28524506,0.60031635,0.22899042,0.3614415,0.14452606,0.20191678,0.13228686,0.09681802,-0.0065266937,0.16970786,0.25553536,0.06245367,0.06932798,0.36617956,0.41368127,0.20455143,0.09968422,0.15685329,-0.0017988048,0.19001257,-0.003301693,0.022142883,0.2971151,0.020296492,0.5228501,0.20414534,0.11195159,-0.0011939433
TARGET-20-PASGWH,0.5371209,0.7381033,0.2500741,-0.001929053,-0.0046874895,0.45999458,0.33102226,0.5136875,0.1615591,0.20147668,-0.027842933,0.3446768,0.4239563,0.3108498,0.46494812,0.5758895,0.046210058,0.17610845,-0.017678255,0.32694212,0.031847138,0.037728123,0.099706605,0.1667288,0.3464175,0.13479815,-0.02556674,0.2653397,0.53655446,0.12082179,0.3334505,-0.016596468,-0.014420524,0.4439916,0.12930802,0.5756451,0.5621931,0.58729625,0.40151742,0.5203905,0.3075113,0.48620933,0.19175509,0.16871303,0.020846192,0.35131449,0.36056066,-0.000920707,0.13956307,0.34954566,0.6540933,0.1165446,0.17595167,0.38168326,-0.012295066,0.023733005,-0.005925174,0.06213508,0.61188763,-0.021114739,0.720423,0.344194,0.02233236,-0.00079074985
TARGET-20-PASGZS,0.4932444,0.7060491,0.27256066,0.35786974,0.29362756,0.24984965,0.39876038,0.6576384,0.022978049,0.20690091,-0.030987302,-0.007885428,0.42457223,0.30148053,0.40570986,0.40762186,0.077866845,0.23307829,-0.013048979,0.10397497,0.01498919,0.105246484,0.066153675,0.30024934,0.397965,0.09295623,-0.01998725,-0.0013726227,0.5570091,4.901737e-05,0.5034987,-0.015282484,-0.0010249525,0.6111271,0.26893985,0.6512261,0.46447188,0.5512941,0.26463336,0.48133674,0.3370366,0.0024960823,0.14557667,0.16676874,-0.011877409,0.3194441,0.31135786,0.14930706,0.10740079,0.7127961,0.49564028,0.18955319,0.32831556,0.3479259,-0.019467479,0.16608894,0.061812896,0.09733577,0.5172434,-0.009971628,0.69063884,0.17679495,0.29646403,0.04067299
TARGET-20-PASMYS,0.449398,0.7917438,0.5309486,-0.0097559625,-0.005760995,0.60427785,-0.0059520206,0.17483602,-0.0069293394,0.1935459,-0.014898986,-0.01250383,0.10613037,0.34506133,0.10487462,0.069074795,0.009950332,0.11937315,-0.01011639,0.36851454,0.019271243,0.42451334,0.44617912,0.087590024,0.39075762,0.25677222,0.0024580061,0.3444443,0.5271885,0.21792081,0.16201463,0.017727228,0.20624924,0.48029146,0.03660991,0.7751306,0.5852552,0.48486787,0.40380856,0.5078701,0.32294554,0.30404162,0.2519038,0.12143878,-0.021052297,0.12847608,0.2117516,0.11387654,0.07391938,0.30251554,0.81159085,0.25247592,0.01490343,-0.013656357,0.27797985,0.11663991,0.012048048,0.07822437,0.30630085,0.26272362,0.43931493,0.44496945,0.012530625,0.47529092
TARGET-20-PASWAJ,0.2728479,0.6312511,0.48426262,-0.009713537,-0.0030226316,0.5238462,-0.022029294,0.11544177,0.007518422,0.3416888,-0.027007764,-0.024984697,0.38444597,0.489427,0.22603394,0.082376614,0.01426008,0.18965411,-0.013023718,0.35285783,0.08986403,0.3923062,0.112704575,0.46049827,0.121310204,-0.011140547,-0.01915912,0.068906456,0.27611765,0.14040917,0.44478446,-0.017765086,0.012276707,0.39110073,0.38810167,0.5138579,0.6854081,0.64302796,0.37442467,0.43286917,0.10117566,-0.010183215,0.21063575,0.21365473,-0.021190166,0.111872606,0.33455306,0.0027388558,0.3015323,0.1808091,0.7634321,0.051601134,0.08120574,-0.0035544492,0.14922899,0.2598158,0.0092164455,0.023103654,0.42189533,0.14527437,0.56135976,0.47724858,0.025605742,0.32229513
TARGET-20-PATDNN,0.42461586,0.96968603,0.59374726,0.16258493,-0.018152546,0.621732,-0.005709461,0.39522204,0.07234894,0.13372052,-0.038636975,-0.0038965878,0.39559844,0.28181744,0.14821155,0.25249165,0.09430355,0.2866584,-0.02574611,0.10770966,0.032163635,0.24227282,0.20479631,0.066293016,0.4812153,0.16228862,-0.030363545,0.19403763,0.6803995,-0.003399238,0.14293584,-0.013861385,0.055246934,0.7140613,0.13256222,0.89453316,0.7281512,0.71608436,0.4035548,0.6245588,0.5846995,0.23428184,0.23444955,0.26620552,-0.0020776668,0.35802957,0.26353842,0.34596875,0.21102309,0.61235267,0.99251354,0.1100759,0.33281404,-0.013959653,-0.012059382,0.10227542,0.066177174,0.05887795,0.5533895,0.1551264,0.3928564,0.4564486,0.014327005,0.53073126
