,shared_0,shared_1,shared_2,shared_3,shared_4,shared_5,shared_6,shared_7,shared_8,shared_9,shared_10,shared_11,shared_12,shared_13,shared_14,shared_15,shared_16,shared_17,shared_18,shared_19,shared_20,shared_21,shared_22,shared_23,shared_24,shared_25,shared_26,shared_27,shared_28,shared_29,shared_30,shared_31,shared_32,shared_33,shared_34,shared_35,shared_36,shared_37,shared_38,shared_39,shared_40,shared_41,shared_42,shared_43,shared_44,shared_45,shared_46,shared_47,shared_48,shared_49,shared_50,shared_51,shared_52,shared_53,shared_54,shared_55,shared_56,shared_57,shared_58,shared_59,shared_60,shared_61,shared_62,shared_63
TARGET-10-PANSHK,0.019276075,-0.04070204,-0.03205108,-0.016088407,-0.02104919,-0.018751934,-0.0027963081,-0.011434346,0.7136588,-0.012646459,0.5081722,-0.024509318,-0.0363208,-0.019083183,-0.037324756,0.010620977,-0.014125658,-0.016372684,0.60730505,0.039227888,-0.014432669,0.09121296,-0.03972927,-0.017663686,-0.018028654,-0.009762623,0.2819958,-0.021068227,-0.054321513,-0.015124293,-0.033466477,1.1077908,0.70994246,-0.04951847,0.013720665,-0.013182458,-0.015445523,-0.061617143,-0.027689397,0.056707427,-0.023085304,-0.061174855,-0.013135333,-0.022158194,-0.018467743,-0.0045964196,-0.01565443,-0.0025803195,0.029395102,-0.029853884,-0.0123460395,-0.015145512,-0.014508707,-0.019511234,-0.017351368,0.009463653,0.15026404,-0.019581556,-0.013809966,-0.024740335,-0.026503462,0.0051496453,-0.007813758,0.035663128
TARGET-10-PANTSM,-0.018157516,-0.028766427,-0.032097854,-0.017659768,-0.017367706,-0.022634868,0.025316898,0.016015165,0.79551303,0.01959137,0.65137684,-0.018259456,-0.043052755,0.005142155,-0.047778226,0.013774851,-0.012044749,-0.0063162195,0.62081015,0.059907526,0.05241587,0.06075958,0.0403903,-0.024726287,-0.023535412,0.0076030325,0.34334442,-0.022660736,-0.061959837,-0.016926505,-0.034715667,1.2595497,0.58764535,-0.045759622,0.06541416,-0.012387249,-0.023254262,-0.057099834,0.012558957,0.07685028,-0.010524894,-0.07053733,-0.022783883,-0.02057342,0.007378354,-0.034453362,-0.015573183,-0.011037072,0.016050976,-0.020904226,0.009958239,-0.018117389,-0.025968991,-0.02110507,-0.018921845,-0.00874971,0.18725103,-0.024399891,-0.000588513,-0.037998356,-0.03472902,0.0022041313,-0.006785848,-0.0083615435
TARGET-10-PANUHA,-0.003080663,-0.033617936,-0.029765908,-0.011289877,-0.009552659,-0.014238498,-0.018263778,-0.007881723,0.8533217,0.05172959,0.5392292,-0.032445118,-0.030602774,-0.019186797,-0.02892239,0.040726945,-0.015684044,-0.006322284,0.5620036,-0.012775365,-0.017390117,0.07337528,-0.038444415,-0.026917873,-0.03638787,-0.014003335,0.38333043,-0.016804919,-0.054808546,-0.028825162,-0.040198836,1.2512054,0.7706791,-0.040687658,0.017276304,-0.007293813,-0.017251039,-0.04755231,-0.02474904,0.06683385,-0.013601063,-0.05970952,-0.00058212853,-0.02157794,-0.013647149,0.04530244,0.047047496,-0.007868614,0.0064206664,-0.02437267,-0.020930922,-0.016244914,-0.008985734,-0.039059993,-0.015543697,0.049802296,0.12751122,-0.011515873,-0.014207531,-0.02507378,-0.051328618,-0.011340556,-0.0067193815,-0.011333896
TARGET-10-PANUSN,-0.012023909,-0.029539963,-0.02732398,-0.015802007,0.03233763,-0.028761752,0.035693716,-0.009417009,0.858871,0.008171563,0.5859282,-0.017122254,-0.033055812,-0.0164554,-0.03801913,-0.017484201,-0.011890692,0.010365,0.6902081,0.01140527,0.014581226,0.013150608,0.009988813,-0.0069032237,-0.01173939,-0.006871305,0.44521987,-0.026708925,-0.07008551,-0.014608102,-0.035413735,1.3573332,0.773219,-0.045472562,0.005651751,0.015625678,-0.024620634,-0.0661903,-0.022893017,0.0794733,-0.0031190207,-0.065081924,-0.0074343076,-0.019303337,-0.01592206,-0.01203904,-0.014643174,-0.024901848,-0.008706114,-0.013179818,0.013054137,-0.016715346,-0.029844617,-0.03176509,-0.0074565713,-0.0018511121,0.25372028,-0.0021498855,-0.018385243,-0.040878944,-0.03780278,-0.020659272,-0.004719418,0.0027552978
TARGET-10-PANWHJ,-0.019201249,0.03373497,0.03188899,0.03251078,-0.01146135,-0.007959651,-0.00042697927,-0.021858077,0.94369423,0.023694793,0.6206291,0.09911323,-0.011884078,-0.02045897,-0.04058271,0.0054694396,-0.0136292875,-0.018397978,0.77424645,-0.017731164,0.042096175,0.103016466,-0.02158751,-0.028048728,-0.027102904,0.09606492,0.32569733,-0.016369678,-0.061170444,-0.034998186,-0.013903568,1.5990965,0.8511848,-0.053130485,0.004227425,-0.011116623,-0.013239073,-0.047497943,-0.03710477,0.0009542499,-0.012283633,-0.08847068,0.0043713897,-0.022488877,-0.011884779,-0.022003105,0.1013181,-0.016748466,0.019878939,-0.04402058,0.0346515,0.06386942,-0.02389915,-0.014710477,0.027780436,0.0127613535,0.19474523,-0.019279987,0.05864179,-0.033641294,-0.026147028,0.050850227,-0.0073963343,0.013596198
TARGET-10-PANWYH,-0.008061889,-0.04607462,-0.040071487,-0.007014061,-0.024445677,-0.011632361,0.03338873,0.015807973,0.82677114,0.07309471,0.5745574,-0.017416269,-0.03879053,-0.023088068,-0.028098447,-0.012085369,-0.012975942,0.0040970426,0.6720733,-0.0033916868,-0.014488926,0.02576036,-0.02176151,-0.026722347,-0.025354302,-0.0075573446,0.23863319,0.0076743998,-0.068820566,-0.009620713,-0.013944838,1.2209105,0.8860208,-0.060807172,0.07055096,-0.010141931,-0.01647525,-0.06380238,-0.025479734,0.101208985,0.013808275,-0.06136451,-0.012981445,-0.026693983,-0.0052887695,-0.023631435,-0.0062596197,0.0020702686,0.01733354,-0.016347392,0.011864146,-0.012163896,-0.026770502,-0.0203707,-0.022414567,0.023718905,0.17080298,-0.009692162,-0.025465548,-0.039534405,-0.030751947,0.03373084,-0.01957304,0.049101174
TARGET-10-PANXPE,0.033956155,-0.021315007,-0.034213755,-0.00929677,-0.020645449,-0.009029549,-0.0059565883,-0.022921808,0.70411724,0.051320933,0.58327407,0.10567518,-0.029407613,-0.013598943,-0.038055718,-0.011504138,0.007941012,-0.0111785345,0.529384,0.01533854,0.056175753,0.04730304,0.0041553155,-0.025706628,-0.014570944,0.069793776,0.3452567,0.017248886,-0.048995096,-0.025520455,-0.03113228,1.421256,0.6696999,-0.03495006,0.007918719,-0.010896102,0.012315406,-0.037568696,-0.028367832,0.008968291,-0.014886558,-0.07445401,0.101125576,-0.0155037595,-0.0050645666,0.021493604,0.022512855,-0.012202821,0.014570182,-0.031095691,-0.0024157644,-0.019218732,-0.031953625,0.023407377,-0.023181506,0.021758623,0.22967565,-0.032664422,-0.013688171,-0.024156412,-0.029244049,0.014219886,0.0222538,0.11894283
TARGET-10-PANYGB,-0.00020277407,-0.028458005,-0.034676135,0.0092930915,-0.0132394945,-0.015087583,0.02707971,-0.022705749,1.0202489,0.03723573,0.70382655,-0.028346065,-0.0459415,-0.021273844,-0.02781386,-0.013988313,-0.010096032,0.005879644,0.64418083,-0.015038034,0.054205116,0.016275324,0.019442398,-0.01536224,-0.021695059,-0.026797364,0.47493926,-0.0065513076,-0.06937347,0.016128311,-0.0394004,1.5031083,0.96409017,-0.052426647,-0.015613738,-0.007907626,-0.017022377,-0.0443941,-0.0057889605,0.0038668287,0.035260674,-0.0651059,-0.027048562,-0.022339523,-0.021751672,-0.022564892,-0.006749874,-0.019649772,0.011079131,0.006336281,0.018765537,-0.024849273,-0.034350116,-0.036403403,-0.022425743,0.018369887,0.47100395,-0.02761344,-0.019932816,-0.040810313,-0.02447132,0.012617009,-0.008334565,0.056405794
TARGET-10-PANYZE,-0.01894622,-0.04168885,-0.036298003,-0.0038984884,-0.011852158,-0.018097643,0.04991552,-0.0060030324,0.86836904,-0.01635627,0.54137737,0.011211758,-0.018909594,-0.02037228,-0.026668234,-0.009456889,-0.012900688,-0.012643159,0.5867255,-0.017528288,0.036988676,0.00932208,-0.030412182,-0.029923089,-0.021718744,0.00594639,0.31697273,-0.00827135,-0.073280446,-0.024025459,-0.028155304,1.2136881,0.75250363,-0.038717467,-0.0137427505,-0.0027480742,-0.005784276,-0.05762122,-0.016479895,0.026990492,-0.0153872855,-0.061663963,0.03741882,-0.018862216,-0.013161121,-0.018939678,-0.011428006,-0.020023502,0.018596128,-0.015821425,0.0005397396,-0.0018449016,-0.025935741,-0.030401371,-0.027702205,0.027406521,0.18670501,-0.014514454,-0.0038751606,-0.026508782,-0.026758831,0.028502129,-0.015399442,0.031883407
TARGET-10-PAPAGK,-0.015872382,-0.024920106,-0.022643698,-0.012971273,-0.012773607,0.013936915,-0.014058383,-0.020640297,0.63743496,0.06722421,0.48870334,-0.015170338,-0.030410841,-0.024603272,-0.036694303,-0.012747925,-0.0044545103,-0.0072835675,0.458412,-0.017146472,-0.012215165,-0.0025660763,0.07660356,-0.019441647,-0.015689678,0.020310061,0.3417169,-0.010795769,-0.06103977,-0.02527624,-0.03675956,1.026296,0.44951314,-0.03911573,-0.0051477957,0.0017068079,0.04102209,-0.009313978,-0.028003208,0.14121385,0.007949283,-0.07150888,-0.019893216,-0.012075935,0.009593496,-0.027150951,-0.021565225,-0.020965355,-0.006413272,-0.023306984,0.08476935,-0.0127602415,-0.023388226,-0.01693353,-0.016168084,0.0037943134,0.13285081,-0.025274785,-0.0022279662,-0.019885566,-0.03322927,0.0038858945,-0.016017001,0.0027414616
TARGET-10-PAPAIZ,-0.015681708,-0.0062943446,-0.03502984,0.036092125,-0.016494414,-0.002815057,0.07149921,-0.018794205,0.6759481,0.032350156,0.55618215,0.04832787,-0.015668292,-0.02271029,-0.029400066,0.009519719,-0.014261226,-0.0011501657,0.58009803,-0.017277284,0.078516856,0.050117955,-0.002887051,-0.026220351,0.0046685273,0.10943466,0.2849798,-0.012407457,-0.04995506,-0.036110014,-0.037911106,1.4154978,0.7477981,-0.04885973,-0.031081658,-0.017422602,-0.008086716,-0.030867973,-0.028579254,0.037294254,-0.016915645,-0.0769359,0.10374515,-0.011331668,0.006814766,0.0033927723,-0.0149794,-0.022843815,-0.009699721,-0.027323164,-0.014571898,-0.023801649,-0.024469478,-0.008997639,-0.015791325,-0.016903378,0.09619757,-0.028736206,-0.013209044,-0.00027781632,-0.022233952,0.09703594,-0.017719978,0.050510228
TARGET-10-PAPBSY,-0.0071713566,-0.032143872,-0.033426188,-0.010860201,-0.020969331,-0.0008199988,-0.019374683,0.010166071,0.8236797,-0.013974763,0.5723939,-0.02492664,-0.04437868,-0.021750834,-0.031155564,0.044484094,0.007697982,-0.012437254,0.5337018,-0.01136137,0.0061659375,0.035687767,0.04583176,-0.024608716,-0.030238327,-0.008678522,0.25092685,-0.028904108,-0.059607826,0.044874955,-0.038908496,1.1388487,0.7133254,-0.041833233,0.028150378,-0.016586658,-0.017476227,-0.054323815,-0.010562079,0.040091608,0.066010505,-0.06330948,-0.031507973,-0.021422904,-0.009406971,-0.026526507,-0.009661465,0.012926973,-0.020692328,-0.021317748,0.002550343,-0.0131741455,-0.020110589,-0.031361394,-0.015900524,-0.016050138,0.28408158,-0.038918428,-0.014808244,-0.02186431,-0.029780738,-0.00014117808,0.007478918,0.02856182
TARGET-10-PAPCUR,-0.008497514,-0.023852594,-0.029699504,-0.004799111,0.009633703,-0.02284212,-0.00711614,-0.011524825,0.8252914,-0.016101494,0.55415773,-0.019899964,-0.029781912,-0.010587261,-0.02981115,-0.01696654,-0.018937284,-0.006026813,0.58040625,-0.011642424,0.008044314,0.022916183,-0.012611037,-0.011973596,-0.019660914,0.02899978,0.334126,-0.022780735,-0.065728396,-0.02683356,-0.03511851,1.2367523,0.7344451,-0.04779482,-0.007517968,0.030801754,-0.015088357,-0.042964816,-0.038057674,0.10791182,-0.014327857,-0.061864875,-0.009346998,-0.018028717,-0.009471088,-0.02843627,0.02917782,-0.02067878,-0.010953437,-0.0031561903,0.01325609,-0.0050288765,-0.026809704,-0.02740955,-0.0127770845,-0.009487042,0.12169592,-0.014313024,-0.012632534,-0.03309245,-0.035061426,-0.0076457243,0.007174797,0.038616095
TARGET-10-PAPCVZ,0.0010918668,-0.034508556,-0.03422927,-0.010524053,-0.022440014,-0.018452737,-0.005615026,0.014761125,0.84856427,0.0056281574,0.6130362,0.007524128,-0.032863703,-0.032818053,-0.030609148,-0.015320141,-0.008903372,-0.015706362,0.64768636,-0.01888127,0.10366268,-0.014668195,-0.006171286,-0.033738114,-0.001045634,0.03033635,0.4302678,0.006225152,-0.07099913,-0.024075147,-0.029477768,1.4470911,0.75316644,-0.05169368,0.004976946,-0.02163951,-0.0015083728,-0.051011115,-0.028608125,0.047084745,-0.018674979,-0.0818984,0.059454978,0.0294837,-0.008427388,-0.023500994,-0.008368215,-0.021137271,0.00033215666,-0.026770364,-0.019565824,-0.025118006,-0.041718986,0.0007368969,-0.024832603,-0.01031316,0.13787854,-0.026118139,-0.019161228,-0.017719189,-0.025831688,-0.02007774,0.009860974,0.001307114
TARGET-10-PAPDJM,-0.016932352,-0.029476868,-0.026599795,0.0012353314,-0.018653054,0.057154696,0.031388976,-0.028179983,0.842785,0.123962045,0.5463256,0.00812841,-0.026160335,-0.023168221,-0.035479385,0.0022303713,0.005677377,-0.022640347,0.629713,0.058266196,-0.013056649,0.12829117,-0.0050378162,-0.042248745,-0.0218601,0.03800544,0.29292846,-0.02517841,-0.05494362,-0.031920508,-0.04834676,1.3613188,0.9375968,-0.048332788,0.009620643,-0.015247795,-0.014374504,-0.037440553,-0.034675784,0.07436581,-0.038092252,-0.088995755,0.04555849,-0.014640205,-0.010477815,0.17992538,0.00075066555,0.00289418,0.07395607,-0.025839375,-0.01353398,-0.028528478,-0.026842967,-0.025106885,-0.014751547,0.06310607,0.10854681,-0.034211308,-0.025271043,-0.015347321,-0.028339768,0.19104135,-0.023200883,-0.02648697
TARGET-10-PAPDKJ,0.015128556,-0.026419377,-0.03404197,-0.010971994,-0.015620287,-0.01754165,-0.0125177335,0.00049329875,0.8693224,-0.0050792913,0.52528036,-0.010859584,-0.030244133,-0.019552864,-0.034939937,-0.019099977,-0.014386465,0.04271475,0.61517334,0.0058755954,0.02647711,0.000855785,-0.02486497,-0.020689461,-0.029131234,0.01850603,0.29292113,-0.01673019,-0.05758472,-0.018487789,-0.038409434,1.2880892,0.78824955,-0.050043672,0.00479377,-0.018644853,0.002105059,-0.049239676,-0.029429518,0.1163822,0.002971312,-0.056561,0.00097555155,-0.020479826,-0.00015693018,-0.004789731,-0.00057579996,-0.0069081634,0.0050987536,-0.02079058,-0.009163343,-0.0074810497,-0.018417163,-0.033415288,0.021416225,-0.013203647,0.18010266,-0.02275953,-0.020840207,-0.029364932,-0.032284565,-0.024884015,-0.005898841,-0.013867326
TARGET-10-PAPDUF,-0.01847744,0.066918075,-0.006629321,0.082833365,-0.025295123,0.005040963,0.01779709,-0.0281071,0.7906116,0.07681831,0.46854764,0.01732666,-0.02690932,-0.025402537,-0.027180443,0.06732313,-0.016067551,-0.019645676,0.67284656,-0.021655375,0.021383978,0.060360953,0.012698134,-0.04548897,-0.034626804,0.038691122,0.208494,-0.02011251,-0.06474764,-0.033726186,-0.04036158,1.3801134,0.87303233,-0.05920141,0.013242911,-0.014012786,-0.0161684,-0.037292626,-0.03867185,0.006983028,-0.0041562393,-0.09272301,0.076642185,-0.022724021,0.012836301,-0.032348957,0.066660926,-0.01635343,0.046548646,-0.029160371,-0.020830266,-0.022895593,-0.029953873,0.018865783,-0.013402677,0.004140769,0.055389363,-0.03348763,-0.018009502,0.0026015397,-0.03738694,0.06811002,-0.020891236,-0.01395158
TARGET-10-PAPDUV,-0.007041896,-0.03453479,-0.033068143,-0.010900688,-0.01143797,-0.011536207,-0.009754052,-0.015851304,0.5662898,0.036806837,0.4353345,-0.026050283,-0.033648785,-0.011414258,-0.02711619,-0.011760289,-0.008768782,0.0341729,0.5188911,0.013090108,0.031366073,0.052958436,-0.0276625,-0.02800036,-0.025752906,0.021065872,0.20354639,-0.010285793,-0.054637484,-0.01324544,-0.027546247,1.0754579,0.5250912,-0.038495734,-0.005000836,0.024461826,-0.013867429,-0.047289364,-0.017631387,0.00703743,0.009510141,-0.06769696,0.01880559,-0.015066925,-0.0019195396,0.020479128,-0.01706323,-0.020420512,0.08827624,-0.023081856,0.009040076,0.0008054264,-0.0205191,0.030229066,-0.018127933,-0.024701,0.15169765,-0.017685186,-0.01315308,-0.024313387,-0.0136907045,0.0019718576,-0.0032710005,0.021146718
TARGET-10-PAPDWT,-0.0105099045,-0.0275889,-0.027968664,0.014592733,-0.014497438,-0.00644382,-0.0055990387,-0.018672511,0.61137295,0.0855469,0.4019083,0.020597028,-0.020479431,-0.01448441,-0.015734097,-0.014096761,0.01363499,-0.0063072257,0.38942137,-0.014298221,-0.007436889,0.04375144,-0.00061940006,-0.026978748,-0.018662361,0.08321636,0.2222519,-0.0067756437,-0.05828428,-0.027811289,-0.028149575,0.9142736,0.56941515,-0.024825092,0.0418134,-0.009112586,-0.013019731,-0.027677733,-0.028936334,0.029410452,-0.014007946,-0.06307923,0.049910314,-0.020297788,0.0052113584,-0.03213067,0.021525845,-0.01962456,0.05190809,-0.02337851,-0.009899482,-0.021168472,-0.028938068,-0.0099825505,-0.023975061,0.016523216,0.12873927,0.01625614,0.041059755,-0.02063476,-0.025155006,0.03967333,-0.013606434,0.021919917
TARGET-10-PAPECF,-0.013567148,-0.026713716,-0.026299205,-0.01858667,-0.014737204,-0.010936755,-0.013266876,-0.002889717,0.7885046,-0.0039187404,0.42542797,-0.024098625,-0.0304511,-0.014096644,-0.028005106,-0.012383062,-0.015183405,-0.013056675,0.44508928,0.0134474365,-0.011083594,0.047946587,-0.024555892,-0.027155517,-0.035732873,0.020271035,0.26539806,-0.020999398,-0.05439374,-0.019713018,-0.0399108,1.1317878,0.6523576,-0.048925772,0.013668566,-0.016181577,-0.013767518,-0.043701068,-0.02613176,0.056620557,-0.013735038,-0.06638058,-0.0029738224,-0.016253896,-0.014475073,0.04782116,-0.006701907,-0.008457269,-0.0065922053,-0.022833109,-0.019898567,-0.0015245304,-0.017197523,-0.025562182,0.0038733874,-0.009200351,0.14320111,-0.014122352,0.012063695,-0.019777473,-0.030492354,0.00043126103,-0.006166975,0.006241144
TARGET-10-PAPEFH,-0.021528302,-0.029862404,-0.04085905,-0.0132052675,-0.014462815,-0.017663596,-0.013701799,-0.009331978,0.8450949,0.04917425,0.45403075,-0.02352225,-0.02481848,-0.010265174,-0.038073845,-0.017638603,-0.021443397,0.031129185,0.62784874,0.007627894,0.026259257,0.06530004,0.00434535,-0.031141095,-0.02484535,-0.018535234,0.36214584,-0.024444884,-0.06078876,-0.029879577,-0.034976162,1.3566358,0.8168428,-0.04357227,0.03427909,0.014133031,-0.020569224,-0.052653637,-0.03206866,0.042534042,-0.02218213,-0.073832735,0.05790798,-0.02252412,0.046911612,0.04794675,0.014106141,-0.022386052,0.052305784,-0.024416838,0.008745391,-0.008577742,-0.015473459,-0.020458994,-0.023238657,0.023969578,0.13162632,-0.0072250348,-0.007764657,-0.028072625,-0.028781049,0.0051524024,-0.015812598,-0.020055812
TARGET-10-PAPEJN,-0.010360865,-0.0005643582,-0.03418032,-0.009169122,-0.01072083,-0.017118625,0.0037940606,0.005987173,0.87518036,-0.00037030643,0.4625554,-0.016169768,-0.02958804,-0.025382597,-0.032662317,0.0076027145,-0.013904346,0.025666324,0.56687415,-0.017220978,-0.013570592,0.06990231,-0.027251368,-0.024052875,-0.029756393,-0.0163346,0.30930683,-0.021274406,-0.0611862,-0.014568478,-0.039050158,1.1630048,0.7200049,-0.045250345,-0.016592333,-0.012530803,-0.015893243,-0.052926816,-0.02642418,0.00749968,0.004058093,-0.056858413,0.04929255,-0.013479,-0.012052607,-0.0046963184,0.011310122,-0.014197613,0.015542116,-0.023136564,-0.009267895,0.03243371,-0.020037951,-0.025506597,-0.005098293,-0.0122570265,0.23265988,-0.013981968,-0.013465218,-0.027816545,-0.03216699,-0.016646922,0.015511794,-0.012820233
TARGET-10-PAPESW,-0.0072289025,-0.03672825,-0.025612753,-0.011022048,-0.020428173,-0.018802248,0.08325835,-0.0015108725,0.73612636,0.04185566,0.46610588,-0.016520018,-0.030645031,-0.017733788,-0.032345295,-0.008100893,-0.018122084,-0.011197135,0.6625762,-0.01128656,-0.0051997686,0.060881257,-0.015900351,-0.034500662,-0.019743454,0.08034705,0.27021322,-0.021889683,-0.05419999,-0.017707784,-0.036064036,1.1935201,0.7001807,-0.05491863,-0.0019918876,-0.012933826,-0.011620978,-0.041452926,-0.023785302,0.044098716,-0.022386435,-0.07639578,0.01582383,-0.0026575052,0.028665362,-0.026378455,0.052469205,-0.01665581,0.04441187,-0.025557948,-0.011598957,-0.02042805,-0.020527756,-0.016477956,-0.013864474,0.033993647,0.12776339,-0.018602164,-0.027191337,-0.029982839,0.012357152,0.064477265,-0.0014199466,-0.009696553
TARGET-10-PAPGFP,-0.009157675,-0.011055231,-0.030354854,-0.009255739,-0.008882668,-0.00022135372,0.055213936,-0.0050693825,0.70443624,0.04620453,0.5717459,-0.017084375,-0.037429284,-0.014477999,-0.032501496,-0.013876501,0.027441198,-0.005498205,0.5238509,-0.0025688505,0.035959993,0.006191897,-0.025416212,-0.021308616,-0.028876644,-0.011183706,0.29137427,-0.0016877521,-0.049137324,-0.025642008,-0.021568784,1.1550777,0.70181936,-0.05021064,0.086598895,-0.015829777,-0.018049017,-0.035465166,-0.03136855,0.081690036,0.005436753,-0.06317682,-0.003321157,-0.017618999,-0.019944297,-0.033305593,-0.003534438,-0.010036453,0.0017318064,-0.020042658,0.00975003,-0.017456867,-0.018167704,0.00894717,-0.01141082,0.022438433,0.22128266,0.021768983,-0.020671193,-0.021820161,0.006531016,0.0061936537,-0.01422694,-0.0069222604
TARGET-10-PAPGYC,0.0006724396,-0.034336686,-0.02533779,-0.0083588995,-0.018650293,-0.014043605,-0.0074483845,0.012451937,0.6680837,-0.019000221,0.49084136,-0.017212545,-0.035850212,-0.024538206,-0.031957965,-0.009519447,-0.016229672,-0.007593454,0.55723464,-0.008757364,-0.0063145943,0.06495632,-0.02583061,-0.029333781,-0.023457719,-0.011119983,0.2680208,-0.016750365,-0.06295857,-0.027777907,-0.031907536,1.1191328,0.69278145,-0.04139265,0.0023286575,-0.015377449,-0.018419076,-0.04962729,-0.036009453,0.04835099,-0.01609271,-0.06456077,0.028831009,-0.011908479,-0.011769196,-0.008137956,-0.0036704142,-0.020112716,0.018077645,-0.023449702,0.014288354,0.005230861,-0.023453616,-0.011623416,-0.012940681,0.027564444,0.15851144,-0.016334064,-0.016714966,-0.024925891,-0.022830244,0.026805423,0.0041287565,-0.0074232575
TARGET-10-PAPHJF,0.03099394,-0.037719592,-0.060125824,-0.016699368,-0.015024549,-0.02491241,0.012073437,0.03408708,1.1602964,-0.015702933,0.7488569,-0.018954294,-0.05461523,-0.021491084,-0.032316133,0.011991378,-0.0344697,0.0075407233,0.9820851,-0.027625823,-0.0124405995,0.016097035,-0.030825598,0.038755015,-0.03746721,-0.03266,0.51443,-0.049485072,-0.08636967,0.013461571,-0.040354297,1.9105601,1.0871603,-0.06463194,0.011746874,-0.019528259,-0.024694696,-0.07882182,-0.014375243,0.11188441,-0.021894272,-0.07853015,-0.01260132,-0.03789355,-0.050710816,-0.001571022,-0.006708371,-0.032156844,-0.00643139,-0.02501373,-0.019933376,0.014873949,-0.025418133,-0.02817558,-0.025059506,-0.029924199,0.4739708,-0.029808704,0.014738549,-0.041930914,-0.04615051,-0.027182229,-0.01241231,-0.03024572
TARGET-10-PAPIJB,-0.008411128,-0.033215962,-0.023556314,-0.014858693,-0.02271076,-0.01781869,0.024747068,-0.017351717,0.73232794,0.023609148,0.59569114,0.020857641,-0.026832148,-0.018240519,-0.033668987,-0.030908467,-0.0118093565,-0.01115782,0.6591368,0.033819057,0.03649261,0.094066724,-0.012693355,-0.033390425,-0.022229679,0.083902195,0.3050918,-0.014351674,-0.05897406,-0.024554731,-0.03440535,1.4305809,0.85112625,-0.0445012,-0.012123538,-0.018600008,-0.015250996,-0.03836177,-0.03099896,0.09479711,0.024293749,-0.08226901,-0.006499083,-0.023799557,0.04084336,-0.023829978,0.10978584,-0.010812719,0.0020797825,-0.024879536,-0.016233623,-0.02505377,-0.0324727,-0.016075822,-0.008106296,0.0049319696,0.21340156,-0.028204052,0.0027453755,-0.031127568,-0.014675654,0.11808404,-0.022849489,-0.0042658662
TARGET-10-PAPISG,-0.008103477,-0.028213046,-0.029866409,-0.014512444,-0.012417823,-0.014269313,-0.025369575,-0.01902395,0.80122817,-0.012468798,0.6163844,-0.030527681,-0.030059308,-0.014219036,-0.0356282,-0.010078019,-0.011165465,-0.016939381,0.5323839,-0.021899618,-0.008224558,0.072236136,0.04303522,-0.03424395,-0.029240435,-0.0059421016,0.2938551,-0.018480161,-0.07417293,-0.018429056,-0.042152017,1.2786665,0.79077834,-0.048251107,0.080634244,-0.009288967,0.0015367246,-0.04864358,-0.037832387,0.07209774,-0.014494511,-0.0679921,0.020366842,-0.032400012,0.0055710627,-0.03166916,-0.014139798,0.00033861492,0.02265043,-0.020196825,-0.01516948,0.0066515934,-0.021063332,-0.02249418,-0.007257539,-0.01601354,0.12765217,-0.007279192,-0.009506336,-0.029268,-0.031398334,0.030283708,0.0049651265,-0.028053677
TARGET-10-PAPJHB,-0.015877668,-0.035376523,-0.030916294,-0.009415026,-0.020745061,-0.019907493,0.046090424,-0.001635907,0.6146606,0.017429203,0.3836724,-0.017558785,-0.035828352,-0.018504437,-0.027641095,0.00048244186,0.0017527062,-0.010813106,0.5221797,-0.011654259,0.051950894,-0.0080063455,-0.02597608,-0.011613041,-0.016581796,0.021696376,0.27800098,-0.006687938,-0.05328749,-0.02095516,-0.031822726,1.1482186,0.5322749,-0.036155917,0.026618505,-0.010508785,-0.012314797,-0.042065565,-0.011951489,0.03685879,-0.020291861,-0.06720803,0.030160215,-0.012724393,-0.009305656,-0.015130548,0.0062134494,-0.014749989,-0.010817461,-0.0046420577,0.02009013,-0.011802372,-0.010905797,-0.005990061,-0.0216122,0.008411507,0.20613682,-0.011237112,0.026895033,-0.02138679,-0.023694888,0.010241102,-0.009417106,0.061450105
TARGET-10-PAPJXI,-0.011273444,-0.038191713,-0.024977554,-0.023263764,-0.014724888,-0.019730344,0.01059366,-0.013359854,0.67336285,-0.020175913,0.416017,-0.027095776,-0.030728374,-0.01949814,-0.030688241,-0.017133925,-0.00887698,0.0012205234,0.43609676,-0.015071881,-0.011734408,0.0014877757,-0.018463323,-0.027312484,-0.027043715,0.03587956,0.22020653,-0.021563966,-0.05744952,-0.02096861,-0.03304148,1.1262779,0.604838,-0.043227233,-0.005817756,0.004406127,0.009728488,-0.045829266,-0.02202914,0.014517557,-0.017283997,-0.06066284,0.10217105,-0.013909394,-0.013169281,0.045007527,-0.014093063,-0.007783537,-0.013203156,-0.019001558,-0.007658114,0.025952455,-0.014158209,0.0004595043,-0.011152998,-0.018517695,0.13458899,-0.010681312,-0.00816004,-0.02998355,-0.026782118,0.019712351,-0.0027345852,0.026412368
TARGET-10-PAPKNC,-0.009870905,-0.044633597,-0.03027026,-0.016819112,-0.015076751,-0.022578977,0.013244994,-0.008494486,0.75463223,-0.018610518,0.48292464,-0.020185009,-0.037526745,-0.017691271,-0.04251067,-0.015385561,-0.017523298,-0.0053034797,0.6070931,0.0454979,-0.011313634,0.087176315,-0.033173963,-0.020346165,-0.024063306,-0.016255606,0.27816182,-0.025252968,-0.05221346,-0.02260755,-0.03633017,1.1943785,0.7014608,-0.052295044,-0.009230012,-0.021423353,-0.023879472,-0.06544779,0.009214671,0.039008394,-0.0149465185,-0.060228683,-0.0091980975,-0.01931367,-0.017245375,-0.034350492,9.2824455e-05,-0.014949535,-0.014797742,-0.022005226,0.02286884,-0.018241774,-0.010961704,-0.025880765,-0.014767115,-0.02413904,0.21327265,-0.026762625,-0.01633672,-0.029346405,-0.031434458,-0.011676455,-0.016928978,-0.01802232
TARGET-10-PAPLDM,0.022731438,-0.023177085,-0.032211654,0.0010281187,-0.020057358,-0.009316622,0.00933206,-0.020270988,0.7466464,0.056122024,0.61147773,0.0370601,-0.023234433,-0.027804498,-0.032395672,-0.013119552,-0.022444598,0.018372554,0.5885186,-0.022414714,0.013191729,0.0149487145,-0.017454721,-0.020306695,0.0023947405,0.029840149,0.34726363,0.02882696,-0.060933154,-0.019699695,-0.027665747,1.1476443,0.7633998,-0.040677577,0.010652978,-0.008744727,-0.019356439,-0.028803993,-0.03519383,0.003332899,-0.021588057,-0.063154615,0.10298406,-0.006185553,0.017516676,0.0266224,0.004925077,-0.01688478,-0.013769919,-0.030179188,0.007371137,-0.027648209,-0.034175463,-0.027385304,-0.017041812,0.031799234,0.13662207,-0.012086261,-0.007744874,-0.002265932,-0.0144599015,-0.0042072455,-0.014088801,0.050548673
TARGET-10-PAPLTZ,-0.012589078,-0.028502636,-0.029671732,-0.014887096,-0.014173842,-0.018783031,-0.014561868,0.0027891663,0.8449968,0.015640758,0.42514274,-0.0052349893,-0.034357306,-0.017624922,-0.032932963,-0.0149944965,-0.004570313,-0.0035246308,0.6057144,-0.00846543,0.027776528,0.042021897,-0.026192207,-0.012939751,-0.030290546,-0.012291653,0.27180237,-0.014196569,-0.06393421,-0.019720307,-0.03626173,1.2109442,0.79017574,-0.047142893,0.008736385,-0.017617425,-0.020739688,-0.05698276,-0.02788692,0.01285303,0.013004923,-0.055398636,0.010674456,-0.018386722,0.0059086755,0.06278284,-0.013072632,-0.014935819,0.020253945,-0.019838618,-0.015414743,-0.018892575,-0.025114026,-0.019300953,0.014014581,-0.011916289,0.2067342,-0.017147657,-0.020223487,-0.021831516,-0.03348439,-0.0067452355,-0.012186093,-0.014284236
TARGET-10-PAPLUG,-0.0023602948,-0.029707624,-0.024485882,-0.010141974,0.002907327,-0.022872584,0.046377257,-0.012370853,0.8163364,-0.010728412,0.500597,-0.02495065,-0.030201113,-0.020578738,-0.024506915,0.0069500282,-0.021224368,0.056850374,0.67221475,0.016723337,-0.016347062,0.04054948,-0.030624023,-0.027755186,-0.030014763,-0.012881656,0.3734457,-0.025367852,-0.05832287,-0.009893653,-0.034689583,1.2058342,0.7968981,-0.049078904,-0.010766692,0.018092688,-0.020937156,-0.05873768,-0.010071097,0.056111664,-0.009364908,-0.060905106,-0.011505926,-0.022521455,0.0018204143,0.034117766,0.0041251024,0.0064636795,0.00731644,-0.008857613,0.005212348,-0.016421499,-0.017826118,-0.024826711,-0.020267434,0.015526315,0.28691557,-0.013447507,-0.011611177,-0.02657473,-0.027665645,-0.019257842,-0.0007920889,-0.008722895
TARGET-10-PAPMVB,0.0021563463,-0.03058863,-0.027293004,-0.022877034,-0.0170072,-0.023920843,-0.01374767,-0.010841522,0.71292794,0.072050124,0.48150203,-0.010445654,-0.036758482,-0.02296118,-0.027963202,-0.019330053,-0.011832791,-0.0106452415,0.5987925,-0.013551536,0.0027105114,0.01774032,-0.029857988,-0.027811758,-0.021369308,-0.004658141,0.25240782,-0.019641107,-0.044142783,-0.016991794,-0.030873269,1.0042367,0.6967586,-0.039762303,0.039443377,-0.007596651,-0.02086288,-0.044066764,-0.029359922,0.02080337,-0.009232303,-0.052894145,-0.0142069,-0.018953353,-0.0063938107,-0.027065545,-0.006817689,0.009444168,0.01859299,-0.021263525,-0.0060062567,-0.003152594,-0.021467738,-0.023511978,-0.00080202427,-0.008573146,0.14791837,-0.010381998,-0.018287426,-0.021825448,-0.021345256,-0.021773636,0.049079224,-0.0006280402
TARGET-10-PAPMYD,-0.004180381,-0.033168018,-0.0328762,0.018623669,-0.03119749,-0.015627487,-0.018696226,-0.008280651,1.0721691,-0.012468106,0.607875,-0.019153913,-0.054997727,-0.032292206,-0.031262588,-0.015820945,-0.018718295,-0.010510334,0.6006681,0.016150478,-0.009992551,0.09873021,-0.03293562,-0.0065905373,-0.035829693,-0.013323369,0.4565657,-0.026975174,-0.08785556,0.012932483,-0.03599485,1.6359444,0.9327361,-0.05316763,-0.0141737955,-0.022977637,-0.027451985,-0.057540316,-0.020910328,0.08060068,-0.018874662,-0.07045557,-0.020647818,-0.03631527,-0.026418267,-0.032152943,0.015229901,-0.014843152,0.0015673926,-0.025005259,0.0021186466,-0.0033438632,-0.02639373,-0.037654407,-0.024351398,-0.023805398,0.3964299,-0.040610515,-0.033006396,-0.034775898,-0.013471652,-0.026332911,-0.013139874,-0.016971178
TARGET-10-PAPNMY,-0.014620302,-0.03611695,-0.0328096,-0.008558269,-0.007283926,-0.0134189,0.09619004,-0.008777255,0.9902478,0.0036958922,0.6024309,-0.019122858,-0.038200475,-0.021037225,-0.038501594,-0.023626175,-0.01908191,-0.01101753,0.79637754,-0.009861069,0.011713949,0.052112233,-0.0059689693,-0.02091726,-0.023195323,0.017321715,0.3586706,-0.023732511,-0.06037087,0.01312044,-0.020675674,1.3798802,0.84588766,-0.041957323,-0.009662498,-0.0065503223,-0.018411431,-0.057704374,-0.02311627,0.08655873,-0.021293778,-0.0766619,-0.0126865525,-0.03186011,-0.014048437,-0.02717003,-0.016234593,-0.017494446,0.0033124376,-0.02232721,-0.015302982,0.025291169,-0.02985466,-0.014534276,-0.023527246,-0.01818338,0.2606733,-0.022933384,-0.011364015,-0.020834906,-0.027959153,-0.022608627,-0.007876135,0.030194622
TARGET-10-PAPNNX,-0.015728217,-0.027569715,-0.020955283,-0.0032279263,-0.0027197343,-0.02292012,-0.017172787,-0.009131996,0.7834761,0.0007093223,0.47625905,-0.012884879,-0.025265252,-0.013824245,-0.03663769,-0.01674864,-0.008429481,0.063051715,0.6480808,0.021518646,0.02543525,0.016059823,0.003254652,-0.01699391,-0.02024185,0.05041275,0.24748352,-0.024168167,-0.06000047,-0.020305842,-0.032857586,1.188961,0.6272861,-0.034555413,0.0069619603,0.006795234,-0.017627012,-0.060755707,-0.00922902,0.077466056,0.007914849,-0.06540688,-0.012099756,-0.029234756,-0.014875878,-0.026753655,0.012971649,-0.0120896995,-0.0072623477,-0.013981322,-0.0033373702,-0.008527937,-0.01825736,-0.030058369,0.00641351,0.006218356,0.19181997,-0.013791215,-0.011766137,-0.031436242,-0.027486604,-0.0018641353,-0.0065319375,-0.021531437
TARGET-10-PAPPGN,0.0012403643,-0.0275629,-0.025801608,0.0034727873,-0.015045027,-0.00799504,0.006022522,-0.010228652,0.7673373,0.082328305,0.5214496,-0.013603724,-0.033550363,-0.02226184,-0.015634835,-0.015430181,-0.013565872,-0.007628168,0.6781298,-0.011017223,0.013110628,-0.011914122,-0.011859834,-0.026457267,-0.016451076,-0.020439493,0.19781688,0.039725013,-0.058417402,-0.020305255,-0.024487972,1.1142943,0.6812329,-0.042328596,0.057133567,-0.011754464,-0.016089072,-0.041483484,-0.024475785,0.098984234,-0.0027826007,-0.052432414,0.016418923,-0.02302431,-0.008775893,-0.026899233,-0.018178606,-0.0124191595,-0.0024414463,-0.0090021705,0.061836902,-0.006656807,-0.025298577,-0.017250445,-0.020503711,0.0064750584,0.3353277,-0.020627579,-0.012806921,-0.012795961,-0.03862551,-0.024479115,-0.009718375,0.047448415
TARGET-10-PAPRCS,0.0117872255,-0.035638507,-0.037283517,0.0025142226,-0.01739037,-0.020227512,0.002023602,0.002099846,0.8247206,-0.003092098,0.57204044,-0.02047535,-0.03672767,-0.013794607,-0.036735285,-0.012518914,-0.012569306,-0.010882769,0.6606407,-0.010838891,-0.0022573867,0.07548431,0.0017346125,-0.030292608,-0.017783402,0.031834003,0.32032356,-0.016536055,-0.07122933,-0.020361371,-0.033720706,1.1438543,0.683567,-0.047208294,0.07780194,0.01736973,-0.01724581,-0.051937226,-0.019949453,0.026234306,-0.016896777,-0.058086343,-0.0065191225,-0.017107725,-0.005637208,-0.034178447,-0.015578808,-0.00892736,-0.015295295,-0.016399845,-0.0048111435,-0.014035513,-0.028415281,-0.02400954,-0.013378124,-0.018612862,0.18415874,-0.02049663,-0.013757376,-0.023754785,-0.038546614,-0.0066492655,-0.0061367047,-0.017181143
TARGET-10-PAPRFE,-0.030637342,-0.028558938,-0.03943623,0.004108413,-0.022441678,-0.014322873,-0.02318516,-0.0051888064,0.92293173,-0.015831128,0.73314315,-0.024496017,-0.043495916,-0.025123745,-0.03425271,-0.0031498184,-0.022022948,-0.0077578365,0.7222524,-0.022881296,0.0058859354,-0.023104532,-0.030330844,0.0084615145,-0.053339966,-0.025860982,0.39318937,-0.03347227,-0.07367494,0.052533213,-0.036483143,1.7090102,0.9121289,-0.037595253,0.061691556,-0.016190097,-0.029246248,-0.07315985,-0.028631832,0.01770936,-0.017746096,-0.07371499,-0.021641362,-0.030351952,-0.031929288,-0.024127899,-0.01355058,-0.018332655,0.01786458,-0.032800514,-0.007890487,0.031289242,-0.019539177,-0.02708452,-0.019123197,-0.019518081,0.4408341,-0.032687042,-0.01614312,-0.0272097,-0.030102782,-0.022610057,-0.005775596,-0.017703317
TARGET-10-PAPSPG,-0.020124184,-0.03257564,-0.033753265,-0.009829627,-0.01738774,-0.02889841,-0.01857039,-0.0135202445,0.96821797,-0.009957977,0.58517987,-0.01624447,-0.03432461,-0.01891644,-0.029836372,-0.025108915,-0.01583427,0.0013877861,0.76984525,-0.016729072,0.053474937,-0.010753172,0.090160616,-0.031755418,-0.016867619,0.031402957,0.40666425,-0.021634756,-0.075215355,-0.025166057,-0.03489297,1.4607127,0.82865745,-0.049755596,0.037323877,-0.010381071,-0.012349727,-0.062272094,-0.03028914,0.08676171,-0.015026656,-0.07533765,-0.011127293,-0.022978464,-0.014978254,-0.031612568,-0.0014849738,-0.023996577,-0.006241983,-0.019443456,0.026091347,-0.021717757,-0.03913981,-0.027750988,-0.006556983,0.01570424,0.20072384,-0.02600883,-0.020434089,-0.0410335,-0.036948286,0.06151811,-0.012905031,-0.018737104
TARGET-10-PAPSPN,-0.012041541,-0.032570656,-0.036840685,0.020668507,0.0077728406,-0.015439845,-0.026281795,-0.012185596,0.80781406,-0.01626498,0.6179761,-0.02925603,-0.032893404,-0.019645713,-0.029973593,-0.011566833,-0.011857007,0.019346386,0.6873836,0.033672757,0.023651408,0.058990724,0.021367459,-0.025713356,-0.02509911,0.003066388,0.34283513,-0.020134129,-0.07243353,-0.024092512,-0.034266766,1.2659633,0.72542846,-0.04078868,0.037669137,0.019992962,-0.016756432,-0.046199016,-0.015467702,0.09819172,-0.002665922,-0.06340504,-0.01610365,-0.02005126,0.0040783565,-0.029783841,-0.023156608,-0.0057607945,-0.014303004,-0.017236698,0.004619172,-0.009194803,-0.024805488,-0.025968306,-0.0065059434,-0.005736418,0.13693492,-0.026697382,0.05621359,-0.04026108,-0.029906252,0.03111361,0.007650256,-0.02430784
TARGET-10-PAPTLM,-0.013435193,-0.039697923,-0.04416858,-0.011650376,-0.020985726,-0.015386611,-0.021487815,0.016624704,0.95214975,-0.014278343,0.69132894,-0.01638702,-0.061998863,-0.021479817,-0.041533794,-0.017224206,-0.021750256,0.0028687865,0.7138639,0.009485695,0.011064311,0.003962498,-0.030562105,-0.016443979,-0.028463326,-0.02519633,0.4890526,-0.031928457,-0.07435258,0.078545034,-0.048936024,1.585978,0.9429514,-0.052063756,0.062379792,-0.027419765,-0.025190126,-0.06354442,-0.0070456183,0.13137531,-0.015097095,-0.06737075,-0.030067123,-0.024961278,-0.013092117,-0.026917905,-0.01449125,-0.021901801,-0.016558934,-0.024928529,-0.02337325,-0.020389397,-0.016330436,-0.03798548,-0.022129077,-0.02434231,0.40084612,-0.02882729,0.0025256146,-0.030638022,-0.03914026,-0.01821363,-0.013836306,0.018839724
TARGET-10-PAPVTA,-0.008434545,-0.027377915,-0.024784617,-0.017111795,-0.015554779,-0.0059255864,-0.0034373102,-0.011565277,0.75651014,-0.0008695368,0.52126,0.016808439,-0.02818872,-0.020512817,-0.026961936,-0.013524875,-0.009681913,0.009723936,0.5937078,-0.0111485,-0.0022862335,0.014974,-0.020475475,-0.023686051,-0.024167484,0.09104127,0.29449618,0.010192828,-0.0498244,-0.022146098,-0.027884012,1.2137848,0.73056245,-0.042924672,-0.00482498,-0.012200225,-0.015696947,-0.03358346,-0.030900557,0.050456155,-0.012416758,-0.07220204,0.06915504,-0.019115161,0.011764146,-0.021020891,0.009814047,-0.016498368,0.0031982171,-0.023533236,-0.005719302,-0.011849629,-0.027591053,-0.013175377,-0.0130312275,0.015800748,0.21227619,-0.01940868,-0.012363903,-0.026871305,-0.031183604,0.026097009,-0.016759241,0.011685316
TARGET-10-PAPZNK,-0.022422494,-0.015990902,-0.040876493,0.006664225,-0.021336406,-0.016218737,-0.00457548,-0.010651209,0.7533519,-0.008658807,0.6524967,-0.020839384,-0.03984872,-0.015455135,-0.029739225,-0.010065952,-0.013783056,-0.0043400954,0.5469645,0.044745337,-0.00386455,0.018230807,0.08718216,0.027696649,-0.02491899,0.018312503,0.4280448,-0.020052796,-0.07564607,-0.020310488,-0.03641404,1.246576,0.58040607,-0.042247165,0.032327242,-0.013698538,0.009751746,-0.053112566,-0.018740758,0.09207651,0.0036727823,-0.0719119,-0.03062636,-0.016522575,-0.017749166,-0.028748237,-0.013689201,-0.0006351719,-0.015523026,-0.010323871,0.07129674,0.008549795,-0.030654896,-0.018462893,-0.010838074,-0.0008613169,0.2521685,-0.025180368,-0.015826613,-0.026894951,-0.035654172,-0.010959547,-0.0065837246,-0.019378874
TARGET-10-PAPZST,-0.007378544,-0.016064605,-0.018519625,-0.005590163,-0.0053750854,-0.018356156,-0.009202328,-0.013831436,0.64153856,-0.00038836757,0.40148503,-0.02443697,-0.029957414,-0.01165783,-0.02103763,0.030469732,-0.010544107,-0.013524506,0.43865746,-0.0115763545,0.01104806,0.022190642,0.032099165,-0.020580137,-0.021212397,0.0070757717,0.23101412,-0.015440301,-0.0554919,-0.014703263,-0.03622243,0.96123993,0.5015864,-0.032904487,0.018299786,0.037261613,-0.016560255,-0.0436133,-0.026009643,0.031010874,-0.014151492,-0.042970493,-0.0017573405,-0.016309457,-0.014421607,-0.026330722,-0.0077903364,0.011476766,-0.007823467,-0.009208308,0.008223655,-0.014359531,-0.019453216,-0.024114197,-0.008039834,-0.0198969,0.17927024,-0.011955465,0.04179157,-0.025209375,-0.027716849,-0.013384382,-0.0065358714,-0.00977519
TARGET-10-PARACA,-0.01899457,-0.011064651,-0.051968213,-0.009378155,0.0015276,-0.013515958,-0.014151887,-0.014705444,1.0887506,-0.028864412,0.8256518,-0.034559634,-0.021354256,-0.026109375,-0.03412915,0.048071273,-0.024483122,0.0258337,0.81212664,-0.029804528,-0.008612933,0.031306364,0.0034399629,-0.013019577,-0.039966915,-0.0035166056,0.31207833,-0.027267452,-0.0950544,-0.02455512,-0.0366602,1.6566954,0.9019636,-0.050567985,0.025081616,-0.0140466895,0.0053679664,-0.06287473,-0.02504339,0.029194087,-0.011187365,-0.07576992,-0.023344912,-0.026546493,-0.043620437,-0.029333755,-0.020943947,0.014385823,0.0051968843,-0.026889302,-0.01762516,0.03776571,-0.018012924,-0.046277218,-0.011312177,-0.038127884,0.33503246,-0.026962474,-0.023049401,-0.032554314,-0.04515303,-0.0056094527,0.038271878,-0.027755015
TARGET-10-PARAKF,-0.013585168,-0.032271575,-0.032726154,-0.013019178,-0.012850738,-0.024898984,-0.005664532,0.023954866,0.8091969,-0.00034136185,0.5571114,-0.023386087,-0.033590596,-0.017485026,-0.038820468,-0.012294711,-0.016138418,-0.017237127,0.6478681,-0.006571712,0.039759602,0.032268073,-0.024061779,-0.025590599,-0.031116191,0.030659037,0.37296844,-0.016346723,-0.06418615,-0.023819828,-0.048775293,1.2948368,0.6972822,-0.04555555,0.009591021,-0.013081198,-0.015509217,-0.055185482,-0.035102714,0.05716507,-0.012381759,-0.063707575,-0.017500315,-0.016084367,-0.0101435995,-0.01613505,-0.0024063159,-0.012099028,-0.011621343,-0.022779882,0.005062907,-0.004224753,-0.020907722,-0.011770709,0.052783567,-0.012227797,0.17072366,-0.021394853,-0.004440405,-0.03408088,-0.02773948,0.0065580215,-0.008680431,0.0032020237
TARGET-10-PARARJ,-0.008250974,-0.040565055,-0.037922844,-0.009141771,-0.01948982,-0.012096739,0.043165106,0.009631531,0.769542,0.014544269,0.6065426,-0.022801057,-0.03058505,-0.016200751,-0.04554868,0.03525018,-0.0153001305,-0.0045453184,0.65078115,-0.0065015545,-0.012340782,0.0443375,-0.037804432,-0.026204262,-0.022964176,-0.011261639,0.39009172,0.024016365,-0.06686294,0.0127083855,-0.03831771,1.21088,0.6895752,-0.049982946,0.012570735,-0.014324482,-0.021054067,-0.069312006,-0.025364522,0.0303955,-0.01850579,-0.054372653,-0.015434022,-0.02024589,-0.016562857,-0.044536058,-0.01529416,-0.012776015,0.03233926,-0.025613602,-0.005284697,-0.020891342,-0.015810812,-0.0244377,-0.02990619,0.008017619,0.24625094,-0.015517794,-0.017080102,-0.030078735,-0.029809166,-0.017039426,-0.014815891,0.08238793
TARGET-10-PARBVI,0.06365709,-0.034326125,-0.036830492,0.0039506946,-0.01479194,0.007655531,0.065568715,-0.020522136,0.8244026,0.0149799,0.5805066,-0.018829482,-0.04192438,-0.027510665,-0.03886858,-0.02521874,-0.0022591501,-0.010605082,0.61958605,-0.0014472194,-0.013094914,0.08700265,-0.027196651,-0.02235692,-0.025161114,-0.008260289,0.33821672,-0.013314046,-0.049886987,-0.016969671,-0.041966446,1.2081909,0.89788127,-0.03840035,0.0821142,-0.010174684,-0.014846713,-0.040157087,-0.020714639,0.13712487,-0.009596991,-0.06537808,-0.007508478,-0.024296511,-0.014253631,-0.02942915,-0.008778006,0.02924457,-0.018137768,0.031576864,0.052264765,-0.019845745,-0.025907492,-0.02293589,-0.027288133,-0.0046760123,0.18763836,-0.032337654,0.0021786708,-0.021257253,-0.022036456,-0.014781989,0.006178907,-0.010914484
TARGET-10-PARFLV,0.014206272,-0.0033434916,-0.027875252,-0.003109558,-0.01314171,0.013755538,-0.024634104,-0.012332188,0.79353297,0.024152763,0.5494142,-0.017931439,-0.029507922,-0.015838595,-0.013888299,-0.0052329213,-0.0056618433,0.025039978,0.54452133,-0.0070935367,-0.007723387,0.05822947,-0.0112415105,-0.024111642,-0.02906713,0.12119511,0.28176725,-0.022373244,-0.052553847,-0.01959575,-0.03164089,1.0371852,0.58671415,-0.039288905,-0.00642504,-0.004056528,-0.027367529,-0.03769564,-0.023601385,0.014605042,0.03289557,-0.05432834,0.032404497,-0.021830775,0.034007985,-0.033901636,0.0034516207,-0.00868162,0.010060038,-0.0016606413,0.034813225,0.013014757,-0.035351846,-0.028094659,-0.01928844,-0.017689716,0.16872068,-0.022165619,0.03093371,-0.027845522,-0.031850938,0.013571428,0.047077652,0.04341459
TARGET-10-PARGFV,0.008418475,-0.00074619986,-0.03063083,0.025507012,-0.011110975,0.019474212,-0.006767584,-0.017497348,0.75472134,0.009326935,0.56848246,-0.011852407,-0.017766265,-0.022693278,-0.02895591,0.025345892,-0.0077870158,-0.013367156,0.5302625,-0.015469641,-0.008216065,0.05629861,0.0058039,-0.025042087,-0.024425423,0.080444075,0.20018199,-0.014203731,-0.054484032,-0.028626021,-0.03305187,1.177567,0.63542557,-0.042217623,-0.007781118,-0.018056847,0.016480822,-0.033714626,-0.020113712,-0.0065260585,-0.01194782,-0.05866924,0.046684843,-0.014641568,0.006209679,-0.01076252,0.012911007,-0.008334983,0.014000293,0.0009223316,0.023832731,-0.012718696,-0.029141188,-0.022869593,-0.014047734,-0.013152301,0.15199898,-0.025513083,-0.011273904,-0.0079049,-0.033975273,0.04371261,-0.013223768,0.027475154
TARGET-10-PARGVZ,-0.02799793,-0.024833694,-0.029517759,0.017228285,-0.01804723,0.008265525,0.062696785,-0.015283422,0.69235414,0.010724794,0.53941,0.025207523,-0.019717261,-0.030530903,-0.026464127,0.011653803,-0.011533865,0.02716383,0.5361433,-0.009583087,-0.007348052,0.102959745,0.014964329,-0.027454961,-0.030913668,0.08116726,0.23236215,0.022604842,-0.057715744,-0.020397563,-0.039811894,1.2883837,0.7931178,-0.0400334,-0.016341632,0.031620126,0.02024204,-0.038476087,-0.035188198,-0.0062483056,-0.021988895,-0.084034,0.011406979,-0.019563125,-0.01323746,0.051752627,0.12121555,-0.014893804,0.0965758,-0.022697907,-0.01518264,0.012707666,-0.026266694,-0.01605517,-0.016120318,-0.017163884,0.077393286,-0.024983022,-0.015705545,-0.022808753,-0.021671738,0.11740205,-0.016141593,0.026553085
TARGET-10-PARIAD,-0.022733366,-0.0041428506,-0.046722926,-0.012436666,-0.021368962,-0.002884504,0.033681557,0.0134128835,0.88370985,-0.0067553036,0.59584945,-0.02371838,-0.030631706,-0.022095975,-0.031456895,0.018743385,-0.013765989,-0.012163152,0.6522192,-0.004932439,-0.014599578,-0.0016839695,0.009188129,0.014046642,-0.03302247,0.009807585,0.38834107,-0.025378875,-0.06845835,-0.003275508,-0.025383173,1.4864421,0.6808233,-0.05492989,0.02432691,-0.021920703,-0.011680713,-0.05595125,-0.025335807,0.06464401,-0.013377517,-0.06579241,-0.011914711,-0.025973856,-0.023841595,-0.0031561349,0.010407291,-0.005898604,-0.018883802,-0.025698518,-0.012852602,-0.02444839,-0.027646815,-0.02635438,-0.014755748,0.012305128,0.25670037,-0.019064762,0.016358946,-0.01987495,-0.028113786,-0.00974664,-0.014435114,-0.026395753
TARGET-10-PARJSR,-0.013529839,-0.011407497,-0.031914838,-0.01221788,0.051144987,-0.017015647,-0.0023545437,-0.009059006,0.8070795,0.018638957,0.4929362,-0.0152678285,-0.042561542,-0.016819881,-0.029186673,-0.008447439,-0.013220176,0.014219764,0.64007044,0.0043306295,0.028194431,0.07151904,-0.026279554,-0.029367622,-0.01897986,-0.015330673,0.32591194,-0.013358988,-0.058097567,-0.016050316,-0.03956045,1.0789509,0.6099242,-0.031507816,0.018687176,-0.017799813,-0.023830783,-0.048069514,-0.0127484165,0.046874497,-0.008266538,-0.063421264,-0.015882166,-0.024256587,-0.019031428,-0.03584593,0.01896048,0.018402645,-0.019098826,-0.010611657,-0.006645996,-0.017559575,-0.029267145,-0.014069282,-0.017908402,-0.018674567,0.09975791,-0.027552566,-0.019196417,-0.033836007,-0.025081031,-0.018915016,0.00058167195,0.0040421197
TARGET-10-PARLAF,-0.00373592,-0.033320475,-0.02267987,-0.009961675,-0.02882073,-0.020459011,-0.009277511,-0.011197384,0.89697856,0.0457149,0.5956353,-0.017147463,-0.035273686,-0.0142988255,-0.030160353,-0.012632832,-0.01034497,-0.011727348,0.64476854,0.052597903,-0.007162352,0.031584352,0.046903647,-0.022612792,-0.021148425,0.06406158,0.39186275,-0.013724323,-0.05616086,-0.023626085,-0.038416985,1.3823518,0.8625031,-0.044697944,-0.0082476325,-0.010028437,0.005095569,-0.044304565,-0.022472087,0.092594445,-0.017673716,-0.05735682,-0.008238217,-0.016599195,0.0034786407,-0.0051357765,0.013065489,-0.013914453,0.023319008,-0.020836692,0.018569853,-0.023366673,-0.023167264,-0.029173784,-0.015879277,0.03251209,0.2764273,-0.03020697,-0.0064734532,-0.03160245,-0.028988145,-0.0029313397,-0.014323367,0.017883407
TARGET-10-PARLEK,-0.014903458,-0.02417108,-0.02581606,-0.013729656,0.021134058,-0.016307143,-0.004664046,-0.007178593,0.7224766,0.019009747,0.52166545,-0.013987615,-0.041715823,-0.0014374172,-0.039754275,0.006397537,-0.013901033,0.00938374,0.47164345,-0.0050297873,0.05005408,0.08816421,-0.008660959,-0.02056414,-0.022405922,0.005351549,0.25451857,-0.009074486,-0.06647483,0.011723229,-0.028954398,0.99484456,0.61183894,-0.03389976,0.05950592,0.03669236,-0.013139426,-0.04144892,-0.019890066,0.07790622,0.006819222,-0.05350327,0.001634378,-0.021193134,-0.014280334,-0.028381944,-0.0036228,0.019764792,-0.015954692,-0.0149299875,0.0030626475,0.0832249,-0.026101617,-0.01274265,-0.018433671,0.0041491045,0.1912382,-0.028591659,-0.016397864,-0.017152095,0.010354392,0.012371956,0.007686115,-0.013402335
TARGET-10-PARMSP,-0.013272302,-0.022966253,0.020960115,0.014921077,-0.014017241,0.029972889,-0.0021131071,-0.025330454,0.78337157,0.0033031441,0.47812325,0.0027982132,-0.029673431,-0.023006331,-0.03732224,0.00791059,-0.012249419,-0.01230211,0.7045586,-0.02202176,-0.008602539,0.049475335,0.046837613,-0.024010494,-0.009234691,0.052940015,0.10710539,-0.015684364,-0.07278615,-0.025696708,-0.038427055,1.3037255,0.73191017,-0.04438375,0.02506202,-0.0060278624,-0.019379308,-0.05338309,-0.021834327,0.033800863,0.051983155,-0.06627652,0.005605854,-0.018903732,-0.022855917,-0.037819635,-0.011289856,-0.007350381,0.01340328,-0.021203376,-0.00955946,-0.007356344,-0.032001495,-0.025024086,-0.013998919,-0.013682224,0.16431904,0.038783357,-0.015640967,-0.022854194,-0.030384526,-0.010542471,-0.0073210713,-0.009408952
TARGET-10-PARMXF,-0.017467536,-0.037359588,-0.02969601,-0.022076208,-0.017209917,-0.022243539,0.015778404,-0.01339074,0.79765344,-0.009481108,0.6731525,-0.015106156,-0.052211657,-0.02738962,-0.034888186,-0.021944342,0.009577151,0.016062241,0.5912992,0.007989052,0.008347265,0.037366826,0.030034091,-0.00013718242,-0.019709397,-0.0048547424,0.4271109,-0.024741862,-0.05939109,-0.009686454,-0.04168751,1.2679683,0.68405986,-0.047674634,0.03572607,-0.015227968,-0.018225167,-0.061122373,-0.021911819,0.08695613,-0.013965326,-0.065635264,-0.012660047,-0.020035809,-0.017341636,-0.006075793,0.030851623,-0.015531272,-0.01690543,-0.022759767,-0.0080326935,-0.02023935,-0.028598294,-0.034335427,-0.01971769,-0.0077275475,0.23078026,-0.022311434,-0.00927398,-0.030950299,-0.04454483,-0.022786798,-0.011089058,-0.016049165
TARGET-10-PARPRW,-0.029480305,-0.015988989,-0.029547732,-0.0073932186,0.008872729,-0.013100743,-0.0256568,-0.017528618,0.7667542,-0.006360868,0.64150417,-0.020871932,-0.044453554,-0.0124194445,-0.028139167,-0.01637094,-0.02082941,-0.011294091,0.6378561,0.017073734,-0.010854124,-0.0074471827,0.0016492363,-0.0071798903,-0.031445887,-0.0141266715,0.38099882,-0.022402698,-0.08998241,-0.029632298,-0.03384809,1.4089221,0.73878574,-0.053646382,0.052238695,0.012146,-0.022143053,-0.05284626,-0.027475625,0.10977064,0.02702114,-0.0746239,-0.013172269,-0.015669752,-0.025520664,-0.03470459,-0.022117022,-0.018128145,0.016884182,-0.024905734,0.008504551,0.024611669,-0.02633569,-0.02558006,0.019581318,0.0035685152,0.15725222,-0.035427704,-0.0111803785,-0.036367655,-0.026108522,-0.017649459,0.0012061177,-0.028968666
TARGET-10-PARPZJ,0.0025302158,-0.029580306,-0.024951462,-0.015078605,-0.013961788,-0.019097267,0.0054800888,-0.0073172227,0.63469595,-0.010554191,0.45088214,-0.011890594,-0.030213598,-0.02485744,-0.018243426,-0.0140171945,0.0010434426,-0.010089824,0.4838277,0.03128267,0.021177318,0.010896847,-0.024500549,-0.024840407,-0.014935637,0.014553219,0.2601095,-0.015806835,-0.048272967,-0.022928929,-0.036422446,0.98853576,0.5434795,-0.034907393,0.031271473,0.017358264,-0.0025586016,-0.036553413,-0.024928804,0.066285804,-0.0020701513,-0.05557676,0.013824591,-0.01404392,-0.010951251,0.00022764725,0.037952855,-0.006362035,0.0146492915,0.028362831,0.02392905,-0.017259274,-0.01954873,-0.010998381,-0.01078576,-0.0027754088,0.2288738,0.025289759,-0.0019232673,-0.03161131,-0.028313115,0.0060458165,-0.0035457094,-0.007843003
TARGET-10-PARUBK,-0.01216396,-0.026321925,-0.036783386,0.011477509,0.031811573,-0.019674148,-0.016208306,0.0051915413,0.7633403,0.032056574,0.6382561,-0.017218977,-0.041304663,-0.025267541,-0.031111017,-0.014457658,-0.015565766,0.009750728,0.6231302,-0.004941207,0.0485033,0.055947736,0.046611905,-0.007233463,-0.017871382,-0.02018593,0.2486249,-0.021803692,-0.07873393,0.0047736135,-0.043000616,1.2523379,0.7911866,-0.047879446,-0.004674619,0.007952128,-0.02082138,-0.060815565,-0.026181053,0.085958526,0.010939586,-0.06536611,-0.011706999,-0.021216806,-0.029340006,-0.0018290132,-0.019871198,0.024798607,-0.026546266,-0.01749118,0.0015282929,0.043373864,-0.034197908,-0.018387228,-0.01633976,-0.016977265,0.1951585,-0.0048713963,-0.019895136,-0.035362322,0.008999163,0.007751637,-0.013113052,-0.031612404
TARGET-10-PARUGP,-0.030352395,-0.020458186,-0.04080861,0.016659474,-0.008571676,-0.015141644,0.021215064,-0.018505579,1.0034044,0.034885544,0.6417823,-0.029577088,0.05973967,-0.016718589,-0.026463911,0.020294277,-0.020730862,-0.015747054,0.55056846,-0.027653065,-0.010375131,-0.012625698,0.041322023,-0.01573237,-0.036861558,0.0024185823,0.39534605,-0.04071381,-0.06438318,-0.018685617,-0.030288614,1.4904157,0.78987354,-0.048284627,0.10579614,-0.0065239845,-0.00032976433,-0.046254046,0.026345473,0.109965466,0.07389301,-0.06871225,-0.02777128,-0.0209689,-0.025572658,-0.02250986,-0.016701806,0.03276132,-0.0025852546,-0.019429613,0.029728316,0.0072093033,-0.026000936,-0.031516135,-0.001451714,0.06541208,0.31894928,-0.031192545,0.08436783,-0.03272868,-0.041683946,-0.021769494,0.08591542,-0.01446021
TARGET-10-PARVWD,-0.01865062,-0.03715521,-0.034753088,0.0052411435,-0.0013665166,-0.02294703,0.037930794,0.014156911,0.7687501,0.04136311,0.540658,-0.009748602,-0.031311832,-0.02273079,-0.023346422,-0.016511202,0.003826789,-0.017569972,0.53035367,0.007977049,0.018326808,0.042182755,0.033400707,-0.022619853,-0.001488192,-0.00048682466,0.29243582,0.008354488,-0.052751545,-0.021661706,-0.03920493,1.1449273,0.677164,-0.044083208,-0.0072539905,-0.017164007,-0.016701385,-0.053588614,-0.007880029,0.07756928,-0.0014615264,-0.072960824,-0.02575817,-0.028970726,0.03495283,-0.027798941,-0.008383411,-0.018673152,0.017031092,-0.018732952,0.023310605,-0.014578799,-0.010582928,-0.019337475,-0.021119505,-0.011353486,0.29486024,-0.030625515,0.00400458,-0.022360858,-0.0142064225,-0.017147264,-0.011018525,-0.017857127
TARGET-10-PARXMC,-0.009679619,-0.026238844,-0.026861195,-0.019488245,-0.006698478,-0.019659536,0.0002878285,-0.010860882,0.7610915,-0.007694116,0.42234248,-0.01868707,-0.030001381,-0.01790411,-0.027403273,0.008535168,-0.010686757,-0.0042604785,0.615301,-0.020388298,-0.012271332,-0.008814698,-0.012375183,-0.018938601,-0.021000981,0.0072904024,0.27161583,-0.02053137,-0.04155112,-0.02916371,-0.022124767,1.0819871,0.76068264,-0.034229517,0.008266278,-0.0037017479,-0.012001639,-0.038090643,-0.021326551,0.046958,-0.018179268,-0.049086303,0.054616764,-0.015504196,-0.017731553,0.011221932,-0.003294041,-0.015493229,0.045278616,-0.013435785,-0.0155455535,-0.016004834,-0.014825819,-0.02192435,-0.014354194,0.03995859,0.1375311,-0.016883573,0.0067145946,-0.022170505,-0.03649099,-0.0056503685,0.0152441785,0.015714327
TARGET-20-PALGKX,-0.018832374,-0.042813644,-0.031102557,-0.015359953,-0.009129737,-0.026207058,-0.0061562387,-0.02224692,0.93018544,0.012078833,0.5817224,0.0068459096,-0.031161055,-0.019335205,0.00021378323,-0.02050969,-0.0020740128,-0.002983048,0.50696576,0.005111981,-0.022405427,-0.0027408572,0.030793471,-0.016056072,-0.017157258,0.044425417,0.43474388,-0.014100719,-0.062956095,-0.022945244,-0.033543095,1.2861152,0.70902586,-0.05746907,0.06967071,0.021613874,-0.021372722,-0.062669456,-0.035602465,0.071165256,-0.020124717,-0.059632353,-0.018875983,-0.013932165,-0.024493199,-0.006156532,0.032276906,-0.014909061,0.03450404,-0.015704094,-0.018669989,-0.02026432,-0.031983,-0.026656926,-0.01550856,-0.019698532,0.20267689,-0.018941978,-0.01607005,-0.023322755,-0.030628229,0.013131443,-0.014044901,-0.009106819
TARGET-20-PAMYAS,-0.016793866,-0.030148828,-0.029482976,-0.014639007,-0.013557479,0.0052533573,-0.004573379,0.021601738,0.604075,0.028829683,0.5061086,-0.0026690606,-0.039563082,-0.013726111,-0.033984378,0.010682512,0.015319455,-0.0068786545,0.38089916,0.021182023,0.0022178637,0.047206037,-0.004123103,-0.01786825,-0.018080503,0.008205262,0.18288611,-0.00889284,-0.039995186,-0.016668338,-0.031480294,0.8207644,0.45032543,-0.04118547,0.05252428,0.016641997,-0.010511227,-0.030886348,-0.021742184,0.09694971,-0.011671333,-0.057456277,0.057286814,-0.02157544,-0.008513486,0.003324708,0.081688955,0.016984373,-0.0066755367,-0.015467855,-0.01010225,0.005797613,-0.0058673895,-0.013837728,-0.0048762355,0.011839239,0.05910243,-0.02069429,-0.024604853,-0.020257037,-0.013577572,0.055865772,0.0018848032,-0.011452302
TARGET-20-PANLIZ,-0.020743866,-0.030606294,-0.03534299,-0.003737487,0.03840618,-0.02687696,0.009363999,0.033131108,0.77077234,-0.013816634,0.63225836,0.0041129664,-0.044482283,-0.021892216,-0.038645335,-0.0072412146,-0.013392123,-0.006228377,0.51255566,0.03542535,0.027879376,0.01627963,0.06690773,-0.022847041,-0.014920004,-0.0070481757,0.27439553,0.01051951,-0.060249224,-0.0201131,-0.03214661,1.1923857,0.6237551,-0.055849116,0.043083303,0.022610495,-0.019733198,-0.043896988,-0.021022396,0.08756897,-0.014539348,-0.07596652,-0.0061458983,-0.022259153,-0.01833593,-0.039344132,-0.0005327953,-0.006256918,-0.007917769,-0.014092896,-0.009312252,-0.009669992,-0.027737716,1.577381e-05,-0.014177814,-0.0041647814,0.14839467,0.00031751712,-0.018360795,-0.030822046,0.01941134,0.02537107,0.0020054274,-0.016830588
TARGET-20-PARCVS,-0.015264283,-0.014060141,-0.032402936,0.0058051543,0.0074610636,-0.02552871,0.051859327,-0.015116357,0.78993744,0.008470079,0.55453074,-0.004196019,-0.03853145,0.0064120665,-0.036295675,-0.00975379,-0.011760893,-0.017283145,0.46688563,0.06738924,0.021710686,0.01927332,-0.023604063,-0.03147751,-0.026806468,0.015787445,0.29598886,0.019383246,-0.057345383,-0.021243546,-0.03710857,1.057224,0.62536824,-0.03747511,0.030932862,0.0013084947,-0.021919724,-0.04449765,-0.027575599,0.11318457,-0.016309239,-0.07320442,0.03805677,-0.021323297,-0.020423446,0.0065596085,-0.01520017,-0.009002219,-0.009975132,-0.019753348,-0.0048054922,0.012825554,-0.026982967,-0.0149380285,-0.0109511,-0.025971236,0.15552318,-0.01451413,-0.014473678,-0.023201033,-0.014013169,0.06505354,-0.0053177057,-0.0014269962
TARGET-20-PARDDY,0.00268372,-0.033527203,-0.02521388,-0.011370644,-0.019580655,-0.029247034,0.024003342,-0.036136355,0.7880259,-0.012361919,0.5976631,0.0056761764,-0.037814688,-0.018941632,-0.039073236,-0.025281638,-0.009308435,-0.011884035,0.5543046,0.058107793,0.03083851,-0.004007751,0.011615656,-0.009725747,-0.016891822,0.030355386,0.4172137,0.032989107,-0.046015803,-0.01512877,-0.035170704,1.1577716,0.66401404,-0.054120168,0.08015744,-0.0018355683,-0.0070001082,-0.039871,-0.038384333,0.1714212,-0.013353318,-0.05443496,-0.018348442,-0.019532599,-0.015061211,-0.025620472,0.061437074,-0.018034996,-0.012514704,-0.016041463,0.0028997306,-0.021140456,-0.034260396,-0.018320069,-0.017841233,-0.0034864384,0.26856977,-0.014150832,-0.015315735,-0.025870662,-0.02695869,0.018443186,-0.016285002,0.03930916
TARGET-20-PARFAL,0.050372027,-0.03785394,-0.028840479,-0.016760673,-0.021080416,-0.033300757,-0.0070671355,-0.030194784,0.8199157,-0.01256234,0.5820321,-0.004306933,-0.041872088,-0.022113342,-0.038821675,-0.02314799,-0.009306926,-0.015898611,0.5729636,0.017300704,-0.010860461,0.0066702645,-0.019813707,0.01073952,-0.02312839,0.0076868255,0.3776592,-0.013996953,-0.051619396,-0.005835275,-0.042454824,1.2604537,0.6788598,-0.061707336,0.042792536,-0.0074112015,-0.01351128,-0.044750817,-0.03602318,0.13934325,-0.009612665,-0.057036337,-0.019749343,-0.02593124,-0.022680327,-0.0038290247,0.124511495,-0.017786155,-0.0044578807,-0.019989183,-0.018135434,-0.019065527,-0.033073217,-0.031659234,-0.018718746,-0.01841737,0.25534797,0.03034946,-0.016982581,-0.031431105,-0.033611327,0.0075448756,-0.017308768,0.05938729
TARGET-20-PARUNX,-0.015437472,-0.03411,-0.023995323,-0.020257264,0.006499131,-0.019870913,0.06477487,-0.0132791335,0.7493526,0.04811185,0.5819653,0.0033963416,-0.04351755,-0.024174316,-0.03151095,-0.013329463,0.016224522,-0.019655962,0.46230698,0.009466013,0.05021489,0.0380311,0.0099574905,-0.031015363,-0.016311312,0.029131927,0.29003507,-0.010501746,-0.05303441,-0.011159625,-0.04045876,1.0504413,0.52765745,-0.04777564,0.04289216,-0.0063722525,-0.014982706,-0.036968954,-0.025098644,0.09216548,-0.013137864,-0.06252401,0.0056214463,-0.020997677,-0.013058804,-0.03547391,0.028353255,-0.010286655,0.0023870077,-0.017097916,-0.0063200463,0.016086407,-0.01673346,-0.012355622,0.009880753,0.011884442,0.16096576,-0.01876949,-0.017963301,-0.029595375,-0.02073294,0.03540089,-0.009117553,-0.006192992
TARGET-20-PASGWH,0.006809879,-0.03782704,-0.040016487,-0.021027384,0.073299326,-0.034219354,0.06526669,-0.0132228285,1.0012592,0.028685242,0.65244657,-0.0065929024,-0.037748113,0.03348795,-0.04119394,-0.014145334,-0.012539253,-0.024062252,0.7009815,0.0021303277,0.0146552455,0.001032725,-0.028932469,-0.013981288,-0.02479318,-0.0113608325,0.3581034,-0.023193454,-0.081233636,0.04428946,-0.042044524,1.38236,0.7876054,-0.06169482,0.08578898,0.053905316,-0.019560343,-0.056431606,-0.028986998,0.08129824,-0.018865023,-0.06353459,-0.009454442,-0.03146735,-0.028924491,-0.040560633,0.033492673,-0.024541777,-0.009215984,-0.01601581,0.013107925,0.03883756,-0.026783362,-0.027291492,-0.011272676,0.013593011,0.20509697,-0.015774895,-0.022136169,-0.037483443,-0.02949577,0.009303961,0.014201022,-0.01840417
TARGET-20-PASGZS,-0.0025491621,-0.03651185,-0.02559589,-0.011385389,0.011149267,-0.026201189,0.009522101,-0.019244362,0.881688,0.025134135,0.6306473,-0.0023763352,-0.028623186,-0.028183177,-0.012698373,-2.2058375e-05,0.013514335,-0.0141908005,0.59139955,0.026534665,-0.020512499,0.0158578,0.004703298,-0.019240486,-0.021817107,0.014928149,0.31187087,-0.026263814,-0.059136346,-0.019478256,-0.04786954,1.248941,0.66576403,-0.053134654,0.03524774,-0.008479402,-0.015890868,-0.05467479,-0.026414713,0.08129277,-0.01168626,-0.068149924,-0.021166587,-0.031014282,-0.022948496,-0.031550042,-0.012744344,-0.019469857,0.001790999,-0.026301764,-0.012037188,0.033542585,-0.030091483,-0.019352388,-0.01712171,-0.017673315,0.2609137,-0.013616492,-0.018737908,-0.036400124,-0.029591851,0.04810037,0.051723223,0.0047882446
TARGET-20-PASMYS,-0.021103624,-0.024459912,-0.025134275,0.022789339,0.006305203,0.0031721345,0.04172254,-0.013292512,0.9366869,-0.010534021,0.5218904,0.009063604,-0.0102337655,-0.022422817,-0.021400714,-0.002110185,-0.011609117,0.0052135848,0.5482001,0.029406939,-0.018245718,0.01847625,-0.024285082,-0.02064639,-0.026190963,0.014894292,0.2898097,-0.0114854975,-0.04391602,-0.029547472,-0.02572875,1.1075075,0.60277736,-0.05026147,0.05659187,-0.008518301,-0.022019245,-0.032430798,-0.022244655,0.070288934,0.03483084,-0.0631254,-0.012335474,-0.032472283,0.03355219,0.05671881,0.07782076,-0.0058563575,-0.0037870682,0.0032959701,0.019563,0.041087568,-0.022855438,-0.014995035,-0.018730909,-0.02320588,0.16220273,-0.023599826,0.002790846,-0.013688603,-0.028969828,0.017034896,0.011783725,-0.020192245
TARGET-20-PASWAJ,-0.025866702,-0.036018617,-0.025970183,-0.014829792,0.02879836,-0.014512019,-0.010148323,-0.013149012,0.8366238,0.008874118,0.5508555,0.0010962959,-0.028004447,-0.016293319,-0.03319624,-0.0153344525,0.0027853907,-0.011227377,0.47464252,0.017751949,-0.014685575,0.008597015,-0.0046136174,-0.016626094,-0.023349397,0.1551573,0.44697723,-0.026019769,-0.061605413,-0.025810791,-0.037553973,1.1485436,0.5982593,-0.05399368,0.028018545,-0.010593552,-0.016328327,-0.048482154,-0.027202688,0.07578785,-0.018905438,-0.061082542,-0.0020403594,-0.022943936,-0.020511221,-0.015465235,0.13412708,-0.0127571635,0.016604198,0.051538326,0.009148233,0.034873627,-0.024121618,-0.022035055,-0.012313909,0.006507835,0.1693039,-0.021844417,-0.007007144,-0.02577712,-0.03035073,0.045033306,0.024774414,-0.023776425
TARGET-20-PATDNN,-0.028996848,-0.035729297,-0.029074121,-0.014566641,-0.018093484,0.04337912,0.00900864,-0.021914199,0.95351875,-0.012366887,0.5920433,0.035372905,-0.027507044,-0.023730278,0.007921185,-0.019985817,0.0075498177,-0.0064385757,0.5081978,0.028832119,0.032102376,0.032509588,0.06169032,-0.011107871,-0.026199361,0.011291248,0.34177357,-0.01847659,-0.06354059,-0.02185253,-0.02942293,1.1740433,0.7274666,-0.057585724,0.02950231,0.008689551,-0.013866464,-0.04239231,-0.037265293,0.08677368,0.011920054,-0.055270195,-0.02631627,-0.025047323,-0.020466287,-0.023667442,0.08145826,-0.012656258,-0.0028144629,0.024368353,-0.016722495,-0.016607124,-0.035598435,-0.019742507,-0.018815316,-0.021923019,0.20686139,-0.02220859,-0.013822215,-0.02163151,-0.02636689,0.062387664,0.007938286,-0.02843844
