patient_id,priv_mir_0,priv_mir_1,priv_mir_2,priv_mir_3,priv_mir_4,priv_mir_5,priv_mir_6,priv_mir_7,priv_mir_8,priv_mir_9,priv_mir_10,priv_mir_11,priv_mir_12,priv_mir_13,priv_mir_14,priv_mir_15,priv_mir_16,priv_mir_17,priv_mir_18,priv_mir_19,priv_mir_20,priv_mir_21,priv_mir_22,priv_mir_23,priv_mir_24,priv_mir_25,priv_mir_26,priv_mir_27,priv_mir_28,priv_mir_29,priv_mir_30,priv_mir_31,priv_mir_32,priv_mir_33,priv_mir_34,priv_mir_35,priv_mir_36,priv_mir_37,priv_mir_38,priv_mir_39,priv_mir_40,priv_mir_41,priv_mir_42,priv_mir_43,priv_mir_44,priv_mir_45,priv_mir_46,priv_mir_47,priv_mir_48,priv_mir_49,priv_mir_50,priv_mir_51,priv_mir_52,priv_mir_53,priv_mir_54,priv_mir_55,priv_mir_56,priv_mir_57,priv_mir_58,priv_mir_59,priv_mir_60,priv_mir_61,priv_mir_62,priv_mir_63
TCGA-AB-2805,-0.03770971,0.40166274,-0.015668593,0.47940823,0.26988095,0.12857592,-0.025284529,0.03736608,0.3005357,0.37129083,-0.0049338047,0.32236463,0.1850572,0.4840735,-0.0075674774,0.20260173,0.47213092,0.14608602,0.25118974,0.21138752,0.15359621,-0.00744312,0.008711121,0.0016222578,0.213536,0.3014642,0.3676874,0.30911213,0.8852562,-0.008319787,-0.0016253233,0.04815185,0.16814676,-0.011790429,-0.007024084,0.29846397,0.8225021,1.0732479,0.02815226,0.17766589,0.00023904443,0.18483591,0.33017766,-0.0005071112,0.064421,-0.0045908066,-0.00963018,0.05413298,0.08921116,0.10948731,0.5052103,-0.024734735,0.33549517,-0.0125532895,0.27048534,0.821815,0.19638565,0.576118,0.25859192,0.39507464,-0.026285708,0.17488596,0.10875732,0.053033035
TCGA-AB-2806,-0.0017114322,0.5334471,-0.007100414,0.24759893,-0.0128735425,0.12002526,-0.0066350563,0.12790293,-0.0019161213,-0.0024046437,0.1042794,0.08326362,-0.00065553375,0.52150583,-0.015315424,0.17642954,0.30224687,-0.0025626344,0.00011147931,0.23687084,0.064442545,0.06727182,0.009140066,0.06193375,0.18351036,0.08985725,0.18326914,0.39344782,0.579601,-0.017277433,0.10290225,0.004299933,0.12485579,-0.013466951,0.1063586,0.3027247,0.2365245,0.62143075,0.18655439,0.35686627,0.22724788,0.31802735,0.40645456,-0.008115601,0.01528028,-0.00743203,0.07885242,-0.0052743717,-0.004992322,0.06200809,0.39532468,-0.025805607,0.2676669,-0.007740089,0.17307429,0.57088745,0.019797903,0.15634319,-5.0282757e-05,0.1405606,-0.009759947,0.15632194,0.34897617,-0.004367017
TCGA-AB-2808,-0.0068395347,0.58545053,0.026394393,0.27668542,0.010623485,0.16361545,-0.0037835122,0.28597227,0.058687095,0.04051702,0.08632068,0.21913898,0.11115663,0.547222,-0.016392013,0.18124066,0.41128632,0.016392514,0.27761614,0.3172452,0.06352696,0.09821931,0.12002644,0.016894314,0.30478597,0.29482335,0.03321352,0.44320434,0.7396005,-0.0006943168,0.25604317,0.03176768,0.25324458,0.011740468,0.026781399,0.15021479,0.30215776,0.8447829,0.18149447,0.27523884,0.124764234,0.4563448,0.34132493,-0.003063116,0.1892244,0.0027079172,-0.00905618,0.0069659324,0.08624222,0.17730542,0.35267013,-0.03094989,0.26199335,-0.0013427023,0.2199901,0.5927305,0.13516897,0.534322,0.010883213,0.12851958,-0.024430638,0.056449838,0.18526511,-0.011597778
TCGA-AB-2810,-0.012004155,0.5892657,-0.0018622804,0.12781076,-0.0031617687,0.056585353,0.05408519,0.12300542,0.084034145,0.0041171443,-0.015250039,0.042243443,0.03995573,0.40128827,-0.008196997,0.08480185,0.17045088,0.066286266,0.033512104,0.093490735,0.12505418,0.18006966,-0.0038268815,0.10912805,0.23377194,0.056208484,0.048240863,0.16132519,0.5110054,-0.0052043083,-0.00079376757,-0.0057004923,0.055095926,-0.001851369,0.012142178,0.061448723,0.046622455,0.65336275,0.06925754,-0.0020003617,0.22085409,0.121822864,0.1302377,0.03643632,0.32167366,-0.00079575035,-0.0029310107,0.25535718,-0.0023079575,0.06624949,0.23457816,-0.043377377,0.13696939,-0.00029548816,0.1416449,0.29458687,0.19449458,0.29058582,-5.069701e-05,0.42080152,-0.00027844237,0.22998822,-0.009857013,-0.00815382
TCGA-AB-2811,-0.018272549,0.37221506,0.24959594,0.33254313,0.027629629,0.24019025,-0.007928851,0.111000866,0.024306122,0.115377925,0.17787452,0.44912252,0.054770906,0.36545467,-0.009769521,0.09250156,0.087973624,0.26518458,0.30330628,0.3811152,0.14929077,0.080748215,0.0016013337,0.09578612,0.24087726,0.20435883,0.18071458,0.29321513,0.6231732,-0.01053974,0.17550218,0.095529236,0.37289834,0.17035262,0.06773093,0.029093212,0.022686224,1.1026558,0.2218021,0.073317,-0.011074789,0.54210514,0.0045302548,0.042571574,0.557488,-0.013607654,-0.005130895,0.092978984,0.06861783,0.22075248,0.5198779,-0.030381847,0.2587285,-0.00054429326,-0.0050249244,0.824036,0.10650801,0.43112415,-0.0012765693,-0.0006144624,-0.013955816,0.05848211,-0.012028861,-0.0020210468
TCGA-AB-2812,-0.0018162351,0.5635364,0.17960846,0.04774081,-0.0028918795,0.19898191,-0.018983515,0.17233104,0.21329777,0.048279755,0.037112083,0.24119382,-0.0016665937,0.290817,-0.0079377955,0.19444829,0.42369103,0.0116039775,0.3929699,0.27785385,0.10370752,0.06084851,-0.002861412,0.15057862,0.29842958,-0.0050734184,0.038895443,0.1821861,0.46397027,-0.000135413,0.04039019,0.05823888,0.17927846,0.002430305,-0.0040876754,0.23529409,0.06766374,0.91846764,0.13847683,0.099620424,0.3789333,0.29879424,0.029855609,-0.0077401074,0.39068952,0.09388227,-0.0117684705,0.36219952,-0.007826153,0.14766543,0.48603478,-0.029952753,0.29500538,-0.013985733,-0.0020584508,0.5365186,0.33499104,0.5189041,0.060934156,0.23183371,-0.004245638,0.10037974,-0.003143929,-0.009301607
TCGA-AB-2813,-0.016320817,0.41191763,0.35263902,0.33611143,0.0006055534,0.003388956,-0.06845143,0.22324726,0.3383997,0.49439445,-0.0016830415,0.328042,0.11051266,0.003703393,-0.0064053945,0.05667951,0.20215578,0.32470474,0.16180316,0.4084912,0.300264,0.079240695,0.32995132,0.22666946,0.40073863,0.523044,0.39228517,0.41202217,0.7093193,-0.0069463053,0.26156354,0.1535826,0.17955884,0.44349232,0.31594595,0.25334615,0.5328797,0.9897966,-0.0025421951,-0.007346449,0.116832525,0.074606895,0.05490842,-0.03018265,0.4170633,-0.008431344,-0.010275002,0.33371127,0.18764985,0.3747471,0.49336472,-0.044184785,0.5855065,-0.0044608037,0.2848564,0.940647,0.21039933,0.92369425,0.077489875,-0.00019269549,-0.024604227,-0.012375825,-0.003088186,-0.009869175
TCGA-AB-2814,-0.022624362,0.7625181,-0.0063361987,0.39390433,-0.012632857,0.013936672,-0.018607,0.09061712,0.06281121,0.09847585,0.15888377,0.01924004,0.060211312,0.45866123,-0.010930397,0.2645055,0.4197829,0.09649583,0.18045042,0.26578858,0.10851799,0.032830175,0.23031388,0.40451285,0.0411717,0.07582669,0.15727839,0.5909391,0.84385526,-0.0067923935,0.05092824,0.10798381,0.032976072,-0.015048041,0.075939134,0.44517127,0.51717705,0.88194495,0.47533703,0.28575614,0.28398168,0.09118347,0.38957128,-0.005337894,0.15385298,0.13903704,-0.009458619,0.21176705,-0.007948014,0.092362225,0.389691,-0.044716652,0.32488453,0.00347469,0.017092805,0.75228417,0.18498972,0.5332701,-0.0025014621,0.4737517,-0.008984791,0.3618502,0.2590542,-0.011409648
TCGA-AB-2815,-0.006791742,0.34030202,0.17011695,0.46249363,0.18942983,0.25665465,-0.025437022,0.60094637,0.34074432,0.25862563,0.06262769,0.2134924,-0.00020562559,0.631794,-0.031438034,0.2643747,0.14268956,0.19393815,0.11348064,0.6387733,0.12864381,0.15709516,0.07874309,0.13761124,0.42116365,0.28497988,0.41450164,0.5669774,0.721041,-0.019902416,0.24821672,-0.01510708,0.37919757,0.23556003,0.1745963,0.2531264,0.19286153,1.0311896,0.21347348,0.108211234,0.07148548,0.53874,0.085384145,-0.021901293,0.18900912,0.009686224,0.00559064,0.24994369,-5.968723e-05,0.074923284,0.52707845,-0.056269217,0.5697026,-0.01751729,0.18531045,0.74099815,0.1183156,0.37608856,0.18798192,0.2055498,-0.015958866,-0.0034982753,0.056666117,-0.0037712443
TCGA-AB-2817,-0.003463002,0.20346573,0.3112915,0.353142,0.018535778,0.07190999,-0.016523942,0.31494594,0.19672908,0.2983145,0.16614327,0.27467594,0.03562523,0.28224817,-0.008583905,0.07490584,0.31485587,0.00192466,0.19569764,0.4546755,0.32857084,0.0055156127,0.37113723,0.37268665,0.30984566,0.41663015,0.17821616,0.31906784,0.6047275,0.020875875,0.17696452,0.27414393,0.28720212,0.16144033,0.23612042,0.11671698,0.37718165,1.0105602,0.14337713,0.2826621,0.31292754,0.18139704,0.25945574,-0.005390651,0.018525474,0.19137657,-0.024859741,0.11702151,0.055573512,0.04026811,0.47631228,-0.039691668,0.542831,-0.000687325,0.15136768,0.67783916,0.27259815,0.69609,-0.0009314098,0.04872458,-0.022433763,-0.023602454,0.03084885,-0.019856406
TCGA-AB-2818,-0.008656557,0.33484128,0.21953593,0.3147616,0.07274145,0.054728795,-0.014127958,0.1159118,0.10287098,0.21770835,0.08224858,0.26281103,0.024420422,0.28587574,-0.004390711,0.079685904,0.20055819,0.12204422,0.11699073,0.28679115,0.20163517,-0.00073712395,0.09503519,0.17153439,0.26696163,0.22723596,0.01875148,0.27215752,0.68669003,-0.0062671015,0.074555814,0.07090485,0.13823006,0.11071931,-0.0020587838,0.047483377,0.049125656,0.88672197,0.1542186,0.055846266,0.07587217,0.29996789,0.03701046,0.0021509822,0.49906218,0.17294025,-0.0035315405,0.105924025,-0.0041842563,0.13038088,0.21190463,-0.035237987,0.18370496,-0.0027243881,0.06644401,0.5405453,0.15380678,0.4452979,0.09621966,0.22755022,-0.016193919,0.08238614,-0.0034589183,-0.011017448
TCGA-AB-2819,-0.0004536081,0.6984241,0.448205,0.22366095,-0.00402893,-0.007166689,-0.026924824,0.11870991,0.077294275,0.2569072,0.101608396,0.09975929,0.18291037,0.19956137,-0.01537233,0.25889853,0.30507314,-0.0001461044,0.22474834,0.26375678,0.004568517,-0.0036939941,0.15722404,0.10100537,0.29968852,0.028471455,0.20281166,0.35352513,0.66721624,-0.0011301873,0.069375694,0.01673424,0.09413102,-0.0061749048,0.12954213,0.24247488,0.28891698,0.6363202,0.16305397,-0.0063701714,0.087966904,0.39290765,0.051768385,-0.0075342427,0.29547274,0.10248599,0.07718591,0.16618574,0.045264248,-0.0017405726,0.4226891,-0.021731095,0.43192303,-0.016973775,0.33666545,0.585793,0.31309363,0.46800214,0.016663093,0.08982944,-0.012062773,0.14521769,0.19183199,0.04221574
TCGA-AB-2821,-0.006000379,0.6437498,0.17623842,0.3199412,-0.009107573,0.0075807907,-0.04433174,0.09645274,0.18199117,0.3046496,0.11282857,-0.010734751,0.16554256,0.13918889,-0.02368856,0.08298309,0.24290553,0.0811847,0.006122336,0.4538839,0.26258567,0.13584287,0.43800446,0.21786729,0.37066305,0.32848805,0.07668666,0.4491829,0.7314714,-0.012193191,0.023645915,0.11739181,-0.005236383,0.067488074,-0.0013613784,0.37769476,0.16974266,0.8415802,0.097972006,0.33490482,0.19561164,0.39372662,0.26567197,-0.01143492,0.39219522,0.10028658,-0.0031817183,0.25878125,0.0041799815,0.1916888,0.40059036,-0.034276355,0.40461925,-0.009394356,0.22945884,0.7679901,0.12173142,0.7151054,0.03844251,0.28164986,-0.01926969,-0.0029234698,0.095783085,-0.013999941
TCGA-AB-2822,-0.01461398,0.42653528,-0.013149853,0.50982714,0.038019672,-0.0019635886,-0.0007723548,0.35703865,0.30786392,0.15356731,0.44111407,-0.006966524,-0.0035634264,0.026164223,-0.003192673,0.30030409,0.40808427,0.16630454,0.17454484,0.48515922,0.049468048,0.051758055,-0.0069560595,0.07015511,0.36178914,0.03998947,0.22035596,0.49896017,0.57757145,0.00096476264,-0.008431941,0.50418407,0.002196774,-0.009904872,0.28703678,0.31276536,0.1687391,0.65526533,0.45414352,0.18291816,0.28997755,0.50160474,0.44353145,-0.013449323,0.27559367,0.18120378,-0.0064793373,0.06430326,-0.014229528,0.11432565,0.5695409,-0.04281312,0.57784384,-0.009614877,0.21305338,0.7534512,0.21535197,0.614804,0.014066369,0.0831445,-0.008570469,0.26669532,0.058845263,-0.018917209
TCGA-AB-2825,-0.013510783,0.094588466,0.17663203,0.16394326,0.024278209,0.14193039,-0.037855376,0.12514387,0.3567279,0.213624,0.005592566,0.41125447,0.11346498,0.1556566,-0.015751462,0.18362099,0.37809902,0.23011638,0.35314584,0.25122848,0.23123462,0.050099306,-0.0036453537,0.36819935,0.20938358,0.47691453,0.10823593,0.1923157,0.6184836,-0.007369543,0.008848641,0.006827865,0.30975327,0.15858597,0.2161205,0.09305959,0.056046747,1.0762436,0.06656022,-0.005320328,0.09225862,0.25475657,-0.0014913507,-0.019907234,0.39579427,0.09286442,-0.017253116,0.18956037,-0.002349227,-0.005575428,0.30074674,-0.030296708,0.33779842,-0.0069511025,0.16823706,0.67860997,0.2762479,0.52077246,0.09309054,0.48390645,-0.009732093,0.056296103,0.008451015,0.005741746
TCGA-AB-2826,-0.0021403288,0.47388875,0.2308532,0.32399788,0.17215884,0.12093835,-0.012446575,0.22080323,0.21289651,0.09648161,0.0565638,0.34649092,0.10375132,0.24456362,-0.017567134,0.22197914,0.0445507,0.1367189,0.19748092,0.26346022,0.10750798,0.019885238,0.0434472,0.029848427,0.4973791,0.11724426,0.2041676,0.39761633,0.6046322,-0.0055500553,0.03497112,0.22724038,0.29196638,0.14470237,0.07474056,0.14979656,0.32250115,0.9408185,0.03839438,0.08254108,-0.0006747138,0.26970232,0.24456441,-0.012891861,0.5050364,0.03896197,-0.0091951275,0.16053705,0.07028774,0.19194798,0.42341945,-0.037112873,0.3622646,0.0023376532,0.10228681,0.6937139,0.19866008,0.61284065,0.06233904,0.25945854,-0.02017539,0.010444049,-0.014400348,-0.01031104
TCGA-AB-2828,-0.009788798,0.23360029,0.11024615,0.1359852,-0.006267638,-0.0037064438,-0.0069669383,0.10711597,0.32652128,0.02397272,-0.0012064892,0.12807852,0.08099505,0.14262185,-0.007971465,0.15802614,0.2795008,0.17138681,0.15320551,0.4109015,0.0968957,0.031698473,0.02227593,0.08606615,0.20350847,0.17142956,-0.0017246947,0.29666227,0.4055639,-0.0032123022,0.22372693,-0.009831612,0.20958728,0.04696413,0.04799002,0.13931721,0.11972784,0.5503696,-0.009572697,0.19337988,-0.0078401435,0.30136344,0.0820888,-0.00014033084,0.04632884,0.13479209,-0.007547906,0.10868229,-0.0027436174,-0.008755993,0.43455058,-0.016856117,0.22175807,0.065054744,0.28579122,0.3907181,0.01592853,0.36564878,0.13192302,0.28060126,-0.00042095708,-0.0029424632,0.07786994,-0.0047321836
TCGA-AB-2830,-0.015467468,1.1250404,0.42521656,0.3828396,-0.0007287402,0.04023424,-0.023703914,0.1622237,0.30095434,0.20357892,0.023534957,0.3273332,-0.013433762,0.31056365,-0.010335257,0.045127783,0.5746404,0.0046483763,0.0014793221,0.2802893,0.015670612,-0.0014712204,0.17726162,0.2623742,0.37546024,0.2088231,0.254244,0.23363936,0.9042864,0.06561607,0.08150643,0.06706868,0.12308945,0.108322844,0.24091218,0.2850205,0.35508177,0.877515,0.31485584,-0.0049026175,0.51361287,0.08301993,0.18771279,-0.023324285,0.35366982,-0.010953757,-0.015712146,0.84024626,-0.0034657882,0.17111787,0.37641388,-0.04347849,0.38240722,0.08447744,0.42420766,0.9414469,0.54529107,0.6499603,0.14005141,0.46384388,-0.00040623342,0.11924463,0.086460635,-0.016566504
TCGA-AB-2834,-0.019251598,0.45651868,0.3125253,0.5618668,0.28156924,0.019232612,-0.042824592,0.43518963,0.35329276,0.25645265,0.1461458,0.37615106,0.35203293,0.37354085,-0.014296156,0.26844147,0.2991729,0.23046152,0.26940796,0.49074823,0.15975901,0.23632655,0.21829478,-0.002815546,0.5071153,0.30021745,0.4277254,0.23736462,0.96133614,-0.023678036,0.08398458,-0.002197403,0.1740294,0.18337019,0.088658586,0.2718724,0.40741962,1.0130574,-0.0052140406,0.07857012,0.08116458,0.39248124,0.08218732,-0.00822962,0.1343539,-0.001161965,-0.0027027358,0.1601112,0.09848645,0.08894972,0.7619547,-0.029854853,0.60954523,-0.018853216,0.14963283,1.0167022,0.29358783,0.7450777,0.27121612,0.16277647,-0.015455636,-0.0005868398,0.054661494,0.1178012
TCGA-AB-2835,-0.004912479,0.24707514,0.25622782,0.16903093,-0.004810062,-0.0011243322,-0.016591916,0.10976425,0.2333574,0.19210532,0.0009994805,0.1961411,0.06549202,0.1975768,-0.0005374429,0.08468584,0.29853675,0.20685063,0.23876143,0.16621473,0.17563342,0.09278914,-0.007668627,0.25521445,0.19449453,0.1757972,0.049828433,0.16442838,0.43179628,-0.010063672,0.12762478,-0.0041664257,0.23171589,0.19732442,0.14134121,0.058745954,0.11689872,0.68681085,0.007883765,0.0003581941,0.12088342,0.123292476,0.062370926,-0.0054381597,0.4041245,0.106524535,-0.009262777,0.22051553,-0.0020270867,0.009002105,0.31662053,-0.03601394,0.28284356,-0.0028759146,0.122618586,0.4241268,0.122555085,0.44831887,0.064012714,0.30674672,-0.008296609,0.004773231,0.019438922,-0.0040959837
TCGA-AB-2836,-0.008185937,0.25774676,0.18489914,0.21819858,-0.0009936899,-0.0035096344,-0.029304003,0.12053265,0.12885524,0.25014114,-0.011841242,0.24207096,0.06879145,0.14900568,0.0007368196,0.14506096,0.15252349,0.21466121,0.16159333,0.12065932,0.10527088,0.03196644,-0.003275884,0.14522764,0.20926836,0.04594101,0.1822626,0.12806098,0.49815035,-0.017625324,0.100459084,0.03639034,0.119118325,0.15252744,0.08303209,0.16708323,0.21925382,0.7660597,0.029455539,0.049085822,0.13136035,0.07905115,-0.00059998635,-0.008620556,0.4035338,0.08854955,-0.016998116,0.074354105,-0.008630244,0.081608936,0.27083322,-0.03762526,0.2796483,0.09270413,0.2087579,0.4773367,0.3446117,0.51137143,0.111306325,0.23754571,-0.014083098,0.021418333,0.026131809,-0.009239349
TCGA-AB-2839,-0.0041927244,0.39626226,0.00878901,0.06689903,-0.00784801,0.15818949,-0.0051700086,-0.0032946456,0.22093818,0.12975857,0.10898654,0.080194384,0.005823046,0.26711124,-0.0030690094,0.057305828,0.39610672,0.13285692,0.36186686,0.18392475,0.09914805,0.15729281,-0.019855147,0.3628506,0.16039667,-0.00088271353,0.1796659,0.1795496,0.34051818,-0.0057105334,-0.00452955,0.06138227,0.14574707,0.010724656,-0.002406553,0.13011798,0.030532025,0.84840053,0.08690517,0.037272714,0.33757263,0.018481249,0.15353589,-0.006981991,0.3419013,0.16269293,0.019914187,0.2716292,-0.012014061,0.009116135,0.36408195,-0.0281932,0.23243707,-0.010578568,-0.008700464,0.36366394,0.15219629,0.40600276,-0.006058441,0.32127637,-0.012892176,0.29785323,0.03835241,-0.01910053
TCGA-AB-2841,-0.033545744,0.9436844,1.5120507,0.4125635,-0.019353865,0.31773278,-0.015325858,0.51650053,0.20653914,0.031217068,-0.019817784,-0.008339341,0.5187316,0.460019,-0.037465263,-0.02400181,0.064148135,-0.043208715,-0.05321107,0.6515902,0.10851413,-0.0045630867,0.4078345,0.82946557,0.7529904,0.5486176,1.2320911,1.0823457,0.55528843,-0.002584416,0.016424205,0.63090545,-0.013820792,0.45887843,-0.010384442,0.95206064,0.37884158,0.3984939,0.369479,0.24857901,0.97117233,0.13168463,1.1467142,-0.007526774,0.59089774,-0.0032572274,-0.00043336302,-0.0126925325,0.65637505,0.5687903,0.85067147,-0.07978836,1.042916,-0.00787787,-0.0072903447,0.15615445,0.116186105,0.13793337,0.34419242,0.36943042,-0.0010877949,0.1840815,1.033793,-0.009633634
TCGA-AB-2843,-0.020156816,0.7181761,0.39591268,0.390031,-0.0034933537,0.13675451,-0.034710146,0.18774088,0.29918456,0.22036394,0.15388705,0.3602793,0.22063924,0.074484214,-0.02794112,0.38073835,0.5435625,0.123837546,0.30412963,0.61064,0.10362794,-0.0023365044,0.59919155,0.11564059,0.41620782,0.9115082,0.22287959,0.3812592,0.8639499,-0.0024549647,0.31630537,-0.001145813,0.15397738,0.11120659,0.15679194,0.186171,0.93924725,1.0808526,0.1729623,-0.017903287,0.29303956,0.19892871,0.15273786,-0.025456255,0.19965915,0.015024029,-0.011326536,0.27281758,0.2681037,0.23211621,0.4718742,-0.021346858,0.8298405,-0.00565241,0.5033003,0.9649186,0.15257978,0.7626357,0.2528778,0.0323243,-0.031465914,-0.002086961,-0.0005126633,-0.0141885225
TCGA-AB-2844,-0.014351442,0.73943055,0.2443407,0.21880217,0.053344943,0.09549996,-0.017795313,0.29824573,0.2202048,0.05190313,0.10483152,0.20669398,0.17207073,0.3792309,-0.016549988,0.17044446,0.49148175,0.2446637,0.43038929,0.37427688,0.04172185,0.13796684,0.36391586,0.025783334,0.34852618,0.3598709,0.016539704,0.4936963,0.69832075,-0.00032998828,0.10164043,-0.010238064,0.10980335,0.03847564,0.15052195,0.14595132,0.4875497,0.9218331,0.022220891,-0.010143098,0.18141961,0.22176236,0.01532473,-0.017162485,0.14723058,0.075076364,-0.0053896336,0.17617695,0.11604811,0.17088991,0.4407196,-0.034354,0.6139916,-0.015174136,0.16203171,0.6966492,0.2844173,0.67985594,0.1638207,0.13210885,-0.0051265634,0.0951129,0.0241247,-0.008957877
TCGA-AB-2845,-0.0042102886,0.41022232,0.21563596,0.29200166,-0.0042886483,-0.0058270316,-0.025787307,0.41158256,0.30071634,0.11509627,0.19898748,0.03738099,0.028911594,0.27396303,-0.030674983,0.08458398,0.39636153,0.2261952,0.25801182,0.25078505,0.034109343,0.06123011,0.13131474,0.048033156,0.38937652,0.38418466,0.26935318,0.74178755,0.5894002,-0.00018429477,0.2150037,-0.015138228,0.16645494,-0.00026088208,0.20516157,0.118156716,0.15741636,0.7762271,0.18764675,-0.004653368,0.016087644,0.44458297,0.07546839,-0.008605733,0.22628355,0.059949405,0.14310151,0.23704703,0.024871957,0.085269324,0.41252434,-0.06316691,0.26831448,-0.015044564,0.38817108,0.5923985,0.089661226,0.25188658,0.15690364,0.22344232,-0.012543134,0.051629268,0.006045129,-0.0125247715
TCGA-AB-2846,-0.0020833302,0.18416145,0.14193566,0.1835839,0.05489357,0.14062385,-0.010129466,0.16471875,0.13863629,0.13365957,0.15118605,0.29584342,0.024377842,0.15581033,-0.02219453,0.24899223,-0.0022244696,0.17939506,0.13228226,0.36026806,0.057847444,-0.007850193,-0.0060269525,-0.0029578635,0.3927475,0.28642136,0.035474665,0.3738788,0.51474804,-0.0141303465,0.05797695,0.18735304,0.08626884,0.04255276,0.15703075,0.25217468,-0.003342305,0.5646592,0.07100898,0.020601563,0.102750406,0.23300484,0.1640908,-0.024464412,0.17178851,0.057241075,-0.018116131,-0.0036089595,-0.0042021587,0.029641371,0.30918735,-0.023221483,0.28107643,0.024650797,0.35265544,0.5921892,0.0742644,0.53949034,-0.00655136,0.23256132,-0.011353947,0.077295,0.03860629,-0.0013077536
TCGA-AB-2847,-0.008451195,0.7765636,0.17865448,0.43241072,-0.0013518542,0.0020374504,-0.021325199,-0.011180197,0.24715675,0.23872733,-0.0012915082,0.17208032,0.04831941,0.18552072,-0.015852857,0.19999331,0.23368604,0.13152371,0.0663518,0.37291414,0.19123922,0.07184069,0.17676687,0.17863837,0.22211803,0.43193585,0.30514416,0.5490926,0.48629043,0.0007606037,0.22075355,0.013921512,0.15174931,0.30381367,0.03410509,0.14898951,0.4683526,0.69755894,0.15339364,0.030089378,0.13864504,0.16154884,0.079627685,-0.023093231,0.13952056,-0.0026552633,-0.0019306649,0.33224818,-0.01085023,0.018674396,0.5425102,-0.04281353,0.31009686,-0.010471993,0.43252394,0.66468716,0.12020367,0.46384418,0.08830842,0.29087108,-0.02131203,-0.0039080293,0.10677166,-0.016573826
TCGA-AB-2849,-0.0054000905,0.7206138,0.06068028,0.24874535,0.029454969,0.09216365,-0.0360442,0.14085065,0.074310616,0.12358471,0.05457287,0.04900699,0.008717239,0.12460321,0.037830826,0.15804388,0.40990984,0.0032925792,0.064234406,0.1892662,0.18308401,0.2257733,-0.002223295,0.1948955,0.17665687,0.11687444,0.3218035,0.2845355,0.53832424,0.103921406,0.027964521,-0.0032999949,0.16448903,-0.0020490848,0.11118318,0.15245034,0.47233143,0.7317334,0.21064718,0.3156267,0.049381636,0.31446594,0.24292101,-0.011873949,0.07156451,-0.003378418,0.051065773,0.05124326,-0.009317653,0.094482325,0.35675636,-0.019892093,0.17186618,-0.019693753,0.32432398,0.41964266,0.108630575,0.5503865,-0.00020640428,0.04991276,-0.018614775,0.04048268,0.23488571,-0.027437074
TCGA-AB-2851,-0.000960676,0.27272028,0.19335812,0.2347383,0.03710012,0.061792694,0.020398162,0.042242605,0.18928327,0.11335104,0.0032465942,0.2309195,0.10445489,0.009666964,-0.0028704985,0.12332815,0.16369659,0.17492777,0.1462231,0.29663557,0.08299488,0.015336961,0.07858147,0.1757657,0.18269002,0.10279456,0.05182319,0.013763059,0.44770786,-0.0048458697,0.03355128,0.09658559,0.14203787,0.037640184,0.018448886,0.1357714,0.08318754,0.6825592,0.07163665,0.05367129,0.034487173,0.09214501,0.07569392,-0.00834784,0.31395465,0.13114792,-0.009353454,0.2601137,-0.009794973,0.00029519387,0.32673195,-0.0278505,0.23995256,-0.0071044452,0.12260884,0.4309513,0.1859029,0.3615952,0.15151548,0.2855009,-0.0063127405,0.095229916,-0.014500377,0.0267549
TCGA-AB-2853,-0.0026663733,0.44575047,0.102291524,0.004947964,0.04588203,0.11808143,-0.0063886764,0.12578161,0.1503491,0.09421458,-3.3982473e-05,0.17182115,-0.0069433986,0.27636114,-0.0088599445,0.2691587,0.41685113,0.0015484728,0.22564372,0.251216,0.074439645,0.0575222,-0.0024537395,0.33357027,0.18983462,-0.0021197156,-0.0064726444,0.17588702,0.5299453,0.112617075,0.09927766,-0.005069659,0.15506808,0.13281442,0.05258509,0.044382326,0.252445,0.810639,0.21503796,-0.008167073,0.33967733,0.03761848,0.10021651,-0.024923727,0.3808436,0.084029056,-0.0136513505,0.3234778,-0.0046424544,0.014776786,0.34034544,-0.016389882,0.36142483,-0.0038896855,-0.001893796,0.4434222,0.37480164,0.4717939,0.07693432,0.25565428,-0.01548685,0.2233099,-0.0032662035,-0.015358458
TCGA-AB-2856,-0.009535811,0.34293857,0.33843744,0.4049252,0.06690307,-0.0004583888,-0.02218727,0.1604101,0.27152163,0.25685972,0.23558363,0.34545922,0.3914499,0.23180152,-0.023240741,0.20952865,0.45481873,0.25632843,0.3856653,0.5089047,0.22319204,0.23423004,0.13584451,0.51346,0.3415477,0.43420583,0.25374418,0.39693967,0.60789174,-0.0022578628,0.23474312,0.09526251,0.19209681,0.29706946,0.06512107,0.06264607,0.1396776,1.0144103,0.058611903,-0.0023013817,0.13143045,0.35915703,0.07536342,-0.025887758,0.418477,0.16807163,0.06279558,0.20860872,0.01927984,-0.010256915,0.54000306,-0.05821652,0.43338516,-0.0126836095,0.18193766,0.7064307,0.3095635,0.5693394,0.04420995,0.025448773,-0.019397983,0.0017143264,0.010504749,-0.0006667321
TCGA-AB-2857,-0.0008916915,1.260063,0.5604198,0.7762964,0.03855312,0.15110473,-0.031021256,0.06600933,0.12694556,0.3001152,0.07461721,0.2786725,0.3908297,0.24959575,-0.040723458,0.22849321,0.06568304,0.055541318,-0.008253143,0.57102764,0.04492026,-0.0033194243,0.46663916,0.32421622,0.39200535,0.8514713,0.42257008,0.3405429,1.1623199,-0.018528922,0.240783,0.06970698,0.039507665,0.20517817,0.2268735,0.41531333,0.5999206,1.0242583,0.30658823,0.114321165,0.2618801,0.45380238,0.21078822,-0.026064655,0.411699,0.013136424,-0.0044903588,0.25758737,-0.010082751,0.11316222,0.52001446,-0.036484268,0.470349,-0.015044063,0.47628698,0.9237429,0.2690578,0.6955005,0.43617058,0.35615885,-0.0259606,0.17439234,0.3530514,-0.0155097665
TCGA-AB-2858,-0.0008720521,0.7921194,0.0007769279,0.50471485,-0.0041445284,-0.0028186925,-0.016698143,0.19280514,0.030275801,0.32139027,0.22798693,0.16674812,-0.0059468406,0.21292755,-0.023731919,0.19360724,-0.00023783455,0.06220166,0.16475187,0.30374056,-0.0019313634,0.036266796,0.11768787,0.123888455,0.31013337,0.3413071,0.5057768,0.20187554,0.7704432,-0.0086063,0.017111484,0.5096565,-0.002402121,-0.002149742,0.18092884,0.19024993,0.23177257,0.6010744,0.08930434,0.024432829,0.2520814,0.38022578,0.18653663,-0.016857915,0.4487962,-0.018797189,-0.0022476274,0.110339485,-0.023042342,0.17600329,0.26342452,-0.03468705,0.24979973,-0.0055716685,0.41273412,0.69205165,0.12490583,0.5221684,0.12127227,0.06842254,-0.035296638,0.33345246,-5.5931137e-05,-0.002199005
TCGA-AB-2862,-0.020898987,0.8225534,0.35389575,0.53169763,-0.0012141485,0.18219835,-0.009607621,0.26663733,0.017716117,0.22981629,0.2863537,-0.0018940266,-0.0019417802,0.39148244,-0.03794472,0.17457086,0.2231178,-0.0042149997,0.07171272,0.36601746,0.006535411,0.14523219,0.21287443,0.2659971,0.5526578,-7.7625366e-05,0.41701424,0.6392465,0.6140542,-0.005382165,-0.011010542,0.06815331,0.1643765,0.1838726,0.13322788,0.22498393,0.025589176,0.7592555,0.26893204,0.12766409,0.019822396,0.25636142,0.52575606,-0.013683155,0.16124383,-0.0010673378,0.070739746,0.14637028,-0.00940801,0.16214201,0.34972462,-0.042232852,0.21252838,-0.014086357,-0.0030474307,0.6051345,0.37151277,0.48538086,-0.0039772196,0.21039829,-0.01957254,0.10457926,0.18553957,-0.013596803
TCGA-AB-2863,0.04691999,0.33444396,0.005077217,0.32507345,-0.0049113743,0.037764005,-0.01415922,0.21297875,0.124516726,0.10869506,-0.008074249,0.25125024,0.08836934,0.27985936,-0.022255084,0.20995829,-0.007903228,0.09944474,0.03933863,0.16447316,0.09372239,-0.0037658326,0.20596175,0.05275031,0.41792887,-0.010863985,0.17149791,0.556009,0.5506567,-0.002646981,-0.006776637,0.0036517866,0.22210008,-0.0044593583,0.045026127,0.2610597,0.6524033,0.67232937,0.20348771,0.3353746,0.026852742,0.04440967,0.3084414,-0.019936867,0.4125818,0.011290997,-0.0092686685,-0.004800645,0.021448547,0.15570761,0.53714144,-0.043093503,0.50945896,0.1070033,0.29813695,0.71078074,0.10397374,0.19552507,0.042810358,0.14419034,-0.016377626,0.1041252,-0.012145511,-0.017544648
TCGA-AB-2866,-0.0035079573,0.46370125,0.22324418,0.1928088,0.071207404,-0.0007318767,-0.03735546,0.3207161,0.40908173,0.3311024,0.18945034,0.24648428,0.098242804,0.24132517,-0.017595865,0.17084369,0.13164386,0.16616549,0.26471502,0.22258028,0.21260776,-0.0019903665,0.13807876,0.53966457,0.3419429,0.45345604,0.29530284,0.35505924,0.7859029,-0.014744098,-0.00019464195,-0.011913595,0.2069916,0.322675,0.19109483,0.16976549,0.109465085,1.0617588,0.1118605,-0.01648025,0.10383305,0.14764085,-0.0015706056,-0.011890467,0.2686485,0.02860377,-0.009693362,0.3691204,0.008854684,-0.0070381346,0.51167667,-0.055039402,0.23653609,0.025371894,0.27658078,0.69110906,0.29995605,0.5931927,0.377855,0.37000325,-0.013308614,0.11528557,0.02353032,-0.0077237412
TCGA-AB-2867,-0.008506298,0.5776988,0.20415048,0.38794374,0.0074412227,-0.0052043456,-0.026827771,0.09013055,0.064256795,0.19593948,0.05094568,0.18555014,0.13868438,0.22376268,-0.011629679,0.24029171,0.22911817,0.058361035,0.046800558,0.21783596,0.0052657947,-0.001886391,0.058011033,-0.0074401977,0.39425367,0.31554782,0.26490578,0.64982545,0.7355192,-0.0018139454,0.012599684,0.3109575,0.19455421,0.033952527,-0.0033855007,0.17653376,0.3090176,0.90676725,0.12897909,0.027345372,0.12569751,0.29842657,0.17245892,-0.012341841,0.49221745,0.060091645,-0.005214777,0.24713333,-0.003147341,0.38800356,0.33654755,-0.036120266,0.37589046,-0.00019383132,0.37556633,0.77777505,0.29963407,0.40579653,0.101741225,0.17467657,-0.018628828,0.030690718,0.015355017,-0.006254837
TCGA-AB-2869,-0.0012755733,0.66837096,0.34130567,0.12114516,-0.0021239312,0.09730959,-0.0136618065,0.17595102,0.27415487,0.09287555,0.03575645,0.2398519,-0.0013251886,0.13569734,-0.0146429865,0.024787288,0.45659292,0.01090968,0.30968383,0.33649135,0.18583345,0.15749216,-0.001548703,0.3510264,0.21598074,0.006391093,0.07709371,0.18938199,0.46453592,0.0030573774,0.115067124,-0.008315551,0.08129631,0.1449659,0.013949119,-0.0010674372,0.30795616,0.83019656,0.03739279,-0.0065990537,0.33907706,0.24593149,0.13267875,-0.020029064,0.5724293,0.021937862,-0.0059596086,0.34546903,-0.00760033,0.091330305,0.3562934,-0.03859221,0.1668833,-0.008334532,0.14566758,0.5172832,0.17987862,0.3756301,0.015938478,0.13759309,-0.00636534,0.020220969,0.04765706,-0.01308526
TCGA-AB-2870,-0.011410591,0.26050246,0.20374854,0.22310226,-0.0017576643,0.17716052,-0.031848617,0.49652484,0.323848,0.2868934,0.123332515,0.2213428,-0.0016022418,0.3354014,-0.030215973,0.22143108,0.011459454,0.23803665,0.4044909,0.35013795,0.0006786585,0.07446885,0.09339866,0.22667569,0.38602507,0.6392776,0.04540261,0.31284815,0.66090655,-0.00400347,0.04401387,0.05132114,0.27793616,0.028105378,0.1960159,0.19874913,0.20481482,0.712124,-0.008069113,-0.008566583,0.11725858,0.24711768,0.15589333,-0.01899822,0.28860018,0.08970267,-0.0059097246,0.050811518,0.041248087,0.10331924,0.41104978,-0.03597286,0.40631515,-0.01900008,0.21822888,0.5619861,0.011963353,0.37825197,0.04257544,0.2319135,-0.00038776846,0.02038008,0.054363612,-0.009905825
TCGA-AB-2871,0.015231606,0.55804807,0.13605663,0.181092,-0.008265333,0.13472119,-0.014992753,0.021462683,0.28736064,0.17263913,-0.0010129912,0.13648827,0.06053153,0.119564176,-0.008972823,0.16619474,0.20456402,0.098609015,0.078577146,0.23431131,0.13721263,0.065378614,0.00305241,0.15991428,0.23809649,0.31874758,0.08768966,0.2873819,0.4228543,-0.0032963112,0.04836077,-0.0024009577,0.039489836,0.07896589,0.06953256,0.04326749,0.15012285,0.6395112,0.0376228,-0.014242068,0.114745736,0.2976939,0.0151527375,0.007979567,0.35601756,0.09470291,0.05061531,0.20747013,0.041126613,0.1628319,0.44055295,-0.026687277,0.18136157,-0.0029287145,0.22339162,0.39927036,0.1330863,0.44326037,0.025193885,0.087746575,-0.020360969,0.042861577,0.06769535,-0.006159851
TCGA-AB-2872,-0.0675351,1.2857552,2.2168155,0.19817352,-0.01457001,0.22827362,-0.0055046934,0.0064114816,0.04081922,0.2634315,-0.0060428637,-0.04374277,1.0499486,0.09313959,-0.05095259,-0.055954654,0.17969099,-0.04768117,-0.046431996,0.96669114,0.29680908,0.03595176,0.6548785,0.69150573,0.8992119,-0.00043430962,1.6102817,1.2047052,0.3285371,-0.024867686,0.043665733,1.1086498,-0.029842017,0.42432296,-0.013009529,1.2589762,-0.0008534581,0.2860231,0.16470534,0.7129402,0.9552473,0.049815837,1.2123506,-0.0007849784,0.8363117,0.08034792,0.30588645,-0.048612762,0.7122045,1.0219702,1.0937607,-0.0788862,0.93730086,-0.0032871736,0.06060622,0.021761574,0.2981309,0.3174632,0.5283573,0.19506569,-0.01802731,-0.00490481,1.4996084,-0.026515946
TCGA-AB-2873,-0.0003326904,0.17514893,0.24981146,0.1252082,0.029347137,0.066694625,-0.0186269,0.1208186,0.21806072,0.13094053,-0.0030345558,0.23164727,0.019736994,0.100735754,-0.0040526926,0.07625597,0.16928536,0.25116435,0.16116321,0.19295993,0.12330326,0.13925856,0.011182924,0.019209519,0.21887961,0.14327574,0.038586736,0.08071394,0.41156402,-0.0038448558,0.09399474,0.021666477,0.14848086,0.13156131,0.10206808,0.060239285,0.07074966,0.62362385,-0.0057024355,0.04765179,0.044091523,0.10560465,0.06067048,-0.009645761,0.23970912,0.039382406,-0.008291035,0.13139866,0.019672705,0.095431276,0.22560857,-0.018938389,0.1685022,-0.0033065607,0.014093749,0.41746747,0.058507934,0.37953562,0.13021427,0.16406934,-0.01715362,-0.0047185733,-0.00962582,-0.0048345425
TCGA-AB-2874,-0.014074204,0.5617192,0.11505708,0.21153459,0.098885804,0.060623903,-0.011682982,0.03052659,0.2505672,0.14631522,0.018937986,0.11319497,-0.01119393,0.26120967,-0.023904031,0.21628204,0.051488128,0.0646739,0.050599057,0.1326976,0.017497208,0.15738124,-0.00012989936,0.08569835,0.43815893,0.04560823,0.16891417,0.4988699,0.45728132,-0.008359611,-0.0007640513,0.02072868,0.13192007,0.09804036,0.14885582,0.1830875,0.19044872,0.74671644,0.10662636,0.04556176,0.17931862,0.23429543,0.27033085,-0.024090728,0.30513224,0.0021644272,0.030246094,0.025626797,0.017758692,0.14212885,0.28748074,-0.037467398,0.25408268,-0.005897123,0.20155483,0.53485453,0.25838363,0.382083,-0.004188699,0.24390428,-0.016915279,0.013319228,0.029840354,-0.020482011
TCGA-AB-2875,-0.017090226,0.5215516,0.10880602,0.12606819,0.1404893,-0.0038121254,-0.023540344,-0.00076057686,0.39174274,0.12855089,0.21917674,0.06534505,0.032609154,0.20952787,-0.011960418,0.06373516,0.09181137,0.06712101,0.13589974,0.069849335,0.19428,0.025043435,0.12204459,0.1373277,0.11127971,0.21570449,0.09125962,0.36032656,0.48540583,-0.006167175,0.08766483,-0.0032389418,0.03688217,-0.00021024645,0.26520383,0.16439277,0.083958425,0.7478722,0.18319155,-0.0071039423,0.13665502,0.40877986,0.21296214,-0.0028853936,0.33023873,-0.0072781327,-0.003201016,0.23583323,-6.355784e-05,0.19797672,0.45229095,-0.033232152,0.07188155,-0.009743363,0.30177373,0.21375985,0.086429894,0.37229913,-0.018929234,-0.0006964099,-0.022218347,0.063457705,0.15553159,-0.0062489575
TCGA-AB-2876,-0.022455497,0.4217844,0.102137685,0.29639226,0.14037628,0.19498077,-0.012505631,0.09571169,0.31215686,0.2091448,0.13293895,0.24031918,-0.017082011,0.44621003,-0.019021623,0.22197106,0.05948685,0.0499735,0.17433926,0.23266722,-0.0019030132,0.09646908,-0.00966535,0.2900034,0.44241548,0.065699175,0.38717076,0.6731199,0.5382469,-0.008636323,0.0135099515,0.20601803,0.03716838,-0.004645719,0.2066751,0.24751626,0.21610229,0.7824876,0.28335467,0.013284996,0.1575087,0.38567612,0.15436299,-0.027411489,0.30225253,-0.0014790051,0.07750263,-0.0020681699,-0.010123971,0.22592543,0.35275963,-0.05021857,0.23311189,0.09592579,0.106246844,0.5830147,0.2670232,0.24376063,-0.016637424,0.090296626,-0.018317344,0.061537027,-0.0010354938,-0.014736702
TCGA-AB-2877,0.06410951,0.59275407,0.07462686,-0.0031964958,0.03541155,0.14902362,-0.022788128,0.23671937,0.10684641,0.13484776,-0.0015518869,-0.00012647994,0.00602765,0.14550774,0.00031552417,0.095279604,0.45507193,-0.0051284996,0.35524198,0.02347862,0.36016655,0.20534116,-0.0065211826,0.24659881,0.30381373,-0.012649709,0.26062477,0.40292263,0.33419588,0.02680825,-0.0072087995,-0.014056836,0.09539455,0.06587027,0.1390846,0.028017174,0.18009298,0.793749,-0.00010627657,-0.010604665,0.0071283467,0.17350352,0.058984898,-0.009173507,0.31337506,-0.006739435,-0.00026711525,0.19770545,-0.0034084234,0.16463391,0.56732374,-0.045169055,0.21213782,-0.021243867,-9.669885e-05,0.27569324,0.12799102,0.5556929,0.041959878,0.26056552,-0.010639234,0.22488394,-0.002963302,-0.017233692
TCGA-AB-2878,-0.0022370648,0.80514485,0.60351044,0.433483,-0.008542205,0.27621865,-0.028797602,0.22896129,0.024713911,0.22400308,-0.010056314,0.31558716,0.2900945,0.5418174,-0.016390484,0.085368335,0.3507753,0.008265469,0.03328623,0.41114104,0.12627615,0.047713526,0.22833063,0.052077852,0.2718851,0.20098113,0.48563823,0.59578633,0.64127636,-0.0023507117,0.19344792,0.50113857,0.10599782,0.00796295,-0.0028382656,0.47195154,0.6299279,0.7121063,0.1777264,0.28265098,0.30270463,0.17826647,0.45942217,-6.210216e-05,0.46318352,-0.015403873,-0.0065652565,0.23576172,0.075226165,0.21263027,0.58986694,-0.033883717,0.47474915,-0.0066106855,0.15293461,0.65521324,0.10173353,0.5718701,0.12189465,0.06958114,-0.019653505,-0.0031858012,0.32918146,0.03307295
TCGA-AB-2880,-0.008540498,0.23136976,0.052747484,0.13618104,0.17299432,0.08969593,-0.029808003,0.23245662,0.22655678,0.34686,0.06050249,0.15154217,0.101999536,0.20572212,-0.03213584,0.130675,0.08423949,0.13716514,0.44368258,0.24728926,0.25751814,-0.001422986,0.12685238,0.021902785,0.4235017,0.25136375,0.116985105,0.56438667,0.5380143,-0.012431114,0.14303435,-0.00069532,0.20683612,0.17806052,0.2820986,0.11959532,0.2871517,0.8760639,0.1437671,-0.0035553866,0.16334565,0.1981775,0.004682675,-0.0176887,0.35279587,-0.0026362229,-0.00017177872,-0.0034624045,0.32577425,0.09412665,0.4334957,-0.03443736,0.46781766,-0.012497656,0.3058722,0.7569765,0.046954595,0.55854183,-0.00607553,0.10681906,-0.037038073,-0.0013860966,-0.0025722897,-0.021000635
TCGA-AB-2881,-0.0048806374,0.32171845,0.08623175,0.08155427,-0.0044633257,-0.00045587143,-0.0092716785,0.147058,0.15710135,0.11062149,0.09776239,0.012783546,-0.0042452547,0.17070247,-0.017016008,0.1405158,-0.006089686,0.09663111,0.1768299,0.21341135,0.07805752,0.021092255,0.051524457,0.07675811,0.21065292,0.27641934,-0.001579357,0.30755955,0.34368193,-0.004342177,0.062506005,0.038176,0.11856456,0.034078084,0.20520218,0.14256719,0.054958753,0.49382675,0.05530433,-0.003497275,0.054336816,0.22152379,0.08646835,-0.008262209,0.082975015,0.059889108,-0.006988874,0.08573269,-0.0076279133,0.11611303,0.24676563,-0.020260854,0.14717934,-0.00754244,0.25860393,0.40222114,0.06852088,0.3674128,-0.008732729,0.142116,-0.00798454,0.0234579,0.0151107125,-0.009716384
TCGA-AB-2882,-0.0042512086,0.6237992,0.16039371,0.34618843,-0.018107979,-0.0016316727,-0.016252844,0.13306008,0.24970213,0.19115943,0.20286348,0.04725307,0.22714387,0.2904112,-0.0188321,0.15572518,0.111064926,0.0673417,0.06089234,0.33662033,0.13892193,0.22923347,0.12797341,0.22506958,0.27971843,0.57808405,0.1346919,0.4215299,0.48566526,-0.0054926835,0.18001263,0.044711336,0.12402774,0.07632743,0.010701928,0.3852153,0.10851145,0.7374302,0.11346401,0.12693852,0.14990734,0.31147859,0.30994672,-0.008531334,0.04817595,0.21430072,-0.0024913081,0.21277736,-0.0011271832,0.052191354,0.45836547,-0.037219077,0.19364002,-0.014075874,0.38896862,0.48189548,0.009539396,0.43962598,0.12757325,0.08076613,-0.023677714,-0.0022844467,0.14439973,-0.025686104
TCGA-AB-2883,-0.017031068,0.24599278,0.12104914,0.00087756105,0.19679554,0.16602673,0.02792981,0.5519848,0.039666265,-0.002719863,-0.0016043691,0.3547282,0.15065227,0.41606706,-0.008354365,0.2583942,0.12059507,0.13959779,0.7834002,0.46135968,0.22865777,-0.0005351618,0.0005883865,0.016538799,0.35564464,0.054400638,0.17040983,0.65921134,0.70180213,0.09205448,0.15598002,-0.0031040132,0.51639545,0.11564697,0.30932543,0.03445906,0.38512024,0.8594813,0.13794185,0.059695486,0.093750775,0.084815025,0.076884925,-0.0033858214,0.028122544,0.027550936,-0.00039033854,0.042976387,0.26057276,0.13294342,0.65129775,-0.05336414,0.4817648,-0.014022182,0.12839915,0.62808514,0.110957526,0.5079995,0.00513348,0.36840156,-0.017006896,0.058294,0.16294189,-0.018469512
TCGA-AB-2884,-0.010153701,0.25408742,0.10132177,0.21829727,0.12442671,0.031471424,-0.009683098,0.02807511,0.11848539,0.1573543,-0.007486559,0.21043,0.0571432,0.17031059,-0.0028866022,0.08057727,0.31812498,0.27521306,0.1153152,0.16048521,0.100257695,0.03839953,0.051623072,0.06542191,0.19060464,0.15956432,-0.0014924618,0.15032697,0.55693185,-0.0074848696,0.1005062,-0.0098385485,0.14593205,0.0999136,0.040288787,0.021643434,0.14256775,0.80155355,0.032850202,-0.0027983093,0.06831876,0.13358116,0.07336785,-0.0064534764,0.3739487,0.033272423,-0.0043350235,0.12731516,-6.974775e-05,0.09459891,0.29166096,-0.025804073,0.18745437,-0.0037858959,0.03473974,0.43612677,0.28096494,0.46106973,0.03992865,0.23085105,-0.011885422,0.03519424,-0.0016893366,0.0027819853
TCGA-AB-2885,-0.024764327,0.7679415,0.08781781,0.27289468,0.008119948,0.2028004,-0.010499264,0.04559036,0.11857076,0.23605806,-0.004301795,0.06837045,0.076273814,0.31588238,-0.017787807,0.016903877,0.2985339,0.080580175,-0.018482102,0.3138801,0.20629765,0.1002727,0.12388777,0.36159667,0.07364814,0.1685017,0.090114735,0.524758,0.7600146,-0.00021541156,0.13892004,0.0062438305,-0.0017077517,0.0023392737,0.14323087,0.34729457,0.71333957,1.0771086,0.2878003,-0.001045883,0.4923054,-0.00039905572,0.38144323,-0.018190693,0.3595399,-0.0068799853,-0.009756695,0.38750365,0.016118051,0.14047973,0.44969064,-0.027713701,0.41131446,-0.0007195845,0.4088808,0.68493867,-8.406453e-05,0.71236336,0.16147356,0.30458486,-0.012594934,0.16198346,0.34060124,-0.0072746947
TCGA-AB-2886,-0.009682737,0.57041925,0.02705732,0.21255653,0.001468651,0.019742899,-0.0080916155,0.02048285,0.0913903,0.063818686,0.10814172,0.10447762,0.02874567,0.31094638,-0.021974461,0.1156182,0.13146654,-0.00030433908,0.18343474,0.11060496,0.122166656,0.10797394,0.041446157,0.23328048,0.20134133,0.1897456,0.14613381,0.4022004,0.44415143,-0.0040054717,0.17573683,-0.0018153562,0.19448267,-0.0070917397,0.08862169,0.14225729,0.08506959,0.6097342,0.1137214,0.06973691,0.15820575,0.21429813,0.23629865,-0.011962684,0.10636687,-0.014003703,0.06355757,0.063484214,-0.0050839777,0.07726691,0.3320503,-0.026434595,0.07423502,-0.0067783715,0.2942957,0.4015286,0.051414862,0.28044394,-0.00973754,0.12534748,-0.014858702,0.07904332,0.25604793,-0.017719775
TCGA-AB-2888,-0.0014424578,0.15387759,0.26494324,0.29885745,0.013292678,0.041013487,-0.012480079,0.08773631,0.25309882,0.1557911,0.02624255,0.05125027,0.21276762,0.05566894,-0.013804987,0.14135359,0.24186976,0.241491,0.086904526,0.26137492,0.06316066,0.048472144,0.06953638,0.059049763,0.27400723,0.30455524,0.05815447,0.26607606,0.43695852,-0.0014284054,0.17414972,0.013662165,0.161854,0.13040558,0.10199003,0.012317605,0.20849046,0.46770608,0.09918092,0.07464197,-0.00786074,0.2068467,0.13172655,0.011043712,0.30393195,-0.00139944,0.073009394,0.10625607,-0.0016421847,0.033690497,0.33190092,-0.023547748,0.24412319,-0.0025865026,0.23968822,0.35981122,-0.0070794555,0.3901455,0.16244783,0.055146296,-0.01980241,-0.017542675,0.043794114,0.02125768
TCGA-AB-2889,-0.0038783643,0.2807479,0.18126588,0.27265188,-0.0018500313,-0.007813325,-0.0047546993,0.2485432,0.15886413,0.09257867,0.11355232,0.1162377,0.11131205,0.51312375,-0.01838499,0.1356543,0.019543529,0.1605914,0.2221118,0.2474356,0.016537517,0.13979739,0.014713224,0.1297467,0.28088728,0.35179198,0.08353462,0.39623725,0.54194707,-0.008063113,0.17915668,-0.01182768,0.20511639,0.16230604,0.20185654,0.0323413,0.042034145,0.59807754,0.27943143,0.07506302,0.13711119,0.17633553,0.17777176,-0.010610897,0.24413519,-7.843971e-05,-0.0046696863,0.06865463,0.035567965,0.061520077,0.26851714,-0.031701606,0.27991873,-0.0038312513,0.34485015,0.49733275,0.059878133,0.41127625,-0.009981725,0.28762782,-0.016601052,-0.0055600754,0.21368918,-0.005816773
TCGA-AB-2892,-0.010149233,0.4330587,0.15123808,0.22158372,-0.0024137832,0.11713337,-0.015737524,0.2857284,0.22183347,0.11502453,0.11008076,0.16887881,-0.0032689476,0.45922962,-0.005296889,0.17163149,0.31577128,0.07823098,0.16625687,0.3908276,-5.6698173e-05,0.1461109,-1.6096497e-05,0.02477511,0.2609921,0.1957701,0.1881313,0.412976,0.53325605,-0.005500085,0.21978542,0.008778216,0.19762665,0.1058937,0.07844165,0.24753025,0.17120694,0.6613809,0.07155,0.102796845,0.026746847,0.41572237,0.084561065,-0.00997069,0.0006560348,-0.0043931566,-0.003798969,0.11048256,0.0007886526,0.09107665,0.32566148,-0.027698083,0.411079,-0.007217569,0.28801802,0.44893262,0.08648217,0.34913698,0.05037255,0.11357476,-0.008130895,-0.0068180757,0.12492639,-0.015459082
TCGA-AB-2893,-0.03230815,0.7265002,0.12212761,0.6678885,0.45043248,0.10705386,-0.051740196,0.9238942,0.47139433,0.41027614,0.2344324,0.65138584,0.22585891,0.32039103,-0.015221429,0.2254686,0.6683214,0.2730001,0.6627002,0.7278566,0.030721761,0.13093129,0.09813048,0.4334242,0.5616285,0.6444424,0.7396647,0.26456764,1.288996,0.10748312,0.15949908,0.11573681,0.42032543,0.62421036,0.41737694,0.39034367,0.9097711,1.4080338,0.14773539,0.02931647,0.38135314,0.47316524,0.13289112,-0.008882006,0.17885181,0.19110021,-0.0071632834,0.6726774,0.07831587,0.30746463,1.0692894,-0.05901153,0.9442678,-0.014774069,0.017425463,1.2496823,0.36897907,0.7615886,0.43422705,0.5095382,-0.004623626,0.058374755,0.18720347,-0.018027227
TCGA-AB-2894,-0.015123776,0.3011519,0.19711204,0.3276427,0.09389275,0.11409764,0.31382155,-0.00019313172,0.097965755,0.099428855,0.5799795,0.28711003,0.16466294,-0.0010501124,-0.004342916,0.3089275,0.5451975,-0.0018309277,0.3381608,0.64244807,-0.0007838242,-0.014754129,-0.004966575,0.11872328,0.2039544,0.53550935,-0.00036033467,0.52135736,0.71200395,0.0072529186,0.1297427,0.21354517,0.28789285,0.25855023,0.19155212,0.37417164,0.2341356,0.97198415,0.37333265,0.010075737,0.55049515,0.45786873,0.08293575,-0.010687158,0.09713571,0.47363633,-0.0050189584,0.23686594,0.33029136,0.22955546,0.5339936,-0.028358907,0.4585796,-0.009284138,0.11637503,0.7838993,0.19565576,0.62886393,0.04158452,-0.0073206695,-0.02603655,-0.015806694,0.19644219,-0.014342055
TCGA-AB-2895,0.042371564,0.2607369,0.14479244,0.072940305,-0.00833139,0.1871802,-0.004697764,0.11526866,0.085611485,0.1605036,0.018362746,0.020136137,0.017982665,0.20102236,-0.007873098,0.20434499,0.354201,0.09129879,0.29998562,0.28355077,0.19916253,0.003597755,-0.010003969,0.44864187,0.17343494,0.061169446,-0.015551341,0.069960445,0.5634458,0.09182612,-0.009662676,0.113055795,0.035613995,-0.004498017,0.099709705,0.24248019,0.1778069,0.9055946,-0.0012944647,0.10954199,0.15227346,0.19294369,0.19182746,-0.011707372,0.55703866,0.17499357,-0.023955747,0.22858383,-0.0058072256,-6.465521e-06,0.1637986,-0.019308506,0.4205631,-0.0007642906,0.034536205,0.43572947,0.34782532,0.5529254,0.07334582,0.2791638,-0.024052268,0.027857583,-0.00627753,-0.013104061
TCGA-AB-2896,-0.0075860037,0.5654216,0.28251487,-0.006212176,0.067158714,0.10118868,0.045806825,-0.01316683,0.24996889,0.049371872,0.111786306,0.20427346,0.06615816,0.19617453,-0.010194957,0.06715079,0.55858094,0.21396056,0.37154973,0.4495793,0.10091366,-0.007357242,0.014508388,0.22225386,0.11752878,-0.004275461,-0.0029576675,0.52644217,0.47172236,0.17281605,0.067800656,-0.009653835,0.07223645,0.041235752,0.16217516,0.3096935,0.5718089,0.9224605,0.15322725,-0.013343769,0.03337536,0.45193663,0.0591162,-0.0048664985,0.6423552,0.14786601,0.03541427,0.555592,-0.00029668162,0.022929553,0.23118925,-0.02842015,0.44385457,-0.0017703049,0.03416451,0.100878015,0.11799864,0.34304714,0.066310555,0.0217289,-0.023918722,0.008349987,-0.006750965,-0.0046122167
TCGA-AB-2897,-0.031884756,1.2011343,1.6188593,0.03072536,-0.010256396,0.1370997,-0.012213632,0.23958462,0.0061914176,0.12797892,-0.02948006,-0.018784875,0.46410152,0.46554103,-0.02883684,-0.04229279,0.032051805,-0.048294544,-0.037511073,0.28122804,0.040700253,0.10447745,0.04787472,0.70973724,0.5594612,0.22372012,1.2445185,1.2552358,0.4042796,-0.007026107,-0.004708137,0.6518858,-0.017649159,0.368716,-0.012093219,0.82175225,0.781148,0.14094016,0.08603327,0.12220362,1.0837475,0.293801,1.0264621,-0.0038421915,0.8447869,-0.0040354724,0.13750646,-0.017204104,0.56791943,0.57090807,0.70641977,-0.086996146,0.7150787,-0.0073919953,0.24038762,-0.0051043215,0.3132857,0.029151741,0.22765209,0.3493188,-0.0012207229,-0.0034963288,0.93913174,-0.022860574
TCGA-AB-2898,0.016554337,0.37043652,0.18560259,0.13474198,0.020680249,0.05063535,-0.010876842,0.071708724,0.14036125,0.05660925,0.09664887,0.13640377,0.014985129,0.19542676,-0.01224814,0.11915285,0.029197104,0.051265553,0.11073232,0.18170336,0.15095799,0.12316933,0.087721966,0.072471246,0.2685737,0.18338244,0.00031226873,0.3402045,0.3755507,-0.0005138004,0.029985942,0.10704688,0.11257753,0.052949138,0.13558006,0.14551918,-0.0032596958,0.5491025,0.021290932,-0.0038682984,0.0037917197,0.22787109,0.13215387,-0.009854183,0.18256024,0.09542177,0.04249099,0.036859766,0.05287209,0.14439182,0.27107632,-0.032102823,0.14859337,-0.015696933,0.08722243,0.4241031,0.07858444,0.45733714,-0.0020202023,0.18559505,-0.017776089,-0.008085822,0.032414187,-0.009145426
TCGA-AB-2899,-0.0228627,0.4796592,0.15680607,0.3380913,0.0414918,0.11135722,-0.014504269,-0.008931058,0.33025074,0.4035212,0.09806576,0.19869968,0.0060363673,0.13495058,-0.006883343,0.010501437,0.026426822,0.18520114,0.08146705,0.37176913,0.13395274,0.08557518,0.090335235,0.17791712,0.19548039,0.16931053,0.42176715,0.24504045,0.42866257,-0.0055858092,-0.004290415,0.096459486,0.12553427,0.016007029,-0.00014246553,0.21711193,0.30870393,0.70329475,0.09006539,0.083312266,0.1323375,0.0044915415,0.18137372,-0.003331812,-0.001312773,0.13764304,-0.0024758328,0.33773807,-0.0022817396,0.08509603,0.41000986,-0.026394153,0.25259247,-0.017415637,0.22247323,0.63800275,0.11473956,0.5407462,0.0070824623,0.16995695,-0.012635738,-0.010469193,-0.0043656393,-0.004904987
TCGA-AB-2900,0.14315379,0.3556819,0.23782977,0.08564726,-0.010270299,0.09012161,-0.008792123,0.15537117,0.27152434,0.15900409,0.0012946427,0.17066498,0.1055371,0.19186656,-0.023346635,0.12171736,0.2183533,0.11845362,0.19402301,0.32661366,0.3179583,0.0025963,0.041733433,0.299959,0.2370707,0.14086965,-0.012872519,0.054568853,0.5621348,0.008729106,0.14761005,-0.011711484,0.104025744,0.11345239,0.31866598,0.06512468,0.22480756,0.7984922,-0.0044133808,-0.00015319847,0.12078418,0.19371365,0.023892958,-0.015042397,0.58113897,0.2378954,-0.008448936,0.30232123,0.037183102,-0.02308707,0.24905446,-0.025092274,0.34159562,-0.0022853182,0.2909899,0.5301691,0.17425773,0.5687468,0.108587496,0.43255112,-0.012696618,0.0049474444,-0.0064769313,-0.012719636
TCGA-AB-2901,-0.02018893,0.3672429,0.008197144,0.2775633,0.08893129,0.0034376194,-0.019782942,-0.013217042,0.34271616,0.03329786,0.19824646,0.1395,0.26830223,0.19890079,-0.0113379,0.12081225,0.13658537,0.058235846,0.25900733,0.34975243,0.23614354,-0.0038685873,0.15044573,-0.0031588897,0.1399795,0.5275008,0.04224647,0.059795678,0.49571896,-0.0038150006,0.25426313,-0.012488361,0.22292435,0.05020169,0.007466715,0.18082553,0.03566988,0.7711431,0.0744317,0.06733296,-0.003853698,0.43218586,0.21702279,-0.004022311,0.14303921,-0.0052563776,-0.017705664,0.18774758,0.25343445,-0.0052899644,0.50699973,-0.030626202,0.1976577,-0.025358474,0.32276368,0.13728128,-0.004861724,0.5664066,-0.0036535417,0.09970212,-0.02332381,0.02747237,0.03220989,-0.010832493
TCGA-AB-2908,-0.021150088,0.93771684,0.20695679,0.47362697,-0.0013036855,0.094758876,-0.02639488,0.024036799,0.11907621,0.5022101,0.41569516,0.087907076,0.074753284,0.2469813,-0.013619678,-0.0017321147,0.18772216,0.0296209,0.24070874,0.23100218,0.12244664,0.008813724,0.1991442,0.0021319576,0.06656986,0.32351404,0.47715768,0.5413287,0.79188544,-0.015376304,0.049983714,0.15762919,0.10447061,0.043320134,0.04966,0.51128423,0.22507976,0.95415956,0.21575533,0.06070645,0.55661315,0.20151062,0.20157015,-0.023371315,0.22297888,0.05271422,0.027726732,0.29044214,-0.014971516,0.28066617,0.32834953,-0.04719435,0.2546494,-0.013032242,0.32592782,0.7674804,0.15031824,0.68417597,0.029144324,0.30262357,-0.019439314,0.053177215,0.23006211,-0.016326588
TCGA-AB-2909,-0.006702967,0.33131206,-0.0019461428,0.10118751,-0.00038981065,-0.0074894535,-0.0028535412,0.022815604,0.18694949,0.113365345,0.08006403,0.0399428,-0.012557357,0.1443869,-0.010270297,0.088779435,0.03257829,0.04182543,0.12585072,0.15363285,0.18977849,0.076141015,0.061290454,0.1238719,0.10722197,0.14383385,0.05786568,0.27148408,0.29573104,-4.675109e-05,0.028760295,0.0041039996,0.12560473,0.005937472,0.12961815,0.07785778,0.03435708,0.4607069,0.04289485,-0.0021429525,0.11065985,0.12328085,0.08948686,-0.013927299,0.114940435,0.019926518,-0.004793681,0.13690266,-0.0058929264,0.086695686,0.14597161,-0.020519394,0.06968901,-0.0081361085,0.2641594,0.37961456,0.09561153,0.2132673,-0.004445519,0.12758847,-0.013222173,0.032250267,0.061773617,-0.008819829
TCGA-AB-2911,-0.009314788,0.45269522,0.4068387,0.38534886,0.13303964,-0.004716103,-0.029952914,0.17252925,0.4709161,0.24913123,-0.007561916,0.5966105,0.028698597,0.120748,-0.006041229,0.4711176,0.04156053,0.015080411,0.31921163,0.6170517,0.06105808,0.36536264,0.259747,0.50196904,0.37408987,0.36154455,0.81591207,0.002062833,0.78012365,-0.023574686,-0.01793673,0.0121737365,0.0700012,0.09766546,0.5034875,-0.013729562,0.23846652,0.9316752,-0.011861547,0.013635293,-0.034113687,0.615295,-0.0052774535,-0.028017966,0.020021223,0.24502996,-0.0051791742,0.07561649,0.08993819,0.023197696,0.4836266,-0.02341766,0.42159167,-0.0029009837,0.11382552,0.85858536,0.22500801,0.2924237,-0.0020643536,0.1642925,-0.017789096,-0.02391651,0.027816925,0.085226774
TCGA-AB-2912,-0.006601916,0.45299903,0.12334305,0.32103914,-0.014133701,-0.0070440397,-0.027487392,0.2083605,0.1890394,0.24148893,0.07580976,0.35482854,0.027256507,0.28525224,-0.01771234,0.17852251,0.43006867,0.25182492,0.3475808,0.3288921,0.07246035,0.0043549538,0.30906457,0.18608493,0.24539314,0.39438194,0.3086695,0.24687925,0.615089,-0.0030131168,0.22769675,-0.005126004,0.2646358,0.21399096,0.17345773,0.23513432,0.6176125,0.84857136,0.041332263,0.14664459,0.14414847,0.13969348,0.19439551,-0.008492054,0.05958512,0.06307629,-0.010070177,0.32219326,0.04780087,0.09207149,0.33951935,-0.027940894,0.42441392,-0.0037661686,0.25465253,0.6739284,0.31013802,0.6128694,0.14361177,0.42938304,-0.02312872,-0.003209889,0.11133669,-0.0115932645
TCGA-AB-2913,0.02491897,0.47986534,0.045428377,0.0078022797,-0.007480472,0.09785474,-0.00064279477,0.16843984,0.04745532,0.017839346,0.14034858,0.18997794,0.05860069,0.15020141,-0.014526282,0.15375602,0.10417601,0.10622254,0.4204414,0.34849954,0.26572776,0.049114726,0.06775308,0.18677992,0.17075881,0.0067776293,-0.0032676545,0.20485106,0.3404785,-0.0015862769,0.114258856,0.006720176,0.120340526,0.057911992,0.031629506,0.17141552,0.18419707,0.7605202,0.16649671,-0.0015760943,0.17809403,0.22049478,0.14992076,-0.0031091766,0.37650365,0.0574899,0.037803628,0.20366354,0.0032973525,0.09273474,0.45206577,-0.027252287,0.24163607,-0.0005616479,0.048920356,0.48155326,0.27676266,0.4585344,-0.0012348767,0.12184648,-0.012422531,0.15497118,-0.004942223,-0.011336169
TCGA-AB-2914,-0.0061578765,0.31566367,0.019415643,0.213553,0.00066044927,0.1115909,-0.009633476,0.18896872,0.05723241,0.13982496,0.18104732,0.043102924,0.05859648,0.32265544,-0.012673576,0.08195286,0.24725212,0.015969016,0.13021734,0.30994314,0.013184674,0.072760746,0.028729986,-0.00015597678,0.27736613,0.12234755,0.10605007,0.3878946,0.49692634,-0.0071755485,0.12184708,0.12451737,0.15663147,-0.0043986044,0.00051485375,0.21937633,0.056364283,0.6146699,0.023616344,0.14751479,0.1152264,0.30867228,0.2340592,-0.00019667968,0.16445109,0.013275359,0.035974257,0.01106252,0.022915335,0.124772094,0.26919436,-0.027065208,0.24739143,-0.010203288,0.21433222,0.49893108,0.08639064,0.4185734,-0.0074669034,0.07432714,-0.012208809,-0.00042116223,0.122302994,-0.007855414
TCGA-AB-2916,-0.00054742437,0.57991153,0.32043394,0.48675382,-0.002477561,0.025936183,-0.03049456,0.12662783,0.28121555,-0.0022613998,-0.0063599013,0.28641632,0.3154406,0.31002972,-0.01106433,0.23667416,0.6009977,0.1565608,0.053218577,0.49338216,0.07801455,0.10432575,0.07772325,0.029193483,0.35850585,0.9038031,0.20484704,0.30003923,0.8491477,-0.019528387,0.10120934,-0.011719107,0.40312698,0.095887795,0.12698416,0.045281097,0.46463364,0.8760105,0.15295668,0.043957688,0.28257906,0.31666857,0.1646831,0.11379718,0.35067752,0.008852731,-0.006768264,0.24209368,0.061079968,0.17539097,0.44093585,-0.04553631,0.4483951,-0.009620434,0.4302749,0.801708,0.0826894,0.62453353,0.12825012,0.28292534,-0.013643533,-0.0003537873,0.25506428,0.091547236
TCGA-AB-2917,-0.0069821267,0.47069874,0.21139546,0.22360954,0.092973545,0.022677353,-0.011187032,0.29475456,0.1944707,-0.006699762,0.20376113,0.17876129,-0.0044654096,0.27623406,-0.0091432985,0.17668203,0.1329034,0.016881648,0.35521203,0.29013917,0.1641092,0.1169679,-0.000504269,0.15739214,0.33329654,0.29790777,0.17495206,0.33399147,0.54143363,-0.005637418,0.027522653,0.05313292,0.299894,-0.0036420994,0.1879153,0.20942838,0.18980178,0.82012707,0.19211353,0.13541013,0.27112395,0.19960585,0.20464611,-0.0020184487,0.18439342,0.10804791,-0.016474692,0.010720599,-0.0028350907,0.2087531,0.48864225,-0.029734438,0.39789334,-0.014534575,0.06131312,0.5662781,0.1333476,0.37881434,0.046054177,0.18591478,-0.013145885,0.029047076,0.22559918,-0.013035207
TCGA-AB-2919,0.05590975,0.66829616,-0.0064456286,0.102694824,0.02826181,0.07849465,-0.034901112,0.22478536,0.22530329,0.0956036,0.04060298,-0.0007262882,-0.009630558,0.03777796,-0.007387191,0.12730068,0.34120026,-0.001463582,0.23416904,0.0026885755,0.21781889,0.2638729,-0.0115514835,0.26549038,0.3646659,0.0032539703,0.2787301,0.32177922,0.32340893,0.103842884,-0.0130042555,-0.00049344555,0.09688148,-0.005648981,0.086312756,0.08887671,-0.004691627,0.7997012,-0.0015388945,-0.012647497,0.03636322,0.230742,0.18993798,-0.009618805,0.3698535,0.03683731,0.015500858,0.35535866,-0.024896257,0.31425443,0.45895663,-0.043411743,0.17939226,-0.0124669485,0.015929073,0.26382464,0.16758311,0.64308524,0.010035141,0.16167174,-0.007673965,0.23315537,-0.002290794,-0.019217877
TCGA-AB-2920,0.09265472,0.69744754,0.01579076,0.40259236,-0.0038234815,0.1452376,-0.026063621,0.5197075,0.058751933,0.13422292,0.25462642,0.31853443,-0.015605367,0.26506865,-0.009896126,0.27317473,0.2928407,0.095634095,0.3412303,0.25941575,0.080340296,0.083493486,0.054338783,0.33516732,0.17482871,0.5352602,0.28897035,0.18615207,0.6742461,0.050611034,0.11161128,0.00014722906,0.22525306,-0.005466667,0.12851967,0.16777334,0.22775292,0.9943573,0.29917747,0.083649285,0.24573241,0.24938752,0.26300028,-0.008194219,0.40583402,-0.0049883313,-0.010297056,0.34450188,-0.0022923816,0.09429894,0.24813245,-0.050754834,0.16609266,-0.0058134315,0.13543189,0.5874779,0.16007903,0.5964886,0.045340613,0.36622253,-0.012191124,0.16974136,0.1502397,-0.010526194
TCGA-AB-2924,-0.004537861,0.27989423,0.11864723,0.12854594,0.053222783,0.0907145,-0.0073504397,0.16129646,0.2048048,0.19128078,-0.00033626222,0.18253179,0.039674852,0.2162223,-0.013867075,0.021690741,0.22673029,0.14495857,0.21143346,0.20813581,0.2429792,0.06916994,-0.0010171555,0.29254103,0.21608858,0.046007894,0.02216918,0.17088524,0.4264551,-0.0056239995,0.13356115,-0.005035551,0.16696051,0.22882372,0.105202705,0.02714808,0.0011968883,0.7285499,0.04507665,-0.0007938221,0.14833286,0.23093155,0.107415795,-0.0066956454,0.32721785,0.12033891,-0.0058763977,0.14443035,-0.0036972992,0.039412703,0.35478017,-0.03340143,0.16516486,-0.002624675,0.013346627,0.36106837,0.22079596,0.45295206,0.016273389,0.26806042,-0.009878135,0.057738803,-0.006867138,-0.007119494
TCGA-AB-2925,-0.008963779,0.44992095,0.05849358,0.18651545,-0.004695916,0.21031788,-0.015963731,0.20723301,0.06756553,0.009833265,0.04866076,0.4728542,0.21661077,0.5131115,-0.012831834,0.33452335,0.54464495,0.28505245,0.45232072,0.32947338,0.12679008,0.15291283,0.023196418,0.20696229,0.2620896,0.3478098,-0.008054565,0.2480514,0.6720048,0.016534323,0.15964645,-0.014582611,0.3215139,0.13118514,0.0027235337,-0.00081823656,0.28941813,0.96016693,0.11174829,0.00094000995,0.06972853,0.47639918,0.06621619,-0.012113444,0.49559376,0.1750587,-0.0037261795,-0.0040655634,0.05158135,-0.00741706,0.23710549,-0.049804103,0.3550489,-0.006135576,-0.00018856079,0.5538666,0.25248078,0.45591566,0.35438797,0.27695966,-0.019007044,0.1363698,-0.001480271,0.02507808
TCGA-AB-2927,-0.0015776542,0.30321997,0.27619988,0.28467563,-0.019477656,-0.00067075493,-0.050718572,0.0013115443,0.3253583,0.48518008,0.2852651,0.353307,0.3096111,0.20330492,-0.008472604,0.045866184,0.5753157,-0.00062393956,0.4641665,0.31111532,0.28545344,0.041329727,0.40378022,0.5011273,-5.251393e-05,0.64024884,0.4403936,0.23041126,0.7738368,0.096567266,0.20544638,0.073301956,0.31553155,0.25108546,-0.0026086236,0.24505097,0.2118017,1.0110198,0.039468396,-0.0025167556,0.14576818,0.1584727,0.077533245,-0.020261163,0.24309526,0.038666174,0.07639732,0.71962434,-0.0035944101,0.10219988,0.46897757,-0.05138402,0.48290855,-0.037223376,0.22353327,0.5833812,0.3271209,0.70727766,0.06630252,0.27036706,-0.027867302,-4.65218e-05,0.09560263,-0.020248054
TCGA-AB-2928,-0.0036862667,0.41022915,-0.00034281873,0.17532544,-0.007511052,0.010285869,-0.0031680004,0.051452298,0.17786919,0.12832773,0.10216132,-0.0017017942,0.00012042746,0.21377869,-0.01723656,0.08400298,0.15843135,0.030897075,0.13263696,0.22695751,0.07532061,0.10118016,0.08185424,0.06285179,0.20978431,0.12714727,0.027080983,0.3317308,0.41264942,-0.0079403985,0.041624922,0.04009559,0.19063802,0.07649915,0.0953235,0.0575384,0.11423723,0.56777596,0.12166636,0.083185054,0.23765041,0.3237674,0.19179274,-0.005491366,0.19663377,0.17694119,-0.0024231952,0.05387114,0.059859537,-0.0026553215,0.23832187,-0.027022665,0.22909057,-0.011164007,0.19253138,0.38740507,0.116545044,0.31396118,0.028345507,0.21816084,-0.015159661,0.06965064,0.0007330738,-0.018603323
TCGA-AB-2929,-0.02006643,0.5354862,0.3631198,0.29083967,0.06486572,0.23947935,-0.008369425,-0.0026276745,0.17245337,0.07073067,0.07563059,0.29527557,0.011760514,0.26564023,-0.011224929,0.18749727,0.30268118,0.07334642,0.015211344,0.44505972,0.14722744,0.030286722,0.14151376,0.052110188,0.2168153,0.25689507,0.29815364,0.30632198,0.6917844,-0.008083093,0.03358857,0.09927413,0.16037431,0.0390627,0.015211329,0.45251465,0.56817496,0.7990253,0.30689016,0.37741032,0.38224173,0.20005813,0.29108837,-0.010176966,-2.6873871e-05,0.043352954,-0.024442632,0.25537798,0.011827025,0.07438216,0.5644115,-0.011666399,0.48240578,-0.006335777,0.0880236,0.68315756,0.16384867,0.5345293,0.26668245,0.14685832,-0.015776176,-0.0025024738,0.12370899,-0.00038271537
TCGA-AB-2933,-0.024637628,0.5933391,0.23292506,0.47614324,0.0152212605,0.1535967,-0.008482585,0.26674843,0.22717781,0.1867083,0.10490319,0.47023293,0.37053913,0.5013263,-0.0058059446,0.29090402,0.19600682,0.14248623,0.4054207,0.3537196,0.27042902,0.16589448,0.20044643,0.46449402,0.31738135,0.25932968,0.7411336,0.5931504,0.9080572,0.060877092,0.15037817,0.20136252,0.41179892,0.23822474,0.15660721,0.40296763,0.9201895,1.1228399,0.14845516,0.09751481,0.19312246,-0.008262868,0.21558091,-0.025509903,0.19581828,-0.0015143693,-0.0003370412,0.44984418,0.015412758,0.25475484,0.7408863,-0.05888046,0.71986336,-0.017262165,0.2205213,0.9665066,0.414569,0.58763075,0.16455813,0.58302665,-0.018058347,0.010883976,0.035006437,-0.019314555
TCGA-AB-2935,-0.0058537214,0.727001,0.44403315,0.36551702,0.007202059,-0.0032588125,-0.03886942,-0.009591431,0.17628358,0.31797677,-0.0062652864,0.24903607,0.14872444,0.1458606,-0.017819317,0.043406375,0.12403853,0.12693396,0.06737575,0.3288676,0.011117779,0.021521263,0.12540837,-0.0025850364,0.3240176,0.4576527,0.37329563,0.42986563,0.5306844,-0.01459081,0.09466478,0.026905129,0.12988396,0.28757367,0.07038051,0.3093869,0.25253323,0.809053,0.05265085,-0.013629044,0.098597586,0.36340845,0.17234424,-0.0032908486,0.37451026,-0.002218907,-0.002218144,0.27937004,0.017996917,0.23550968,0.37166896,-0.035698958,0.35140297,-0.016286047,0.35533324,0.5481513,0.25493565,0.5433674,0.034649033,0.035211816,-0.016644312,-0.011559508,0.1791603,-0.0017340583
TCGA-AB-2936,-0.0007700507,0.5674187,0.18787022,0.31126207,0.03830331,-0.0023724677,-0.03190455,0.24547347,0.27637783,0.14365628,0.1989237,0.20276348,0.006402068,-0.0034083114,-0.019426035,0.09703499,0.2389604,0.03800482,0.15329461,0.06752293,0.18302095,-0.0035784766,0.14120711,0.18717399,0.23383118,0.31728882,0.20695755,0.5084981,0.4787733,-0.008148822,-0.002736579,0.04380902,0.22401163,-0.005279325,0.14578792,0.051083155,0.16897406,0.76385945,0.12274116,-0.01227648,0.13886753,0.3087608,0.110961795,-0.0049576634,0.2355083,-0.002794978,-0.000220811,0.36586696,-0.010319436,0.16286384,0.35869762,-0.037147928,0.037459634,-0.017504936,0.32490873,0.46668148,0.11249939,0.5359887,0.01847729,0.16547912,-0.0036112831,-0.0066668214,0.029080879,-0.0087123895
TCGA-AB-2937,-0.012642592,0.58118045,0.037402317,0.029783435,0.009100251,-0.0036316717,-0.008019221,0.2881666,0.11241102,0.089051366,-0.004816345,0.24585752,-0.006378667,0.4719937,-0.010230253,0.16361727,0.43215397,0.079929024,0.039523724,0.12287757,-0.0001768779,0.11462794,0.22782552,-0.0017399297,0.21985835,-0.0005699866,0.17217219,0.4964015,0.63806564,-0.0037848286,0.07699667,0.027179172,0.35770175,0.058665007,0.28283435,0.24896759,0.9367621,0.6781606,0.33166283,0.08766535,0.5031735,0.19217719,0.26737255,-0.013050154,0.003059065,0.008951612,-0.0037940934,0.2509978,0.07589051,0.26046944,0.54136014,-0.018303566,0.5247157,-0.0068712607,0.3570039,0.8334122,0.07445245,0.41761297,0.2222813,0.04086512,-0.0125222355,0.14986098,0.023510978,-0.015022953
TCGA-AB-2938,0.015790962,0.6916088,0.26186544,0.48135683,-0.004197469,-0.0022356086,-0.0151002575,-0.00010304042,0.2365676,0.2938083,0.14198841,0.29121035,0.14400776,0.18911208,-0.021071985,0.146988,0.08589608,0.17632641,-0.0055413875,0.548523,0.14989924,0.07958471,0.28364757,0.15815505,0.10078716,0.5491457,0.29633772,0.25171363,0.5999547,-0.009781453,0.11391264,0.037016846,0.020192858,0.15251882,0.1451937,0.36177593,0.16509445,0.7565372,0.23659061,0.06881178,0.1765613,0.21216144,0.19802478,-0.024116142,0.026818542,0.031531736,-0.014883074,0.2423429,0.05446379,-0.0066862158,0.39311475,-0.027858604,0.1794946,-0.009310175,0.40895358,0.62174034,0.089785405,0.54607415,0.15721996,0.07062866,-0.017606826,-0.0022708778,0.22921382,0.022011574
TCGA-AB-2939,-0.004132897,0.5931539,0.23307936,0.31043577,-0.013406119,0.046834353,-0.017548062,0.12556137,0.26629257,0.29082254,0.11999434,0.022133928,0.0913222,0.13733847,-0.033137508,0.09036328,0.011326917,0.041381452,0.15719566,0.38603163,0.07905272,0.091749,0.06615283,0.19466025,0.43847424,0.31610322,0.14380056,0.510927,0.57198274,-0.006911257,0.09712076,0.1653181,0.18232481,0.14975473,0.040351067,0.13385238,0.026142556,0.8013889,0.008640539,0.066038564,0.18933047,0.41335654,0.21207385,-0.0033475447,0.15122388,0.16977146,0.07717077,0.24488764,-0.014177129,0.15834002,0.40747556,-0.035357933,0.2962534,-0.017050086,0.29778144,0.53972256,-0.00021239296,0.6358447,0.0028742487,0.15138085,-0.018044636,-0.004984868,0.041930843,-0.014205769
TCGA-AB-2942,-0.012915951,0.29197875,0.008806128,0.18601638,-0.006282385,0.19729204,-0.009305187,0.17326269,0.10009222,0.25867796,0.0349754,0.23153311,-0.0009645138,0.4246769,-0.0146202,0.18607038,-0.0037979719,0.023848265,0.16369651,0.36165512,-0.0052949907,0.05142165,0.046134736,0.23433533,0.25743362,0.25534427,0.18082729,0.33078548,0.5409539,-0.0013292072,0.06943317,0.07646688,0.13334593,0.19001254,0.029036682,0.11859678,0.00996109,0.6668003,0.14446492,-0.00061843655,-0.0010361742,0.2975717,0.16974081,-0.0077559203,0.088811666,-0.0038903381,0.08804295,0.11086005,-0.004326127,0.06794862,0.33216044,-0.03492738,0.22729355,-0.0028333634,0.1376237,0.4040825,0.08633912,0.3223273,-0.00015314137,0.19932264,-0.0043568616,0.019776851,0.0151806325,-0.011092904
TCGA-AB-2948,-0.01637735,0.5911567,0.30278298,0.1540716,0.11001781,0.1509001,-0.039515972,0.23946384,0.4618368,0.1686801,0.0819772,0.104264334,0.07541165,0.43296173,-0.011730032,0.11922893,-0.0005642972,0.19102295,0.38234574,0.23148984,0.15647373,0.039493524,-0.0052721226,0.24505451,0.40516767,0.64137363,0.1064587,0.37802857,0.6026778,-0.007957793,0.05962235,-0.0015374133,0.30817446,0.24363685,0.20300318,0.20040573,-4.3552463e-05,1.1055334,0.011659585,-0.0015550621,0.05916869,0.20979278,0.015377879,-3.3236574e-08,0.23423402,0.07587841,-0.007904082,0.25496078,0.023996439,0.30239758,0.6394799,-0.04315103,0.3614708,-0.0075096996,0.07727445,0.634387,0.22815621,0.61970437,0.09731766,0.2337462,-0.021711892,-0.010793381,0.037080932,-0.018293329
TCGA-AB-2949,-0.0006406013,0.3850742,0.034564316,0.03658497,-0.013744037,-0.0006980017,-0.011273309,0.11414105,0.16523042,-0.0057169152,0.04358593,0.07495702,0.1469415,0.3340146,-0.0064295465,0.1628182,0.3814662,0.06554665,0.09834595,0.23401342,0.14194739,0.14188989,0.051681776,0.34457728,0.21458328,0.14596416,0.06967983,0.16099218,0.47389778,-0.0037664406,0.14703068,-0.0046039084,0.04815024,0.02278319,0.0213327,0.2144036,0.29667887,0.5271641,0.0015788525,0.18884103,0.034804232,0.32538256,0.2620487,-0.0040906765,0.24062532,-0.0038394555,-0.0033864581,0.074854806,0.016891066,-0.004826803,0.31845915,-0.031613536,0.25269356,-0.010928409,0.15235795,0.3095737,0.15268359,0.42005527,0.14541449,0.24416286,-0.008381491,0.04518561,0.18406114,-0.0107778
TCGA-AB-2950,-0.015872506,0.46176744,0.27743462,0.09966033,0.06549932,0.07717352,-0.0240657,0.0083226,0.14697173,0.26512125,0.19288255,0.076597646,0.15793712,0.2066366,-0.021612765,0.11780418,0.16042918,0.07862237,0.26465553,0.18922918,0.20400085,0.05677377,0.11380262,0.035364643,0.33069962,0.07521483,0.20843154,0.21260536,0.4907175,-0.008645961,0.11573388,0.039412253,0.072010405,0.07652821,0.026320282,0.16203015,0.36011076,0.5691896,-0.0040435954,0.1303664,0.101601064,0.3654705,0.18674912,-0.009967154,-0.00011857636,-0.02142335,0.03520464,-0.008573061,0.022732584,0.22799858,0.5383853,-0.013099096,0.2617091,-0.017584695,0.15833893,0.5001179,0.18942732,0.4677842,0.05448514,0.05450346,-0.009457823,-0.00851659,0.09138484,0.030687992
TCGA-AB-2952,0.12548827,0.51189023,0.041066788,0.8801036,0.15613648,0.14096706,-0.033582725,0.39764968,0.15528728,0.4086828,0.47434106,0.3420033,0.26206157,0.12419975,-0.019141471,0.39483228,0.5609982,-0.007821284,0.2585177,0.30803102,-0.003211382,0.07753821,-0.0043876427,0.38049206,0.292453,1.0274813,0.72024345,0.29024655,0.8798249,-0.00557685,0.08720249,0.6215338,0.122902244,0.048940778,-0.006075791,0.37367177,0.24145429,1.093168,0.36771244,0.04216775,0.43114442,0.1757071,0.24376027,-0.01561964,0.8003382,-0.010694406,-0.02128431,0.28767413,-0.02743253,0.33252007,0.550086,-0.05041457,0.356666,0.028201886,0.26754165,0.9259962,0.18425232,0.69281936,-0.009285881,-0.0027355638,-0.034060653,0.077447884,0.22974761,-0.013382505
TCGA-AB-2955,-0.004188857,0.6884496,-0.0010985996,0.19430865,0.02152384,0.0076011196,-0.009269163,0.2378524,0.18677057,0.0151908845,0.123317376,-0.007193011,-0.010060175,0.22951758,-0.02413616,0.17453772,0.27970636,0.17896464,0.28737715,0.37549603,-0.009197662,0.049624097,0.06441455,0.006687537,0.37917265,0.21145128,0.21621463,0.59655786,0.54302055,-0.0007710328,0.11204046,0.017190808,0.07140956,0.033635408,0.30115458,0.17110322,0.44732124,0.8227742,0.24805854,0.06882856,0.17769407,0.3799557,0.13219851,-0.017523302,0.14817865,0.032941945,0.1543333,0.037938453,-0.0036805123,0.19136877,0.34368807,-0.030341757,0.3509165,-0.010967768,0.35090947,0.6208775,0.13923168,0.13828385,0.056056466,0.13402072,-0.024466027,0.26964495,0.1523448,-0.016765656
TCGA-AB-2956,-0.019893588,0.51200163,0.19182639,0.23014186,0.13719995,-0.0054400265,-0.03604229,0.14792919,0.32169458,0.44439206,0.06157026,0.19050309,0.07852538,0.2517879,-0.00806222,0.0540985,0.2023944,0.31243658,0.4896136,0.2056936,0.097278595,0.032603852,0.03911101,0.47572795,0.26077855,0.23797955,0.25345337,0.505811,0.7412581,-0.00094430055,0.2739074,0.19722258,0.4266929,0.4604977,0.17848198,0.12079434,0.07235742,1.2694383,0.18085036,0.0010384433,0.118188515,0.15762672,0.07659611,-0.019461783,0.1853713,0.07379134,-0.015764652,0.62097144,-0.011863566,0.05831688,0.66908234,-0.04963098,0.46866924,-0.0007792711,0.004978586,0.8281362,0.4263705,0.85401237,0.13467988,0.3462343,-0.022827528,-0.0026297178,-0.00032699035,-0.020094322
TCGA-AB-2959,-0.009241456,0.40706563,-0.0037224223,0.22021934,-0.0066416347,0.06224078,-0.0030133964,0.10913128,0.060480166,0.1952019,0.03871389,0.14001846,0.093649074,0.18068011,-0.00054855173,0.22580948,0.42895538,0.113611296,0.056722727,0.31448734,0.14302024,0.010967519,0.22509529,0.11291049,0.075080566,0.33443546,0.028810196,0.10606929,0.6507581,0.015233742,0.09381804,-0.0014192349,0.16336967,0.011090726,0.030545343,0.27643716,0.5563383,0.7263929,0.1645137,-0.00017893985,0.19748993,0.20516323,0.29243895,0.058066383,0.18577047,0.026485056,-0.0032185707,0.23791116,0.05742495,0.19180991,0.39510274,-0.04453933,0.29031372,-0.015084612,0.26850554,0.62818825,0.21324813,0.42692354,0.090248235,0.3086534,-0.00254633,0.11024333,-7.4025615e-05,-0.0023429922
TCGA-AB-2963,0.07490206,0.42145786,0.04000683,0.10569506,-0.007949346,0.1006857,-0.016082888,0.10371417,0.046408553,0.23230287,-0.005614722,0.40134722,-0.015282276,0.37195304,0.07609184,0.20363477,0.23792677,0.07083288,0.18063432,0.2419058,0.14755161,0.13143909,0.044964682,0.3770633,0.15618423,-0.0017976448,0.22605652,0.1359238,0.6456502,-0.006295302,0.08233097,0.21923524,0.17946915,0.1002716,0.047060695,0.0292033,0.45016915,0.9126481,0.089898065,0.09257892,0.22985433,0.23587209,0.2384338,-0.0051345546,0.30321473,-0.0066009904,-0.016835203,0.17056073,-0.009291649,0.21886721,0.3781824,-0.025479037,0.47091264,0.028890446,0.05827162,0.63960075,0.34969255,0.5158098,0.18149766,0.18337965,-0.023848047,0.054981828,-0.004748924,-0.010086595
TCGA-AB-2965,-0.007219845,0.51270396,0.3107233,0.23073317,0.014937155,0.101240724,-0.006081927,0.15234545,0.30859473,0.08399517,-0.012069729,0.406154,0.049015272,0.37125674,0.014876813,0.2041795,0.43578872,0.15067376,0.08790414,0.32843345,0.11446078,0.11321256,-0.0061065736,0.13611469,0.30564544,0.15384845,0.004636705,0.27229998,0.5905133,0.0037249904,0.102994755,-0.014056871,0.19697258,-0.0044790017,0.14044067,0.20896435,0.206259,0.79048324,0.117778346,-0.0029074096,0.18171762,0.19041881,0.0023882017,-0.010279046,0.4765908,0.09258073,-0.014058863,0.19983123,-0.007066203,0.07215076,0.31868404,-0.038074285,0.45155942,0.114647895,0.29389322,0.5840509,0.22668645,0.21447097,0.09140123,0.16995518,-0.0002932206,0.17127317,-0.013691003,-0.005227138
TCGA-AB-2966,-0.001458915,0.72589654,0.05205882,0.1534381,0.040999614,-0.0028132123,-0.013857662,0.11948915,0.20759183,0.12521836,0.23909578,-0.003165691,-0.007851066,0.22420214,-0.013174492,0.10474928,0.40914607,0.056136973,0.22172534,0.3837847,0.060290948,0.03915986,0.13035259,0.1993618,0.23041277,0.08006951,0.28655708,0.6130345,0.6544146,0.096413024,-0.0071840133,-0.0006533481,0.17340331,-0.013288217,0.32627794,0.12976342,0.6662027,0.8641928,0.36920372,0.13601357,0.24022277,0.49446765,0.36200562,-0.005342975,0.23437418,0.104993574,0.12329907,0.18109263,-0.0022349514,0.041169807,0.3221119,-0.04251637,0.38361064,-0.01632398,0.32557958,0.5751927,0.04564383,0.51195943,0.07582784,0.21516892,-0.01802187,0.15359023,0.24370973,-0.026761377
TCGA-AB-2970,-0.023489509,0.52975625,0.21113889,0.5296427,-0.0038139657,0.15487918,-0.03519351,-0.0040299348,0.35227296,0.3930238,0.25425005,0.49558085,0.1345082,0.12691736,-0.014010692,0.31047827,0.35453272,0.32925206,0.36169744,0.3663661,0.06510218,0.2726177,0.07387719,0.20345438,0.2539536,0.25844115,0.9290661,0.43696278,0.58198804,-0.027738152,-0.008694418,0.32767233,0.036018923,0.08051053,-0.00027136318,0.48404175,0.36473104,1.0531075,0.012860786,-0.013076328,0.1396942,0.2757065,0.10864584,-0.042105302,-0.0062103337,0.105682455,-0.008395094,0.39212054,-0.0042569875,0.03708927,0.6565232,-0.04714275,0.7279376,-0.036898583,0.14200127,0.95434725,0.39864475,0.7376723,0.16555102,0.001293797,-0.037551556,-0.007497221,-0.008543925,0.07670239
TCGA-AB-2971,-0.006838222,0.2525066,0.08426406,0.14994754,0.006325759,0.016071385,-0.01139378,0.082590505,0.182052,0.15523642,0.008603819,0.20628302,0.009653609,0.1580934,-0.002019084,0.1363206,0.20421213,0.08454065,0.1460134,0.12556702,0.16705579,0.1249102,-0.0062548826,0.2290481,0.17019916,-0.0018237904,0.15567374,0.24029475,0.3867576,-0.0025383728,0.0022637732,0.07654412,0.08988018,0.062591285,0.074423864,0.09000522,0.17224753,0.62466633,0.012069352,-0.003090833,0.117308244,0.083371475,0.105887316,-0.008823989,0.2987196,0.06579369,-0.0011953779,0.11270951,-0.00566045,0.061575547,0.22151458,-0.034030747,0.21953082,-0.002603554,0.13815331,0.3556066,0.18867242,0.3333391,0.030359086,0.21543738,-0.015544027,0.10346507,-0.005992888,-0.013608997
TCGA-AB-2973,-0.0066362396,0.2329278,0.1627956,0.30380687,0.094905674,0.059692584,-0.016434388,0.21345523,0.24430679,0.019761255,-0.01256004,0.2584138,0.1843457,0.3663592,0.026635038,0.15843692,0.4049753,0.2567521,0.21303238,0.3491912,0.053644132,0.21065053,-0.010774771,0.08456314,0.38184825,0.43083996,0.02804809,0.01864443,0.728264,-0.017542893,0.13898063,-0.020090556,0.30355695,0.114060834,0.0882469,0.058971077,0.08538619,0.89713246,0.07456191,0.13941239,0.07417489,0.26461172,0.1288152,0.0063352184,0.5700784,0.11623057,-0.010212463,0.0664722,0.11780294,0.14519566,0.278158,-0.03300624,0.41883367,-0.0059375954,0.12078494,0.6927662,0.22389373,0.54775345,-0.00079233525,0.3881266,-0.013698409,0.013565347,0.030089911,0.01546673
TCGA-AB-2976,0.04398653,0.39262074,0.16873907,0.21009666,-0.0075447857,0.029076867,-0.013254324,0.08586486,0.100575894,0.15935144,-0.0019409977,0.23352394,0.11862391,0.40724438,-9.883135e-05,0.19011255,0.446727,0.17640883,0.22195259,0.17740422,0.12644775,0.09865448,0.012902017,0.21536997,0.18581744,0.102340266,-0.003518828,0.04111967,0.561022,-0.003883209,0.073500514,-0.0027032134,0.10673594,0.032721743,0.09257895,0.14435405,0.28200698,0.9494418,0.12359072,-0.007095051,0.18409327,0.13663095,0.16582161,0.11772365,0.6227479,0.06527812,-0.006489298,0.23897724,-0.0024953948,0.11535809,0.17735073,-0.0385772,0.38990062,0.01990565,0.10332854,0.52731675,0.4101442,0.4720594,-0.005022381,0.2607055,-0.016670002,0.18581742,0.017437425,-0.0030685097
TCGA-AB-2977,-0.018810952,0.41665554,0.18288253,0.26249593,-0.004220076,0.12958409,-0.016562691,0.16395149,0.16738835,0.037571263,-0.0012223255,0.10302715,0.022175986,0.4253165,-0.0036751442,0.18105146,0.16401653,0.20773353,0.21948989,0.3033767,0.24455355,0.053956293,0.06164067,0.23479912,0.29432213,0.07992448,0.13055316,0.46203628,0.559186,-0.0048360988,0.13504429,0.04389391,0.22893715,0.05842621,0.0082240775,0.18851839,0.2639604,0.8461903,0.1281908,0.115831226,-9.5314535e-05,0.14258197,0.043845713,-0.012686341,0.3689671,-0.001535016,-0.0025767523,0.14090796,-0.0014166887,0.16861862,0.5554488,-0.044302225,0.3058114,-0.012501848,0.019330896,0.60952866,0.16597158,0.46532214,0.015632238,0.44950104,-0.0058089313,0.2140714,-0.0045986096,-0.010084629
TCGA-AB-2979,-0.011944162,0.5986376,0.21849428,0.22065674,0.076460436,-0.003670261,-0.009325641,0.21151859,0.23059005,-5.2338466e-05,0.14449894,-0.019327957,-0.0049003996,0.29530272,-0.01906402,0.15203074,-0.008689827,0.14640468,0.55137056,0.87784564,0.35201848,0.06934577,0.35488927,0.18336385,0.6751006,0.06528078,0.0072108023,0.68358064,0.5755498,-0.0021361327,0.4717301,-0.0062558176,0.09222021,-0.008647747,0.59028274,0.045121297,0.6681024,0.71864325,0.05699062,0.18397667,-0.017149465,0.4713316,-0.0029143475,-0.020309424,0.2351328,0.16443712,-0.000896994,-0.011100008,-0.010817892,0.06830657,0.6579105,-0.05522105,0.31229305,-0.017542608,0.6759413,0.80238235,0.16428944,0.4265614,0.15520465,0.61387056,-0.0059586465,0.5067756,-0.009245331,-0.03715984
TCGA-AB-2980,-0.035520136,1.1085207,2.0346859,0.03896377,-0.008508756,0.03658341,-0.046067446,0.20229721,-0.0031571295,-0.01628621,-0.03257694,-0.011130127,1.096711,1.036751,-0.047725763,-0.031867858,-0.006396103,-0.043447517,-0.04665635,0.7154235,0.330415,-0.007316121,1.0177895,0.9580551,0.12730633,0.25116497,1.5318164,1.6967963,0.5475838,-0.025183594,0.30405968,0.9296851,-0.021214748,0.14961594,0.013722956,1.3996103,0.8202387,0.5085421,0.84972787,0.1950925,0.64531213,0.58459353,1.3767157,0.5314177,1.0396895,-0.008498005,0.42393467,0.23204042,0.7078854,0.7137462,1.0278788,-0.06429926,1.2314448,-0.03319126,0.09316393,-0.024401853,0.15755135,0.13139337,0.33651555,0.11058988,-0.015506545,-0.0033901536,1.5521548,-0.004940837
TCGA-AB-2981,-0.0039535607,0.06105946,0.19122271,0.11479845,-0.0033581783,0.13541071,-0.0073769363,0.07121433,0.21483292,0.12612668,-0.00036457888,0.22414166,-0.0020786067,0.16494493,-0.00059621106,0.14424208,0.21188618,0.10089018,0.1601913,0.17354807,0.21074274,0.05325517,0.047161084,0.19180301,0.13421363,0.15184982,0.051342957,0.055695668,0.41369146,-0.002861915,0.050727155,0.025250277,0.073432505,0.077764496,0.068080425,0.19986984,0.186164,0.70905924,-0.0059185605,0.036066506,0.0551806,-0.00024891683,0.062206566,-0.013339234,0.29644695,-0.0005721517,-0.01628344,0.18695529,-0.006868198,0.009127759,0.2776487,-0.020506939,0.23004517,-0.00099678,0.044507466,0.34711346,0.19014692,0.28157076,0.05517169,0.2621792,-0.012877255,0.010046314,-0.0015677063,-0.0018154156
TCGA-AB-2983,-0.003812909,0.4338143,0.1434426,0.19842514,-0.0010809861,0.06828493,-0.02107325,0.29480967,0.11998741,0.22411829,0.19392478,0.4867355,0.15734576,0.25848532,-0.0082392525,0.20045274,0.447221,0.09010214,0.58639914,0.31797242,0.15828091,0.091879055,0.35162482,0.22141418,0.19963118,0.39736718,0.19804403,0.29555804,0.7240036,-0.0062948153,0.22148299,-0.0037770134,0.255306,0.119336694,0.0064603277,0.24274246,0.4726504,0.97545797,0.25192803,0.04742319,0.35730976,0.2812817,0.072619334,-0.008124302,0.1833136,0.2934041,-0.007827817,0.51309294,-0.00030885494,0.1770069,0.65416884,-0.052853983,0.54584193,-0.026676822,0.15052803,0.83998966,0.26140413,0.59334207,0.21904978,0.1489883,-0.013681973,-0.008297997,0.17818397,-0.008780916
TCGA-AB-2984,-0.007407962,0.48702332,0.011464309,0.25958097,0.03431911,0.14210933,-0.01641587,0.19434652,0.20724104,0.044550277,0.029995237,0.024112742,0.03129157,0.22981626,-0.0203943,0.13772425,0.24526219,0.10648614,0.1649866,0.26198584,0.1394426,0.1442495,0.114059485,0.16124606,0.39061877,0.017770194,0.113595314,0.3316334,0.53163,-0.00068243465,-0.00018113591,0.018536722,0.155035,-0.0058886744,0.0457833,-1.1885167e-05,0.15794949,0.7869175,0.0792803,0.15093839,0.11468284,0.36165902,0.21093912,-0.005627863,0.2616539,0.069254026,0.059197143,0.048963357,-0.008798278,0.13950491,0.42228058,-0.028348768,0.2934668,-0.0075478232,0.040664177,0.49031648,0.17985788,0.44405344,0.09071204,0.202798,-0.01287233,0.2620954,-0.009191663,-0.020060863
TCGA-AB-2986,0.03711103,0.40775463,0.124759674,0.24342144,0.0063841417,0.007387139,0.04881194,0.026788916,0.07241888,0.09553471,0.03857402,0.20367627,0.025639672,0.27314588,-0.01698787,0.1680372,0.22516271,0.10766497,0.044602517,0.2226245,0.07897505,0.033279743,-0.002988288,0.21988472,0.2520281,-0.001402621,-0.008753862,0.038994525,0.55668163,-0.0016250936,-0.010257351,-0.001479349,0.053223588,0.08927296,-0.0023983007,0.04390845,0.12602742,0.90306437,0.16744515,0.043638818,0.2431974,0.10231444,0.25813755,-0.014081977,0.7043136,0.021048076,-0.013711405,0.1539893,-0.0017222454,-0.0017151771,0.1837036,-0.023381645,0.18687528,-0.0020359461,0.09534423,0.4656248,0.42400146,0.39103812,0.035353586,0.31746852,-0.0062200236,0.2787639,0.021161895,0.026054904
TCGA-AB-2987,-0.008108348,0.2450074,0.14917432,0.23959762,0.02152121,0.040845647,-0.020432953,0.05409584,0.42221427,0.13813168,-0.0041529574,0.31418326,0.023356874,0.21224347,0.075730555,0.14506215,0.5975542,0.29981384,0.047324132,0.21984245,0.086860344,0.11267045,0.09531582,0.09908135,0.122708425,0.25096422,0.20672491,0.19475907,0.5767406,-0.01324036,0.2012393,0.058527052,0.104146406,0.2221561,0.12574773,0.22446886,0.40459523,0.78599465,0.12868153,0.09269847,-0.0044453964,0.33030018,0.09072375,-0.012267371,0.2078699,-0.0055047916,-0.013846919,0.3246832,-0.010061467,-0.007452767,0.44464883,-0.023156157,0.33259767,0.013255604,0.14198737,0.4053579,0.17563286,0.45902315,0.20690991,0.15919292,-0.023550583,-0.009674292,0.04104497,-0.0058796643
TCGA-AB-2988,0.049805865,0.20486861,0.13587227,-0.014459999,-0.013015098,0.0761174,-0.0026450236,0.102549195,0.15931752,0.049024586,0.17267475,0.29379925,-0.005975874,0.19340266,-0.007997175,0.31831723,0.23617594,0.02362917,0.4277689,0.1819815,0.18319252,0.059889033,0.023175474,0.39895886,0.17023292,0.19928907,-0.015045649,0.08214478,0.354518,0.09734228,-0.0032914341,0.019140454,0.14789838,0.020713001,-0.0003976755,0.23204423,0.10180434,0.9286483,0.13047875,0.0010084845,0.19008945,-0.00456458,0.25555524,-0.021748468,0.545962,0.13610262,-0.011248853,0.21867277,-0.011221187,0.05070669,0.33284566,-0.019123793,0.2674736,-0.00022604653,0.0055364184,0.3894369,0.36465922,0.42242968,0.06933449,0.16648546,-0.004827012,0.14088058,0.07509796,-0.00050647056
TCGA-AB-2990,-0.0067036585,0.4768271,0.17994362,0.2521313,0.08216357,0.06350351,-0.019743953,0.2041367,0.10282369,0.003080069,-0.008077531,0.1381764,0.18340176,0.2552815,-0.014310959,0.14519832,0.15078826,0.16271417,0.13414952,0.22550806,0.08899139,0.081021786,-0.0026907143,-0.00023386665,0.496443,0.09329952,-0.0011615999,0.20489487,0.5034156,-0.0036466687,0.045662362,-0.005723876,0.08598036,0.081141874,-0.00023470372,0.050181918,0.36934382,0.6501816,0.054660466,0.06530754,0.119935706,0.18358786,0.12075093,0.07894287,0.45580298,-0.0062242914,-0.0036555515,0.12367671,0.03957064,0.22816364,0.4206103,-0.036051463,0.33315635,-0.00045431854,0.18945244,0.45140922,0.20102581,0.38188845,0.10244741,0.3158741,-0.0035515071,0.18582791,-0.012568595,-0.007010224
TCGA-AB-2991,-0.038561247,1.318091,2.0810087,0.31305042,-0.024442999,0.16931391,-0.043075122,0.25669146,-0.0029306437,0.06543415,-0.039344683,-0.022917444,0.76819927,0.8671223,-0.03510897,-0.02831625,0.034817725,-0.04736328,-0.058232527,0.6203884,0.01149299,-0.0043568346,0.7328102,0.9473647,0.7392828,0.31146336,1.4489653,1.6892666,0.6706613,-0.022357157,0.03320438,1.0281519,-0.014412972,0.07065718,-0.009596785,1.1698871,0.49229774,0.5478791,0.29558557,0.22484596,0.62591255,0.18959308,1.2832866,0.06038018,0.63494694,-0.007808756,0.41416493,-0.00269402,0.62515026,0.6516964,0.7853216,-0.06307801,1.2451689,-0.01560901,-0.008288489,0.125219,0.3420602,0.3461025,0.36616942,0.52819675,-0.011735222,-0.015140173,1.3401371,-0.018740598
TCGA-AB-2992,0.12123823,0.4063945,0.14561589,0.38399765,-0.0135365445,-0.0030189098,-0.04382605,0.29918718,0.43957105,0.1358791,0.18062091,0.078024805,-0.0003316913,0.10882002,-0.019178867,-0.0025575222,0.4903004,0.14863688,0.07140878,0.15488943,0.307162,0.10143994,0.026840452,0.23503345,0.2298131,0.4584654,0.32891217,0.566883,0.38783976,-0.024399476,0.07686265,-0.0006055251,0.23999973,0.017311782,0.1247002,0.028993916,0.017218474,0.79744273,0.06370209,0.05357845,0.16841735,0.5532161,0.1257542,-0.00038476373,0.15660287,0.036632583,0.06034983,0.24448621,-0.00061976863,0.13695069,0.56225216,-0.053192265,0.117128596,-0.021550937,0.43427104,0.57553506,-0.00052067434,0.3073055,0.11000773,0.116255544,-0.021434166,0.06826838,-0.0014195197,-0.013646454
TCGA-AB-2995,-0.017086357,0.6114963,0.3194229,0.2371819,-0.00034966768,-0.004163844,-0.029465437,0.106607586,0.34626925,0.20210016,0.17136514,-0.014470174,0.1018755,0.2250076,-0.002505705,0.04733122,0.49787325,0.09367798,0.040581893,0.39997637,0.13157663,0.0576227,0.04536255,0.07079273,0.20172717,0.08389737,0.22570154,0.48133892,0.48291054,-0.0033560903,0.2088865,0.12255737,0.020283088,0.19327861,0.1418867,0.48385778,0.087756164,0.87937975,0.30556726,0.086013354,0.1552277,0.55536115,0.20407458,-0.0022738557,0.391078,0.056861304,-0.003144797,0.5647132,-0.001963961,0.17287078,0.52763194,-0.0404844,0.471057,-0.019087411,0.24079788,0.22644413,0.28023642,0.41695318,0.082605794,0.13882476,-0.011390074,0.021096595,0.09976353,-0.013405976
TCGA-AB-2996,-0.00980473,0.41689083,0.20749544,0.28220424,0.018520162,-0.0029150955,-0.024392974,0.090818286,0.26077983,0.19332126,0.10963057,0.08528443,0.16991882,0.16011122,-0.019663412,0.20610908,0.26579332,0.1783665,0.21563813,0.30616367,0.1473882,0.10829944,0.18568404,0.20585462,0.3921114,0.14075552,0.01283741,0.4097516,0.55729145,-0.016182698,0.1465831,-0.007994426,0.08957374,0.17849031,0.11075561,0.18258335,0.29336265,0.73387617,0.0063742884,-0.0020358027,-0.003138636,0.30309296,0.14779788,-0.012088166,0.27020824,0.051558763,0.06926153,0.19081008,-0.006857765,0.023354739,0.48612764,-0.023650294,0.372778,-0.01612804,0.201181,0.5631597,0.14249024,0.54231554,0.08955461,0.22013581,-0.01131929,0.020695075,0.08209428,-0.00033975727
TCGA-AB-2998,-0.024699662,0.7373262,0.4711504,0.3995187,-0.0011617758,-0.014122245,-0.025030917,0.37213787,0.111910515,0.31560132,0.27250582,-0.018730702,0.07407114,0.36934927,-0.029299486,0.20382223,0.14247547,0.13380805,0.1596311,0.21737376,-0.0031331347,0.0086638,0.2981632,0.10212381,0.47043294,0.2039655,0.09735351,0.590334,0.64225763,-0.024859725,0.0014651567,-0.0049311146,0.39368123,-9.356812e-05,0.23115067,0.4596944,0.030953094,0.9702332,0.08868331,-0.0020634965,0.19248694,0.13433148,0.50977236,-0.005784547,0.011990633,-0.0023492514,0.007923976,0.30433345,0.14277284,0.18664941,0.41315356,-0.03463919,0.42729756,-0.021313747,0.11837329,0.86135125,0.4573194,0.6392286,-0.0027756125,0.45820844,0.0290224,-6.660074e-05,0.2485445,-0.012587236
TCGA-AB-2999,-0.0333251,1.1392556,1.0368243,0.048051,-0.016960954,0.10508755,-0.019233499,0.39575273,0.3566398,0.24343288,-0.0051649837,-0.033943202,0.13153005,0.4705685,-0.03784158,-0.010364618,0.08953582,-0.028477276,-0.018087927,0.36844516,-0.01194038,0.076165944,0.13941583,0.98419917,0.7572437,0.21882619,0.8713849,1.1110432,0.22303417,-0.00030588862,-0.016966816,0.4964582,-0.017476875,0.12645288,0.08666147,0.52548903,0.09095861,0.35755596,-0.0018248912,0.07304619,0.77141804,0.16846904,0.72714204,-0.012234065,0.69570076,0.13261631,0.24030745,0.063457325,0.1414038,0.39021137,0.48720548,-0.08036489,0.5227735,-0.01937748,0.020386547,0.17854032,0.2630811,0.21454427,0.020665646,0.26766124,-0.00089433155,-0.0025228583,0.66218674,-0.017849145
TCGA-AB-3000,-0.0025674414,0.5853128,0.10274903,0.1474024,-0.0026071442,0.07067741,-0.015204909,0.1455643,0.23034324,0.16236141,0.078354985,0.008475564,-0.00019305237,0.18294257,-0.026457665,0.16953641,0.16291958,0.04056771,0.34925917,0.27319723,0.052137736,0.08566004,0.08692548,0.16241384,0.35418323,0.14424628,0.21869344,0.48378015,0.51039547,0.027808238,0.007052187,0.09921293,0.16413076,0.08804256,0.15982684,0.15870364,0.29096255,0.7414477,0.10316476,0.055955116,0.12159102,0.29488894,0.23573358,-0.008182767,0.1792957,0.030839212,0.12081667,0.08468834,-0.013041312,0.16330984,0.42706797,-0.0264363,0.34877166,-0.012595377,0.20696577,0.51206326,0.12002223,0.28048134,0.09052837,0.0846595,-0.021916827,0.046486743,0.08883233,-0.013110471
TCGA-AB-3001,-0.031792585,1.163767,1.7458609,0.16127928,-0.00086919405,0.009426359,-0.041510146,0.056292165,-0.00042643512,0.15149629,-0.0305232,-0.010649243,0.5910862,0.37761864,-0.05494249,-0.03905751,-0.011832241,-0.036334533,-0.055948704,0.30203176,0.049386404,-0.0048491964,0.31332362,0.8543362,0.50738484,0.40175533,1.4082465,1.4200926,0.54610074,-0.0113987075,0.22077829,0.8132579,-0.00992803,0.4932222,-0.0048073716,0.9944862,0.4208753,0.4010059,0.19600843,0.017764837,0.71130294,0.18773808,1.1172748,-0.00049667753,0.93123484,-0.0072877454,0.28362086,-0.009724629,0.47411627,0.58744836,0.6182471,-0.05714457,0.9707069,-0.0067183496,0.041339457,0.19088303,0.24862549,0.14528258,0.35022897,0.28578717,-0.0287949,-0.015272856,1.2061859,-0.01811293
TCGA-AB-3002,-0.0161115,0.58086264,0.11624746,0.61839956,0.18598999,-0.00019568518,-0.022823257,0.4030875,0.32063702,0.25615793,0.2386696,0.16459416,0.058778282,0.45016253,-0.009488795,0.046638347,0.6453553,0.0077150688,0.016272653,0.38801217,0.1948687,-0.00022984334,0.13297565,0.314743,0.2691982,0.041933276,0.4638774,0.6584745,0.7752571,0.017212471,-0.0019124724,0.06895091,0.17472972,0.051284865,0.24899034,0.059315875,0.27025843,1.1053933,0.4673258,0.13421723,0.06744997,0.30285156,0.18900937,-0.007723119,0.45183322,0.056205325,-0.0064219083,0.1728696,0.003128575,0.023326006,0.4193428,-0.04708583,0.3241524,-0.0066689174,0.43723398,0.8903476,0.300955,0.6851653,-0.0035345682,0.21470663,-0.005538204,0.14648616,0.13090597,-0.019393085
TCGA-AB-3007,-0.023479436,0.74251366,0.6448418,0.3591523,0.0033798963,0.19789663,-0.022578534,0.32361406,0.075177275,0.15685162,0.35627562,0.036734253,0.047487017,0.57189643,-0.028933689,0.14480247,0.25174528,-0.00059477723,-0.0049979156,0.26739594,-0.0009634644,0.05959787,0.4403796,0.24152753,0.44361618,0.2046827,0.22533956,0.71560824,0.43372148,-0.0027629843,0.05010875,0.011614727,0.10295002,-0.004141292,0.07072702,0.33791128,0.111065395,0.6512506,0.2739207,-0.0031528787,-0.0011250634,0.08935234,0.60743135,-0.0023433166,0.06886109,-0.0070594684,0.161367,0.18346643,0.0692334,-0.002921336,0.45086482,-0.042882007,0.52069235,-0.001633279,-0.0057868557,0.8166039,0.6453607,0.47544906,-0.0054792613,0.30262077,-0.010497229,0.02518883,0.37010926,-0.015179246
TCGA-AB-3008,-0.022110824,0.4896795,-0.009774576,0.2575068,0.055515468,0.013913665,-0.0111151505,-0.0022996755,0.20868403,0.37071767,0.05187853,0.023727983,-3.231168e-05,0.39346632,-0.029205188,0.17663994,0.07354103,0.082784235,-7.091947e-05,-0.004591799,0.11802492,0.06909133,0.013749673,0.036178395,0.22648504,0.05317702,0.15966284,0.63489145,0.6061826,-0.00018726941,0.06775543,0.0041805375,0.03629029,-0.008955314,0.23385121,0.3056676,0.37196955,0.7137265,0.2109217,-0.0042307647,0.19691664,0.015647426,0.22602782,-0.032169282,0.39089197,-0.010739751,0.08902686,-0.0016538262,0.04704775,0.08310157,0.2259888,-0.03320455,0.26859272,0.102653876,0.48003522,0.66838133,0.08829346,0.35550708,0.050265133,0.12051251,-0.028658291,0.13402179,0.06455837,-0.009977064
TCGA-AB-3009,-0.01348223,0.44237348,0.06898363,0.30504873,0.04187817,0.16995294,-0.008615578,0.08222219,0.21388054,0.07037822,0.0892542,0.055218354,0.114779994,0.13126527,-0.022720799,0.24843705,0.24733607,0.12837838,0.092553586,0.16042078,0.06365895,0.06259629,-0.004356509,0.4037145,0.11806531,0.19146362,0.065367594,0.29583627,0.4873711,0.00068873353,-0.0028413532,-0.004034038,-0.000108150765,0.12115252,0.44009006,0.24330132,0.46522853,0.97545785,0.10875583,-0.00024872497,-0.0037301877,0.24128789,-0.00015778728,-0.012557777,0.30337474,-0.013813253,0.06277598,0.056612615,-0.0034574047,-0.0010456382,0.33997822,-0.011425876,0.35301206,-0.008851407,0.14383219,0.51436806,0.103968315,0.39066947,-0.004547016,-0.0010269713,-0.02165178,-0.0060539935,0.14199997,-0.015832279
TCGA-AB-3011,-0.0041174334,0.48863626,0.05154737,0.047516342,-2.2926182e-05,-0.0048334463,-0.011173475,0.012964573,0.22808565,-0.00037879797,-0.0005224258,0.15703763,-0.0029752383,0.12854032,-0.0039406167,0.13844979,0.15739694,0.0585084,0.19369149,0.13549949,0.14874107,0.10301953,-0.0058449446,0.21189347,0.13214973,0.08782628,0.0612839,0.10278769,0.29038978,-0.0075930245,-0.0028914674,0.003441289,0.10095692,-0.00041530802,0.049294572,0.09025321,0.059910357,0.7611156,0.07471609,-0.0033866705,0.1749844,0.17697997,0.13761617,-0.0033375446,0.3623133,0.010213304,-0.0053300015,0.36695692,-0.012502412,0.030601978,0.32518622,-0.026510913,0.1287501,-0.00472695,0.15003094,0.14147726,0.25123945,0.27139437,-0.0038447452,0.25769997,-0.00558957,0.21577206,-0.0123072835,-0.012403339
TCGA-AB-3012,-0.041484036,1.1500163,2.0961666,-0.0012249707,-0.009794462,0.3046717,-0.051027566,-0.009197029,-0.0003375154,0.2195107,-0.059959766,-0.043029055,0.6975168,0.60309947,-0.054420855,-0.07007456,-0.009813403,-0.058805328,-0.07931062,0.5190648,0.17536665,-0.005671711,0.16488051,1.412541,0.43534526,0.5275598,1.5998636,1.6511191,0.5226481,-0.0016950539,-0.0035389513,1.1162227,-0.0406038,0.5051671,-0.02701064,1.3130404,0.66085654,0.043230653,0.22819708,0.07266043,0.8315528,0.40185946,1.4158318,0.11530006,1.4790435,-0.0003438171,0.40989283,-0.01816429,0.60291404,0.6716467,0.66707724,-0.075296514,1.0247068,-0.02399214,-0.005866138,-0.015376753,0.035290334,0.06607424,0.38641822,0.1275127,-0.021269586,-0.01786159,1.5131403,-0.02559377
