patient_id,priv_mrna_0,priv_mrna_1,priv_mrna_2,priv_mrna_3,priv_mrna_4,priv_mrna_5,priv_mrna_6,priv_mrna_7,priv_mrna_8,priv_mrna_9,priv_mrna_10,priv_mrna_11,priv_mrna_12,priv_mrna_13,priv_mrna_14,priv_mrna_15,priv_mrna_16,priv_mrna_17,priv_mrna_18,priv_mrna_19,priv_mrna_20,priv_mrna_21,priv_mrna_22,priv_mrna_23,priv_mrna_24,priv_mrna_25,priv_mrna_26,priv_mrna_27,priv_mrna_28,priv_mrna_29,priv_mrna_30,priv_mrna_31,priv_mrna_32,priv_mrna_33,priv_mrna_34,priv_mrna_35,priv_mrna_36,priv_mrna_37,priv_mrna_38,priv_mrna_39,priv_mrna_40,priv_mrna_41,priv_mrna_42,priv_mrna_43,priv_mrna_44,priv_mrna_45,priv_mrna_46,priv_mrna_47,priv_mrna_48,priv_mrna_49,priv_mrna_50,priv_mrna_51,priv_mrna_52,priv_mrna_53,priv_mrna_54,priv_mrna_55,priv_mrna_56,priv_mrna_57,priv_mrna_58,priv_mrna_59,priv_mrna_60,priv_mrna_61,priv_mrna_62,priv_mrna_63
TCGA-AB-2805,-0.013640267,-0.012196407,-0.09971479,0.06550783,0.42735314,-0.005573831,0.639712,0.49571902,0.06450792,-0.0073882476,0.2368526,-0.079054035,0.32522932,1.2885382,0.05295304,-0.0025285014,-0.058963012,0.1385423,0.9502865,0.18828991,-0.011650936,0.51643646,2.0973067,-0.083111644,0.5390666,0.4525318,-0.021843648,0.11083464,-0.052981075,-0.0017806456,0.095908344,0.7643365,-0.01837747,1.8696067,0.34530964,0.07398602,-0.085252546,-0.044603575,0.2246549,-0.015547998,0.091426805,0.5534127,2.284648,-0.0058855973,-0.0636691,0.34467638,-0.0068361363,1.0518159,1.0006701,-0.020825649,-0.08647186,-0.15504879,-0.15954198,0.3759406,-0.0035919459,-0.054436505,-0.0014803064,-0.05011722,0.81772155,1.0857776,-0.016765026,1.6211001,1.4903108,-0.019243537
TCGA-AB-2806,-0.0137459105,-0.013195497,-0.12407245,0.8903759,0.23871914,-0.02388887,-0.0029842483,0.0683286,0.22296758,-0.027315347,0.13999529,-0.15173464,0.43347535,0.3588633,0.34070858,-0.020933952,-0.065798916,0.14563265,0.8422612,0.35886955,-0.0035838042,0.118622914,2.4395354,-0.0955954,0.3501705,-0.021220801,0.45945615,-0.022817595,-0.08980532,-0.03668351,0.11986941,0.35492522,-0.05550581,2.336391,0.6412322,0.33287504,-0.09994301,-0.07334548,0.6527935,-0.02487827,0.5284367,0.51057136,2.6111913,-0.0038030974,-0.025491728,0.642535,-0.021259392,1.1624405,1.0092378,-0.050333537,-0.075636774,-0.18503399,-0.18928947,0.28514954,0.11675428,-0.075048976,0.8586853,-0.03987785,0.3062625,1.1314497,-0.017732833,0.9518033,1.2284832,-0.013258273
TCGA-AB-2808,-0.00021904222,-0.025864584,-0.115405045,0.48620802,0.24988632,-0.016570097,0.08293662,0.11273973,0.087565996,-0.04049034,-0.0016871266,-0.11310853,0.3626096,0.78597486,0.13960485,-0.023125881,-0.052391507,0.2368289,0.6650977,0.50244755,-0.0007928798,0.14704639,2.1388435,-0.0913445,0.24418105,0.15944211,0.43433887,-0.0069978125,-0.07709835,-0.015713617,0.3392063,0.42620045,-0.034409977,2.0348196,0.27130252,0.28129414,-0.08461272,-0.061545204,0.20313951,-0.023640355,0.35477322,0.80569386,2.4848795,-0.014189728,-0.03637702,0.35629365,-0.011931127,0.98483664,1.0949465,-0.0421115,-0.07167425,-0.1773173,-0.17327164,0.31746012,-0.011871888,-0.074639514,0.50736445,-0.036567956,0.6125759,1.036029,-0.011000427,1.2689697,1.3893216,-0.0075611845
TCGA-AB-2810,-0.012966953,-0.037422094,-0.109090365,-0.00021031723,0.23217545,0.0017793868,-0.008195075,0.02654941,0.0017490992,-0.03961091,-0.0022446937,-0.10095973,0.44983163,0.91957027,0.015215356,-0.031255804,-0.047221743,0.096278265,0.814709,-0.0016722737,0.028916014,0.07479324,1.858472,-0.0866163,0.26889926,0.60181123,0.23113504,0.052229006,-0.03565907,-0.003612176,0.2949705,0.40502587,-0.027417913,1.8202198,-0.0143385595,0.086501464,-0.07067581,-0.06351219,-0.009353545,0.4965814,0.27063122,0.34396616,2.1828964,-0.011135227,-0.03144899,0.3339174,-0.008278205,0.7543344,1.1558985,-0.04465134,-0.05749489,-0.15596029,-0.14644936,0.4694547,0.19948043,-0.052878298,0.36933953,-0.013933075,-0.011517374,0.9663765,0.07996499,1.3275166,1.1177008,-0.026130218
TCGA-AB-2811,-0.0017482963,-0.025161931,-0.09233258,0.15027183,0.27759695,-0.011979013,-0.005307009,0.07821048,-0.03076368,-0.025166487,-0.0018103973,-0.039799403,0.5102633,1.442399,-0.017817395,0.00045342557,-0.014860662,-0.0021283801,1.0328305,-0.018733006,0.08831221,0.07917963,1.2878221,-0.043704595,0.45916587,1.3162746,-0.015550554,0.025655052,-0.026623392,0.3292619,0.7667199,0.59474736,-0.021918483,1.51155,-0.016314227,-0.005513593,-0.07454536,-0.045900427,-0.028757304,0.46242628,-0.010981641,-0.003109079,1.7288845,-0.010900728,-0.06306594,-0.024575925,0.0069775954,0.62243617,0.7317058,-0.027273048,-0.024638606,-0.10340132,-0.090078466,0.56786895,-0.01111976,-0.022981921,-0.038749315,-0.019168785,0.03960949,0.8241957,-0.018234683,1.303119,0.99153394,-0.014807082
TCGA-AB-2812,-0.007879679,-0.030860966,-0.102840126,0.27405855,0.19542144,-0.0061776936,0.09405944,0.15558408,0.24221762,-0.034278885,-0.0015286912,-0.11580246,0.20624638,0.7056378,0.29725182,-0.024894685,-0.03996859,0.18478474,0.6349936,0.4368648,0.07861771,0.26265323,2.013006,-0.08765205,-0.010476373,0.049165837,0.35860717,0.0985221,-0.05529762,-0.021795198,0.08184603,0.47090426,-0.025977312,1.7879992,0.012127658,0.3499097,-0.07418578,-0.060585123,0.052678093,-0.007008038,0.3447886,0.78946817,2.3242228,-0.02353581,-0.04960391,0.5091233,-0.0090903975,0.9403804,1.0505288,-0.036543068,-0.07748646,-0.15979132,-0.16926132,0.2077105,0.045829836,-0.06591683,0.45062387,-0.025259757,0.29595056,1.129548,-0.00038103983,1.4140365,1.3395174,-0.009683924
TCGA-AB-2813,-0.003088655,-0.014480106,-0.08503848,0.07995407,0.2804654,-0.003948285,0.39749444,0.37585875,0.2924576,0.031949747,0.04281874,-0.049181964,0.3042537,1.2427642,0.04816663,-0.010978124,-0.026116705,0.14537323,0.96625584,0.01817928,-0.002402206,0.19654807,1.6898369,-0.06589675,0.64581364,0.5344133,-0.0011338519,0.084652066,-0.027664466,0.24949467,0.21028544,0.59474874,-0.029171107,1.7390798,0.2977237,-0.003928407,-0.08465847,-0.04671238,0.07780991,-0.008680033,-0.004525514,0.40853634,1.986433,-0.0046200976,-0.06465309,0.12635478,-0.0030127051,0.8792545,0.987394,-0.029934967,-0.05151638,-0.13640237,-0.12541366,0.32283148,-0.0054870215,-0.04411308,-0.020685183,-0.03314085,0.315878,0.9685856,0.035237595,1.4646988,1.2941134,-0.013129908
TCGA-AB-2814,-0.018252324,-0.006635342,-0.09314296,0.1636822,0.30188423,-0.007613539,0.1930378,0.33985597,0.016594382,-0.026008938,-0.0076155174,-0.09244224,0.23121879,0.76045966,0.053786803,-0.018158915,-0.059069276,0.23637757,0.8359083,0.5517054,-0.0010138148,0.095772885,2.146867,-0.08683502,0.30977035,0.10453237,0.072228976,-0.00267813,-0.0524782,-0.016666953,0.024068158,0.6553788,-0.028758517,1.955399,0.20755742,0.22472034,-0.09123703,-0.049117167,0.085435554,-0.020740349,0.027917791,0.27034104,2.3654475,-0.009263794,-0.058250546,0.40890208,-0.01733462,0.9213754,0.9199159,-0.0500484,-0.08681099,-0.17832452,-0.15561567,0.29612496,-6.8387766e-05,-0.056913793,0.30831155,-0.049732115,0.6163262,1.1584433,0.046657205,1.3602176,1.3923608,-0.01765765
TCGA-AB-2815,-0.010331011,-0.0117528355,-0.093261525,0.17496644,0.3810268,-0.0053780125,0.41591477,0.17618854,0.06944154,-0.012799414,0.17068364,-0.087861605,0.40068787,1.0026534,-0.00438076,-0.021352,-0.038616963,0.09220836,0.93088955,0.038905434,-0.0077203303,0.100332454,1.8856634,-0.07696618,0.3682289,0.36912122,-0.0055990624,-0.0032274988,-0.05739643,-0.0045950897,0.2376083,0.3940539,-0.02665103,1.8244685,0.45168826,0.14825076,-0.08458522,-0.056348898,0.10032195,-0.016800199,0.3612594,0.67336154,2.2013419,-0.002214045,-0.047776368,0.2611233,-0.008774332,1.0481708,1.0287977,-0.028794406,-0.06653439,-0.13206151,-0.14405005,0.24086058,0.08031532,-0.048955537,0.21490435,-0.024670709,0.5296993,1.0285128,-0.018679852,1.267582,1.1401184,-0.0072868243
TCGA-AB-2817,-0.025291001,-0.017648317,-0.12940057,0.30152893,0.3267445,0.0046221856,0.28574708,0.40897718,0.01757932,-0.013769284,-0.010883984,-0.067732565,0.40880236,1.1790991,0.12430929,-0.015098649,-0.073062584,0.13539907,0.98007,0.038787648,-0.004798981,0.17735478,2.1120126,-0.08120839,0.42106086,0.3159747,0.16882199,-0.004068677,-0.047682103,-0.0094529865,0.22213371,0.6145336,-0.026142234,2.161502,0.39917985,0.24237435,-0.09869526,-0.057886004,0.20006652,-0.0057217996,0.080347344,0.05991658,2.6069887,0.010252582,-0.061219152,0.49956936,-0.01218825,1.0840182,1.0622108,-0.04240788,-0.08296435,-0.1580233,-0.17681076,0.5583734,0.046220098,-0.058563422,0.12387855,-0.042073686,0.27292687,0.99557406,-0.018256484,1.6078159,1.4510468,-0.014351633
TCGA-AB-2818,-0.009174583,-0.019485334,-0.10266327,0.2834799,0.34668022,-0.018846469,0.4946893,0.33575195,0.0255511,-0.025527716,-0.005165424,-0.099089116,0.39521217,1.2535791,0.12571087,-0.02073856,-0.055725764,0.18859899,1.0341613,0.4087948,-0.0026995954,0.28887713,2.1842542,-0.09343283,0.34429383,0.5009042,0.04957448,0.10198491,-0.06379874,-0.0026292806,0.06902114,0.5714109,-0.025598938,1.9558249,0.15454997,0.13100389,-0.08908549,-0.05570966,0.059194133,-0.011806355,0.116999805,0.63485014,2.487634,-0.027637873,-0.052823473,0.14552024,-0.010775692,1.0053853,1.146051,-0.038568906,-0.08150846,-0.17802276,-0.16797368,0.3994831,-0.0011644181,-0.052866984,0.20935188,-0.049554616,0.68447465,1.3665714,-0.011007621,1.54657,1.5261806,-0.010541022
TCGA-AB-2819,-0.0045455163,-0.023133809,-0.10636812,0.5843871,0.307975,-0.00036351438,-0.006605929,0.03187677,0.19846217,-0.031350892,0.13808165,-0.12383639,0.39637893,0.71123093,0.24595077,-0.036001988,-0.039457165,-0.010557567,0.9885415,0.1113312,-0.012228566,0.046024863,2.2346408,-0.08507634,0.13734691,0.1899696,0.37176386,0.24196342,-0.05738296,-0.011681023,0.14202403,0.21649882,-0.031020353,2.1699665,0.3560178,0.17637047,-0.06982482,-0.07125248,0.37262988,-0.024770701,0.3819484,0.88426155,2.2835598,-0.009313398,-0.044109263,0.3982882,-0.0130517995,0.9403241,1.013192,-0.040138658,-0.083707035,-0.16855238,-0.15567075,0.18028443,0.07760124,-0.07102604,0.55147964,-0.02510031,-0.012430652,1.0748302,-0.005609085,1.1175514,1.1869446,-0.009401165
TCGA-AB-2821,-0.008719583,-0.019250823,-0.13714667,0.14900538,0.23903067,0.003043197,0.023977919,0.39001477,0.10110877,-0.018948698,-0.007896593,-0.08060032,0.36221704,0.9310658,0.017681532,-0.01499126,-0.055541404,0.22163221,0.7555361,0.05629071,0.0600196,0.11489453,2.150282,-0.09964036,0.20628145,0.039119527,0.13094245,-0.017168142,-0.047636013,-0.0006438695,0.23277874,0.65863293,-0.0436368,2.0958505,0.12599829,0.24898563,-0.0925888,-0.052864123,0.09473616,0.012548938,0.24097854,0.26324174,2.501836,-0.00567406,-0.06027648,0.6393559,-0.014895263,1.0786287,1.2012362,-0.03923885,-0.07121139,-0.15805586,-0.18737793,0.48735955,0.08794661,-0.065319866,0.3607558,-0.050435156,0.710868,1.1744374,-0.008789717,1.4668531,1.5229609,-0.011698238
TCGA-AB-2822,-0.018802451,-0.0073738545,-0.14062431,0.38420275,0.3720445,0.0013790261,-0.0060594208,0.10978282,-0.00986157,-0.03379805,-0.013001531,-0.11858063,0.32382303,0.74721336,0.16536364,-0.02680868,-0.07520494,0.3445653,0.76736975,0.4742433,0.022151012,0.12834129,2.3957644,-0.106219366,0.17598332,0.24366875,0.102690406,-0.026367364,-0.0757822,-0.020025615,0.23000444,0.57371724,-0.04619329,2.3475003,0.26703122,0.1839669,-0.09853598,-0.06258748,0.20620294,0.05176258,0.28991705,0.34755537,2.6348133,-0.01821061,-0.03976861,1.0839208,-0.0040213726,1.1702205,1.1811485,-0.03884386,-0.08261108,-0.19066605,-0.19486639,0.5022608,0.10262826,-0.06940495,0.85792935,-0.059301805,0.7551589,1.3075078,-0.01385019,1.3995517,1.5182484,-0.015743643
TCGA-AB-2825,-0.003783023,-0.008236743,-0.10509082,0.070387095,0.3688841,-0.0049702576,0.47563383,0.3965465,0.0061021363,-0.000643951,-0.004969948,-0.04652106,0.3797841,1.5117106,-0.0066862367,-0.011706882,-0.027355118,0.18800208,1.108743,0.014267305,-0.0011810184,0.32708058,1.9190856,-0.08605542,0.601464,0.7799679,-0.020134727,0.2082899,-0.04148313,0.123862304,0.36931476,0.78979087,-0.030940821,1.8189641,0.20894566,0.0950669,-0.087457,-0.05060897,0.040035553,-0.021895349,-0.006685424,0.46040463,2.1877375,-0.008459099,-0.06790803,0.022245564,-0.019334331,0.96161157,1.0620801,-0.020192437,-0.07187002,-0.1387956,-0.14687437,0.36218703,-0.0013900243,-0.030075643,-0.02294636,-0.02866902,0.38305232,1.0586702,-0.012201378,1.6950963,1.384343,-0.007677606
TCGA-AB-2826,-0.004052024,-0.026079966,-0.09068285,-0.00040631238,0.31064498,-0.004271799,0.5396423,0.12453731,0.13870871,-0.014360057,-0.00074030925,-0.07983221,0.28703466,1.1976509,0.09370398,-0.02006872,-0.049399536,0.15275359,0.8797065,0.20021233,-0.015408757,0.20040303,1.9515623,-0.076749735,0.4691931,0.6408965,-0.0001982132,0.21352226,-0.044539142,-0.0055331164,0.12249836,0.47777814,-0.013488406,1.6390517,0.12925705,0.102717444,-0.07806318,-0.05213654,-0.0058795824,-0.00830765,0.14929117,0.7657606,2.0160658,-0.026027335,-0.048114058,0.042621806,-0.0007954507,0.8756654,1.0386648,-0.029354805,-0.07741036,-0.15155882,-0.15064277,0.29999137,0.045396008,-0.04780677,0.19580536,-0.028753906,0.21391493,1.0701561,-0.0046480154,1.4813322,1.2498409,-0.016231759
TCGA-AB-2828,-0.013999387,-0.01457981,-0.09527766,0.23173484,0.29075342,-0.0044464017,0.56226265,0.26134825,0.020665366,-0.007762175,0.12286763,-0.08656589,0.31981912,1.0399814,0.12990132,-0.022998748,-0.041923724,0.0941397,0.8753878,0.029936595,-0.0069634365,0.25347126,1.904607,-0.07697328,0.42553324,0.30485335,-0.0018463411,0.17997724,-0.056998532,-0.0021863081,0.20790365,0.37392953,-0.015507348,1.7052972,0.3862112,0.18488382,-0.07917837,-0.048809834,0.14388368,-0.022412812,0.3761149,0.7775029,2.192909,0.0054384843,-0.049845405,0.32391483,-0.013911948,1.1343318,0.9697456,-0.019909248,-0.07520465,-0.12899701,-0.14406084,0.30518076,-0.0016656186,-0.051975798,0.2546273,-0.02637927,0.5771429,0.95391417,-0.012471537,1.355063,1.2191278,-0.008763245
TCGA-AB-2830,-0.0155325625,-0.016891941,-0.14629403,0.1310269,0.35097355,-0.010148558,0.029457865,0.20983323,0.026938625,-0.019211702,-0.016042199,-0.08449207,0.41960588,1.1766436,0.004919476,-0.018547403,-0.044929143,0.26341283,1.0328877,0.11511672,0.078897506,-0.003217008,2.1158707,-0.083220296,0.17854458,0.57326204,0.05206442,0.09886936,-0.04595917,0.10512144,0.2866317,0.6447088,-0.035896324,2.1366653,0.10402956,0.11264305,-0.108153515,-0.04684442,0.11708635,0.02386534,0.11534579,0.25235957,2.5523212,-0.008978101,-0.054526687,0.24897243,-0.011433886,1.0533369,1.1333747,-0.043384682,-0.08258708,-0.17253847,-0.17045024,0.44026017,-0.009772624,-0.0734083,0.24056429,-0.03344957,0.35497785,1.187475,-0.005501426,1.6917531,1.4452301,-0.016392993
TCGA-AB-2834,-0.00043179095,-0.0147289205,-0.11278327,0.06153399,0.37326252,-0.013496855,0.21456228,0.20466338,0.25346044,-0.029015375,-0.000969965,-0.08777807,0.23423445,1.116818,0.06744932,-0.031827275,-0.04780916,0.14523321,0.8698052,0.36723372,-3.3038647e-05,0.25245833,2.0557246,-0.07925233,0.45512676,0.42502248,0.13757186,0.09272988,-0.05490091,-0.0023501834,0.07632524,0.595145,-0.026602982,1.9816568,0.25188246,0.1712363,-0.09462125,-0.08017974,0.05895903,-0.008163073,0.038923547,0.7559871,2.3399358,-0.009484024,-0.055358607,0.17656721,-0.017006392,1.0030131,1.008205,-0.026667451,-0.07562225,-0.15754578,-0.17572077,0.33598214,0.030776292,-0.051174175,0.18862471,-0.027959017,0.542495,1.0349112,-0.011050475,1.6093347,1.4695117,-0.012904435
TCGA-AB-2835,-0.0029303078,-0.02221451,-0.09858927,0.04186047,0.42044705,0.0015483331,0.31401375,0.1717257,-0.0026550961,-0.01566493,0.0446579,-0.04846721,0.42623347,1.6809609,0.023268767,-0.015534979,-0.020969078,0.08942948,1.057504,0.0130541865,0.024694014,0.11533772,1.7953764,-0.07363744,0.6581144,0.9010657,-0.013311214,0.1727659,-0.03846135,0.24215475,0.4679901,0.6113691,-0.022489792,1.7309681,0.024805078,-0.0034078744,-0.083217256,-0.054364968,-0.010401211,-0.014192293,-0.012486759,0.55300283,2.0109792,-0.0146469595,-0.06542963,-0.013993213,-0.014420196,0.786366,1.0621116,-0.030228967,-0.056979723,-0.13593493,-0.12630814,0.42094308,0.019426376,-0.036238547,-0.006599042,-0.028512422,0.29149666,1.024957,-0.012090712,1.6024013,1.2076195,-0.0077737123
TCGA-AB-2836,-0.0076905936,-0.015436033,-0.11579809,0.12841673,0.30583125,-0.009492404,0.5130732,0.29251122,-0.0027624771,-0.020746615,-0.0048680645,-0.07505523,0.32311478,1.2869356,0.0026079062,-0.006749216,-0.045033008,0.19804668,1.0392487,0.18178825,-0.010467135,0.27201623,1.950343,-0.079870425,0.37151974,0.57060313,-0.0050898413,0.062238995,-0.044789657,0.09828762,0.32666084,0.6808074,-0.02691341,1.8593128,0.14168015,0.14738314,-0.08995291,-0.045819238,0.015305422,-0.0046145655,0.012430344,0.20291702,2.3251116,-0.004119175,-0.049891584,0.10957862,-0.011513241,0.979276,1.0724232,-0.03620695,-0.06694205,-0.15333042,-0.15054443,0.44557288,0.032717913,-0.04484802,0.04340948,-0.039227232,0.4779607,1.1099395,-0.0078097912,1.6054937,1.4565933,-0.006962219
TCGA-AB-2839,-0.0006103907,-0.014896448,-0.116006754,0.34991366,0.4087249,-0.0018444473,0.13325365,0.10092536,0.12666039,-0.028974785,-0.014319168,-0.119097404,0.27400216,0.76452965,0.15783048,-0.026824458,-0.057702105,0.26928547,0.79152715,0.46537995,0.15034372,0.1383386,2.1938345,-0.09186228,0.08013435,0.16432324,0.17159832,-0.00063505,-0.060686767,-0.013998789,0.09200609,0.64169544,-0.026654914,1.9783354,0.17305422,0.27012604,-0.09921575,-0.057345834,0.07128959,-0.0049393205,0.3107775,0.40916827,2.4382043,-0.013987549,-0.047845755,0.48553053,-0.00892491,0.9981387,1.039809,-0.039505318,-0.092834644,-0.18059827,-0.1734126,0.28602841,0.0037250035,-0.05817641,0.46151772,-0.035566606,0.59250623,1.3016822,-0.0046563684,1.3512977,1.4276316,-0.019439645
TCGA-AB-2841,-0.01295197,-0.023769064,-0.16752298,0.4319303,-0.003773296,-0.02832535,-0.017612465,-0.021297049,0.96310437,-0.05272866,0.279908,-0.1094889,0.5231718,0.36281103,-0.0047288504,-0.005924755,-0.026701523,0.2553306,0.23707415,-0.014512248,0.0018820225,-0.015261973,2.32498,-0.12994304,0.50742465,-0.0034579427,0.7047162,-0.04277295,-0.0722833,0.40920553,0.16005915,0.24187638,-0.06242916,2.2701046,0.2390033,0.24158822,-0.13507257,-0.07251336,0.46802545,0.9543732,0.559818,0.2382637,2.8937616,-0.013200836,-0.037588768,-0.029991359,-0.008619202,1.1270137,1.2451572,-0.06457968,-0.057244737,-0.18966818,-0.24398254,0.56675947,0.14226536,-0.06785624,0.77598065,-0.012069091,-0.057814617,1.0941238,-0.029030895,1.0519011,1.002861,-0.01658396
TCGA-AB-2843,-0.01185468,-0.007409154,-0.113846436,0.0063529983,0.3980444,5.4033473e-05,0.114850536,0.43143582,-0.005633203,-0.014832702,0.002617877,-0.06090482,0.29844242,1.3996327,0.05820663,-0.00926189,-0.044684235,0.083513334,1.1462278,-0.0009832255,0.04752946,0.1567627,1.9868739,-0.070068136,0.5246805,0.62140536,-0.0067487853,0.23251067,-0.035415612,0.096513994,0.13767834,0.62947035,-0.030220319,2.0141702,0.21218094,0.053242367,-0.08649736,-0.05936418,0.26799428,-0.018111285,-0.009268417,0.29091963,2.3460417,-0.00090503524,-0.07049467,0.32101858,-0.016603172,1.0679553,1.0939023,-0.037443373,-0.07760797,-0.15286171,-0.15412542,0.43800452,-0.0004984446,-0.046113994,-0.0048104455,-0.04382887,0.50554526,1.0149277,-0.0125633,1.734448,1.3108181,-0.008185865
TCGA-AB-2844,-0.011955536,-0.01526061,-0.12267851,0.2549743,0.21281664,-0.010813102,-0.005910015,0.1536676,0.014437311,-0.03877163,-0.0018969135,-0.09768939,0.34638032,0.95063955,0.046622586,-0.032619532,-0.048906423,0.28165802,0.81565297,0.3159969,0.07671277,0.15355396,2.1191597,-0.09762416,0.17286086,0.2820766,0.26440158,-0.0068912837,-0.054136742,-0.0035133658,0.12273711,0.6027111,-0.034040596,2.147536,0.056416772,0.10002992,-0.09748157,-0.06497084,0.121989146,0.11068871,0.18541412,0.48502475,2.5172553,-0.007876555,-0.047185626,0.3600683,-0.013406858,0.9747527,1.1609782,-0.03988486,-0.07109641,-0.17571431,-0.17351274,0.5236774,0.10592322,-0.0581248,0.4363286,-0.03386986,0.3682909,1.2615983,-0.013887942,1.5438628,1.4964951,-0.01694943
TCGA-AB-2845,-0.00020241625,-0.01737857,-0.12704946,0.40038976,0.28319567,-0.01048027,-0.0062379986,0.10505821,-0.006615121,-0.034302093,-0.00054878386,-0.09012934,0.36767775,0.9167468,-0.005264577,-0.024468273,-0.044639107,0.28773862,0.8714587,0.34734064,0.05092643,0.10660852,2.076568,-0.09113451,0.29772705,0.41406783,0.07313029,-0.013476175,-0.058867957,-0.0005156599,0.27911052,0.59605026,-0.04203228,2.156852,0.25342354,0.07725552,-0.087388486,-0.049416184,0.16480207,-0.0102718435,0.26887244,0.32397947,2.4517097,-0.0016196579,-0.045240805,0.21861207,-0.009497173,0.9330139,1.1278882,-0.035687026,-0.07615285,-0.173848,-0.16317995,0.36377814,0.11740348,-0.05419762,0.42427823,-0.02970773,0.5600411,1.1480358,-0.0046249987,1.3216105,1.2376752,-0.011910575
TCGA-AB-2846,-0.007853446,-0.021781376,-0.12727582,0.21107125,0.23725036,-0.0022909234,0.2116895,0.21947917,0.17488696,-0.015050517,0.004924074,-0.093562685,0.46818158,0.8678066,-0.0013235526,-0.027702093,-0.04690702,0.14649928,0.8295092,-0.0069543407,-0.0038378339,-0.00031136192,2.0751166,-0.09025048,0.34630346,0.16038477,0.12449727,-0.005857385,-0.063501894,0.0013656914,0.3313123,0.43586767,-0.025683442,2.0892963,0.5071324,0.16835175,-0.09977213,-0.054979254,0.11460085,-0.008676427,0.47222406,0.53957105,2.5422075,-0.012722096,-0.052602448,0.43896347,-0.007355948,1.1657106,1.1421673,-0.038965296,-0.06574057,-0.14337617,-0.16201745,0.36622274,0.12578766,-0.068644226,0.34424537,-0.016787801,0.38847765,1.1482222,-0.015722876,1.3706667,1.2999909,-0.0026176844
TCGA-AB-2847,-0.025186418,-0.021652466,-0.151448,0.24856663,0.31781054,-0.01954679,-0.00067001005,0.09895455,0.06394374,-0.031884238,-0.0010369559,-0.10322481,0.39553228,0.75676686,0.12504306,-0.016937694,-0.05425473,0.14047828,1.064324,-0.011026839,-0.004788471,0.04451766,2.5197306,-0.10607938,0.5759406,0.11932869,0.2055477,-0.0107812015,-0.061291616,-0.0120036155,-0.00035682917,0.42371005,-0.027985457,2.2377806,0.24650502,0.29247832,-0.119822875,-0.0683625,0.25183493,0.14905107,0.17486142,0.038293697,2.7550976,-0.010626129,-0.05379931,0.6120424,-0.016587881,1.2296467,1.2551773,-0.05983169,-0.10282611,-0.17870374,-0.18289092,0.34524,0.2151281,-0.07526555,0.3590824,-0.033841997,0.12709846,1.1346607,-0.005592335,1.2669475,1.5508078,-0.014420551
TCGA-AB-2849,-0.031193728,-0.028993431,-0.17995016,0.17633653,0.0990811,-0.023534374,0.15608713,-0.007358905,0.32895464,-0.040531214,-0.02156186,-0.16951776,0.21810953,0.25188822,0.3785795,-0.039125346,-0.119462624,0.48928317,0.88767415,0.4434357,-0.0039162203,0.08255386,3.0870676,-0.1219525,0.70194435,-0.07263888,0.8398979,-0.03312444,-0.10460565,-0.047934767,-0.029589424,0.44847426,-0.04695285,2.4973428,0.6585777,0.7158878,-0.14611857,-0.061616953,0.404819,0.52368116,0.03422531,0.24906132,3.3101895,-0.028374976,-0.025651563,2.303167,-0.02698046,1.5645859,1.4252094,-0.06793129,-0.13389209,-0.2259446,-0.26644507,0.14495364,0.026113112,-0.111950554,0.7739286,-0.025315097,0.9704775,1.1372083,-0.012732932,0.9146869,2.0035377,-0.017925916
TCGA-AB-2851,-0.004980085,-0.007273571,-0.10683473,0.17669794,0.3519776,-0.005821969,0.5404886,0.41941378,-0.006480188,-0.010052517,-0.009656093,-0.060429342,0.44842646,1.4435258,-0.00851812,-0.0039806203,-0.037739314,0.21352413,1.1164204,0.08816208,-0.009746797,0.20790732,1.9538652,-0.07861537,0.543166,0.7262271,-0.020578215,0.14587498,-0.040611293,0.29502094,0.36974698,0.74859625,-0.02457095,1.8844712,0.1414729,0.099940225,-0.096403345,-0.037593067,-0.0034804053,-0.00895513,-0.00904814,0.20959857,2.3772256,-0.009378414,-0.06622511,-0.00168331,-0.0065921345,1.0136107,1.0826141,-0.038267605,-0.064755134,-0.14512947,-0.14503185,0.4572022,0.050688017,-0.0365729,-0.017734341,-0.031578764,0.4456781,1.1847339,-0.009280062,1.7473398,1.4367204,-0.009181387
TCGA-AB-2853,-0.008323925,-0.015813362,-0.08507102,0.14638214,0.31041253,-0.010942346,0.107970715,0.03890737,0.06502527,-0.027714735,-0.01330207,-0.11174255,0.36744064,0.9273181,0.14104629,-0.029691402,-0.04637014,0.21731701,0.89835554,0.41829956,0.03400097,0.15856893,1.9817016,-0.086220846,-7.848442e-06,0.32874838,0.0959552,0.060303863,-0.062234994,-0.012854867,0.020961571,0.54072344,-0.026487669,1.8310626,0.07256321,0.08816262,-0.07945668,-0.062379356,0.04352767,-0.01774579,0.1676982,0.7697617,2.1926258,-0.013579677,-0.046151903,0.32106733,-0.0043519163,0.788658,0.9340918,-0.030384813,-0.06316041,-0.16573402,-0.14772117,0.22418368,0.09724353,-0.055565674,0.3731833,-0.039424937,0.46220288,1.180277,-0.0037880975,1.2037722,1.3239352,-0.0055815456
TCGA-AB-2856,-0.008774402,-0.010521109,-0.10812686,0.104720265,0.2983532,-0.009038839,0.040467456,0.08066559,-0.00938541,-0.03158964,0.018545154,-0.056793015,0.4728408,1.5635006,-0.008108112,-0.014622566,-0.020306887,0.08640354,1.2905405,0.049173504,-0.0059332675,0.06778541,1.9504327,-0.07201903,0.6229526,1.0803993,-0.012280422,0.21009105,-0.03271831,0.21575004,0.34873953,0.69007766,-0.026780983,2.0443404,-0.004416834,-0.012941982,-0.08779586,-0.05370195,0.056817718,-0.0027373978,-0.015187102,0.31404325,2.182695,-0.008706442,-0.06260797,-0.028293673,-0.009995803,0.78626317,1.0256833,-0.040329453,-0.062329978,-0.15084393,-0.13573264,0.4328698,0.106101856,-0.04459521,-0.006831231,-0.019792257,-0.0033202544,1.2036262,-0.015278366,1.5538847,1.2648295,-0.0031136514
TCGA-AB-2857,-0.009827341,-0.013559644,-0.11302085,-0.0038809218,0.38337183,0.034159392,0.12772459,0.17197917,0.23375368,-0.031184018,-0.019504465,-0.077295214,0.25870815,1.1079762,0.16389707,-0.028220698,-0.04024863,0.118155114,1.0289977,0.20681345,0.1282591,0.095275916,2.0318928,-0.08400675,0.3750069,0.35712564,0.26085076,-0.007001271,-0.052614845,-0.01641049,0.106126964,0.5029319,-0.029639358,1.916128,0.19697374,0.11556268,-0.09475112,-0.06344708,-0.003097358,-0.0038258862,0.015814941,0.41010728,2.2243974,-0.020104276,-0.053387124,0.4472335,-0.015304915,0.88905764,1.0595208,-0.051669955,-0.0679973,-0.15021658,-0.15142913,0.27950573,0.0738316,-0.04750785,0.238553,-0.04019184,0.11776887,0.9803583,-0.0019236691,1.3570583,1.2853371,-0.0038690951
TCGA-AB-2858,-0.025671706,-0.021974465,-0.12494415,0.8223575,0.19958729,-0.01888234,-0.008976394,-0.0010143676,-0.012169088,-0.036081698,-0.003955044,-0.12989771,0.35259965,0.7568318,0.076038934,-0.03278399,-0.05256734,0.1955755,0.9147411,0.16667907,-0.012950099,0.12076072,2.35849,-0.10105171,0.38555723,0.10169171,0.42992288,-0.0042731217,-0.06666145,-0.0010169782,0.111865655,0.3165827,-0.038429823,2.3379502,0.36137065,0.31242716,-0.1144702,-0.07090811,0.5351277,0.12338457,0.33861083,0.36188117,2.569006,-0.0118530085,-0.036106464,0.7996508,-0.012888523,1.0843958,1.1316497,-0.04484623,-0.082988046,-0.18801573,-0.18526205,0.46237865,0.1507418,-0.053225655,0.7066155,-0.036477335,0.111310974,1.18602,-0.01983435,1.2534528,1.3570255,-0.019765547
TCGA-AB-2862,-0.03191666,-0.03682561,-0.28679818,0.5900322,-0.018405719,-0.022026306,-0.03434982,-0.02973927,1.3385881,-0.0613915,0.00446059,-0.20077561,0.45894882,-0.034179505,-0.00032341454,-0.03541684,-0.11344279,0.36920956,0.12082177,-0.0023758735,-0.014381233,-0.059238076,3.4443932,-0.1770398,0.24304946,-0.058486607,0.9643504,-0.06632229,-0.09413229,-0.0026166744,0.006125875,0.34381133,-0.094525926,3.3438754,0.86485416,0.5305242,-0.18100207,-0.111495376,0.5249735,1.0931969,0.81904984,0.007553779,4.1017833,-0.009298689,-0.025168136,-0.0050975466,-0.0033873995,1.4983966,1.863165,-0.119263306,-0.09110249,-0.30264312,-0.3500974,0.56682277,0.1433666,-0.13104059,1.4835275,-0.009181923,-0.095939524,1.5737123,-0.029928153,1.382594,1.6435269,-0.033088233
TCGA-AB-2863,-0.0050994544,-0.026253978,-0.10090494,-0.005349015,0.18039986,-0.0078368215,0.021674877,0.067662716,0.36383042,-0.022392506,-0.001822749,-0.10514082,0.4244584,0.76031494,0.18577814,-0.027536405,-0.046328668,0.25242907,0.646896,0.19182679,0.12113134,0.11801759,2.1037657,-0.08469152,0.05232939,0.07329914,0.23622927,-0.0043578646,-0.06760911,-0.019788796,0.20763317,0.41165784,-0.037558418,1.9351318,0.21827641,0.099204585,-0.08460625,-0.06346729,0.156156,-0.004120652,0.26388824,0.7412574,2.2494686,-0.010442555,-0.046785858,0.70676935,-0.014402944,0.9167636,1.0131603,-0.032177802,-0.058556914,-0.15087299,-0.1690233,0.25232527,0.05033673,-0.068873815,0.5404272,-0.038158707,0.46374726,0.97339463,-0.009517874,1.2034373,1.3242816,-0.010958086
TCGA-AB-2866,-0.024346141,-0.008999906,-0.11943706,0.24710417,0.35493958,-0.00144057,0.43640336,0.43041873,-0.010973911,-0.013587807,0.23076594,-0.07164725,0.42059198,1.4760532,0.04700372,-0.001624111,-0.032053694,0.24585298,1.122855,-0.00083334575,-0.008676003,0.24758407,2.1087673,-0.08657079,0.61951363,0.8026698,-0.0081744185,0.17544356,-0.04562157,0.124676,0.34439483,0.8349055,-0.02242039,2.1561975,0.17972864,0.12620322,-0.08517561,-0.053792715,0.08336479,-0.004113323,0.0693907,0.38599738,2.586946,-0.00038363086,-0.05731746,0.045538213,-0.010770086,1.0816339,1.1207688,-0.032617416,-0.081896745,-0.15344803,-0.16038129,0.5654763,-0.011573558,-0.046775464,-0.00054335454,-0.031569224,0.32191506,1.1162093,-0.010594434,1.7885857,1.4622953,-0.010784625
TCGA-AB-2867,-0.007514344,-0.01689763,-0.114771724,0.2780167,0.3297752,-0.001477437,0.16816199,0.23146486,0.005816919,-0.02954424,0.009472029,-0.08524998,0.45637518,0.85818976,0.16674314,-0.021870991,-0.045306098,0.0548205,0.715774,0.26775265,0.06312889,0.13601118,1.9879923,-0.083437435,0.2682699,0.38026044,0.1849746,0.1255728,-0.065523915,-0.01960346,0.40463874,0.42283493,-0.035197195,1.8751704,0.28550744,0.21428473,-0.07361266,-0.05433475,0.0626764,-0.020442061,0.39115798,0.61973476,2.291733,-0.01581177,-0.056375008,0.5099911,-0.008662763,0.99780816,1.0512204,-0.037204858,-0.068036586,-0.16293912,-0.1548923,0.35116884,0.08551298,-0.075684555,0.3467217,-0.036842365,0.8658086,0.97568077,-0.01379656,1.4303584,1.3843253,-0.0128287105
TCGA-AB-2869,-0.021146704,-0.021815142,-0.16965443,0.14419256,0.2308966,-0.021615138,-0.006351045,-0.009385757,0.053949654,-0.03738907,-0.010659352,-0.14503078,0.32029098,0.95523983,0.0017323522,-0.034103118,-0.059725266,0.41504502,0.8520364,0.43286017,-0.00032565685,0.10829993,2.66172,-0.12040011,-0.0038439878,0.23572473,0.2287435,-0.0027195788,-0.064619325,-0.0023811613,-0.00024988689,0.7378738,-0.03877759,2.426568,0.10298716,0.3818302,-0.12413529,-0.049466003,0.02781123,0.09606957,0.33843672,0.3473707,3.1755402,-0.020379018,-0.044179313,0.5444323,-0.0019561753,1.2259958,1.3810006,-0.058031857,-0.11064849,-0.22369735,-0.22322603,0.46764332,0.18381588,-0.0684302,0.56512874,-0.040781412,0.35806152,1.6049645,-0.007837631,1.7169746,1.7909567,-0.004655696
TCGA-AB-2870,-0.018371586,-0.013972647,-0.12853824,0.29631293,0.40375787,-0.005222907,0.18821152,0.23908712,0.021559276,-0.014347451,0.12667063,-0.08367136,0.42167524,1.0919147,-0.007743252,-0.0159966,-0.04532516,0.24712661,1.0610874,0.07055556,-0.0050838073,0.034544323,2.1096408,-0.089295976,0.4286499,0.40479824,-0.01603303,-0.0047247685,-0.06463445,0.07877038,0.24663939,0.62132835,-0.03048571,2.1700609,0.3317993,0.17198922,-0.10576768,-0.056304958,0.23199384,-0.0054710037,0.31899762,0.29369438,2.5744376,-8.1022925e-05,-0.051285148,0.3108086,-0.007159566,1.1798486,1.1531106,-0.039939146,-0.081776164,-0.14951986,-0.16687235,0.4908721,0.01646137,-0.051756587,0.24504775,-0.031749193,0.5450437,1.1860313,-0.016141262,1.4311882,1.3582731,-0.011720936
TCGA-AB-2871,-0.035479758,-0.011117722,-0.14791061,0.3665791,0.28828758,-0.00924489,-0.004302427,0.2698054,-0.008267144,-0.028515324,-0.03099354,-0.1237034,0.30419832,0.933921,0.08613723,-0.023867114,-0.07860576,0.26116768,0.924651,0.33379582,-0.007303767,0.07132227,2.5597472,-0.114757076,0.07825929,0.05470109,0.1860416,-0.011720265,-0.06683824,-0.008205186,0.09365742,0.7529029,-0.038267724,2.5031276,0.12591085,0.25221637,-0.12530749,-0.059686195,0.25437063,0.16193369,0.16066186,0.021153875,3.0645335,-0.018441638,-0.056565683,0.74702275,-0.005656454,1.1657237,1.3163695,-0.06446425,-0.095402904,-0.21711421,-0.21216059,0.5886952,0.02457412,-0.0709395,0.51920503,-0.06836024,0.40723872,1.4709976,-0.010006778,1.6678737,1.7543496,-0.014864917
TCGA-AB-2872,-0.029591037,-0.05104631,-0.25033477,1.8768636,-0.024616938,-0.012356213,-0.017467253,-0.0024489951,1.0560371,-0.05479641,-0.010882768,-0.099013016,-0.0033526884,-0.009569935,0.28613153,-0.064884506,-0.07677122,0.1940867,-0.014062757,0.49028084,0.7439084,-0.025409354,3.0552819,-0.17884691,0.46226192,-0.090383895,1.7437118,-0.08746668,-0.11195927,-0.013041884,0.13000652,0.54294735,-0.054346245,3.016468,-0.0015176518,0.6816433,-0.16002679,-0.11845919,-0.003426479,0.4694721,0.7657247,0.26658657,4.1764636,-0.0219099,-0.06883398,0.36893892,-0.007811289,1.645507,1.5253253,-0.10705205,-0.10421481,-0.26753697,-0.35280046,0.7133236,-0.015123347,-0.1280319,0.99344563,-0.03421519,-0.02411211,1.1127833,-0.014452762,1.2563365,2.00809,-0.0057560983
TCGA-AB-2873,-0.003804824,-0.016660018,-0.10419953,0.021312624,0.25203156,-0.0010843007,0.58189356,0.4637597,0.04054698,-0.0031535737,-0.003978026,-0.04825472,0.2652059,1.300803,0.060818575,-0.011955545,-0.038310688,0.14891762,0.9457353,-0.005285927,0.079684325,0.21754985,1.6283736,-0.06896809,0.5227559,0.63449943,0.08928802,0.21207915,-0.04072183,0.0793571,0.46310058,0.68612653,-0.023064477,1.5950078,0.1448433,0.1783483,-0.071672454,-0.04164152,0.0094867945,-0.009140826,0.053842813,0.33154726,1.9622315,-0.017664855,-0.059886392,0.110549845,-0.014598909,0.93397146,0.9913639,-0.036893126,-0.06254431,-0.119336806,-0.12794705,0.37255734,0.055489533,-0.043148946,-0.011300935,-0.024915308,0.3948329,0.8969974,-0.016384756,1.5707606,1.2209975,-0.0024113716
TCGA-AB-2874,-0.005486063,-0.029028872,-0.14568286,0.5580658,0.24844226,-0.0115619125,0.003482459,0.32230318,0.20928143,-0.020280894,-0.011870517,-0.102077164,0.37805232,0.74314684,0.17027897,-0.017560115,-0.048566308,0.15503019,0.61167777,0.1770944,0.17034909,0.07025889,2.3747694,-0.09419786,0.22826628,0.07782616,0.5931438,-0.03597101,-0.0608567,-0.00794343,0.49880472,0.45744038,-0.034055557,2.4553542,0.4618719,0.23469119,-0.100126766,-0.07739466,0.17557408,-0.010243596,0.53762275,0.5322685,2.8132544,-0.008277499,-0.047229126,0.27327472,-0.021975204,1.1758727,1.148182,-0.056084838,-0.05594958,-0.17151822,-0.20482261,0.5266292,0.10458155,-0.08111525,0.7573466,-0.033535432,0.33397996,1.1327629,-0.00023244657,1.4176767,1.3079846,-0.016720423
TCGA-AB-2875,-0.020879922,-0.020171309,-0.14185667,1.0173012,0.20510928,-0.024187248,-0.024248369,0.018634826,-0.0039929627,-0.026921583,0.1365304,-0.13219129,0.5606689,0.6614914,0.10032065,-0.032783065,-0.048838217,0.18320939,0.89481246,-0.0048775175,-0.019308353,0.062853955,2.401896,-0.123223364,0.2887789,-0.019544682,0.30158305,-0.024543894,-0.07831668,0.23342967,0.18493037,0.2427609,-0.04011504,2.4631994,0.466386,0.2523373,-0.11532261,-0.064044505,0.6353798,-0.0018858943,0.5236818,0.29321083,2.862492,-0.005863814,-0.04433389,0.69249916,-0.011838174,1.3274366,1.2216517,-0.062161636,-0.09516566,-0.18882577,-0.19896452,0.3481763,0.14237845,-0.063723184,0.7081888,-0.040299278,-0.0016576843,1.3793508,-0.024814915,1.1740525,1.3203504,-0.014960355
TCGA-AB-2876,-0.00045103283,-0.015780581,-0.112015545,0.52414304,0.29056245,-0.0125710685,0.07993242,0.15227978,-0.010402045,-0.03285661,-0.011538903,-0.11829863,0.42027515,0.5582157,0.05345122,-0.021985967,-0.040234495,0.18737423,0.6845872,0.40211225,-0.008413189,0.13543248,2.242179,-0.09593737,0.1135322,0.21855722,0.16449423,-0.014783603,-0.06774987,-0.00601127,0.38357407,0.3575925,-0.03978474,2.016703,0.41506273,0.14663823,-0.08343222,-0.056443956,0.025109451,-0.031635266,0.53665394,0.857415,2.4119332,-7.247199e-05,-0.032592833,0.27869624,-0.01161519,0.9925044,0.99267244,-0.026927581,-0.06336402,-0.17924713,-0.16561125,0.18037659,0.07222812,-0.059531607,0.6307143,-0.03474326,0.9637987,1.1780149,-0.009970814,1.1338186,1.2455585,-0.013702466
TCGA-AB-2877,-0.029689187,-0.055386912,-0.19183458,0.22939351,0.055899672,-0.02211536,-0.008727024,-0.0069294544,0.045354206,-0.06302973,-0.0249892,-0.19090563,0.4149032,0.4543206,0.072420105,-0.044092815,-0.092498295,0.63366276,0.6736743,0.13582382,0.15686738,0.43705958,2.9550521,-0.16229986,-0.016488818,-0.03711288,0.82179046,-0.042812552,-0.08887037,-0.009344677,-0.0062898397,0.40663168,-0.047089815,2.8059788,-0.003504014,0.29902413,-0.12995176,-0.09396948,0.25814223,1.1110512,0.73931473,0.41764712,3.574676,-0.036166675,-0.024071433,1.4088081,-0.0021033909,1.6579944,1.8019755,-0.07645434,-0.12148978,-0.24644156,-0.2862978,0.8325672,0.16021791,-0.09772865,0.92641735,-0.041718025,-0.017353034,1.4902626,-0.017719466,1.8952526,1.9513935,-0.011314779
TCGA-AB-2878,-0.0034500633,-0.03044532,-0.09376531,-0.0026737421,0.35923874,-0.007481321,0.11305393,0.027719334,0.26661932,-0.025664914,-0.010024714,-0.07419469,0.29103392,0.81919056,0.19513814,-0.032329265,-0.040560737,0.14585674,0.8542568,0.2133548,-0.0004336411,0.019314807,1.9177792,-0.07229707,0.1830152,0.2121407,0.20734572,0.13767278,-0.0484466,-0.018030742,0.011050519,0.38757008,-0.022410061,1.6964245,0.16677536,0.06948029,-0.07945669,-0.054114144,-0.0013882079,-0.014543734,0.041475583,0.65453136,1.9046687,-0.011941656,-0.04497847,0.39156923,-0.010248941,0.77399284,0.9261405,-0.037886392,-0.066528074,-0.15100662,-0.13833736,0.235661,0.100229844,-0.054112382,0.2540343,-0.018336877,0.008193234,0.9014232,-0.005590821,1.1120594,1.1610966,-0.011882338
TCGA-AB-2880,-0.00090050366,-0.017589169,-0.12977575,0.39411288,0.33580738,-0.012225765,0.006764369,0.08410416,0.004468647,-0.024538074,-0.0015324518,-0.09126364,0.41088086,1.0136242,-0.00046715076,-0.020515665,-0.03153216,0.2576295,0.8709342,0.21301338,0.0715477,0.089219086,2.1137135,-0.099866994,0.26334828,0.4410628,0.18650052,-0.0074433573,-0.06369818,0.053072512,0.51476103,0.49420524,-0.04037896,2.1013377,0.3069582,0.17934147,-0.09669452,-0.04636788,0.046103463,-0.010982002,0.38430643,0.3062627,2.5699046,0.009388564,-0.0465845,0.26338294,-0.011591489,1.0179349,1.1969256,-0.03133334,-0.06239143,-0.1676478,-0.17328501,0.3729253,0.012780298,-0.056175616,0.38303804,-0.043525558,0.79920644,1.1440798,-0.016276889,1.4981701,1.3281455,-0.0039324444
TCGA-AB-2881,-0.01921031,-0.017619738,-0.12827761,0.36858094,0.33560002,-0.006407158,0.11195634,0.12971912,-0.003486837,-0.016187273,0.0677771,-0.10300269,0.5336768,0.9928639,-0.0032407537,-0.015913323,-0.05023522,0.11883686,0.9849894,0.033778004,-0.012000359,-0.0009847473,2.2171943,-0.09639857,0.29042977,0.26786157,-0.0017046357,-0.009380645,-0.077922486,-0.00015213677,0.32840568,0.4892388,-0.026709173,2.2227178,0.5450687,0.21071027,-0.10250973,-0.05898878,0.13039464,-0.008360468,0.5219444,0.44251877,2.6280882,-0.007880786,-0.04969601,0.48025173,-0.008707966,1.1271839,1.1788598,-0.0430769,-0.07661211,-0.1609828,-0.16439267,0.47807798,0.11624654,-0.06642594,0.4078789,-0.023291746,0.54133993,1.2622356,-0.023059633,1.4122523,1.3405759,-0.0072965906
TCGA-AB-2882,-0.014699957,-0.009551161,-0.12995577,0.37218025,0.30304986,-0.01216971,0.06904044,0.27204973,-0.0021323748,-0.014023407,-0.0063057393,-0.09155821,0.3712796,0.9149595,0.09295534,-0.009566954,-0.052624535,0.16956565,0.9163697,0.11642761,-0.0009140687,0.17604254,2.1727824,-0.08403631,0.30245936,0.24193607,0.07885931,-0.03064022,-0.05924372,-0.0009699717,0.21918254,0.5806056,-0.02844569,2.0828426,0.2907097,0.26889372,-0.11143147,-0.05835689,0.2600386,0.057189006,0.10887684,-0.0036215656,2.5774295,-0.018635653,-0.048570566,0.27757552,-0.019440612,1.0564078,1.0718101,-0.06396007,-0.0734269,-0.1730216,-0.18045396,0.5501173,0.055423725,-0.06354405,0.42604226,-0.04908241,0.46379334,1.1658379,-0.0041792123,1.3978539,1.3396578,-0.00815853
TCGA-AB-2883,-0.04828689,-0.009746551,-0.13115667,0.44271544,0.05426477,-0.010108104,0.054471433,0.019305054,0.0064231986,-0.00089853193,-0.001084297,-0.09345385,-0.0035077266,0.9548182,0.23527426,-0.04941772,-0.09185004,0.22009662,0.6353654,0.42225862,-0.0030186789,0.07410077,2.3121727,-0.06689542,0.7129478,-0.01066854,0.7480878,-0.009901633,-0.07705777,-0.026545802,-0.025985334,0.60815156,-0.019121269,2.300945,0.3234024,0.10056771,-0.103990845,-0.05218015,0.37603164,0.24876723,0.13493982,0.45700386,2.7057312,-0.022494705,-0.05298869,0.69879484,-0.010130953,1.0052088,1.0735569,-0.052574813,-0.1191134,-0.18896303,-0.1785047,0.35178906,-0.031325236,-0.064380065,0.5459011,-0.035437156,0.10604357,1.1309158,-0.0182068,1.1087987,1.2910215,-0.019093156
TCGA-AB-2884,-0.00781724,-0.019962462,-0.119763814,0.15345295,0.34577525,-0.020429451,0.21479522,0.29094473,-0.009671691,-0.015038199,0.031878162,-0.08305817,0.38457018,1.2894726,0.048763733,-0.015374015,-0.058244642,0.2802947,1.0199205,0.20471007,0.07653217,0.18917078,2.0214016,-0.09057201,0.40793014,0.5851949,0.07501851,0.100196615,-0.04991989,0.07349677,0.2779112,0.7258374,-0.030740542,2.080368,0.017153865,0.074729815,-0.10058321,-0.054569226,0.12799479,-0.0033632324,0.07091434,0.33285007,2.4346335,-0.018377148,-0.060469236,0.2503034,-0.014331169,1.0115906,1.0931636,-0.041307937,-0.079440966,-0.16854434,-0.16627042,0.48710284,0.024853129,-0.04263918,0.16159762,-0.03720041,0.4867193,1.2830368,-0.010536856,1.614114,1.495348,-0.007994962
TCGA-AB-2885,-0.010361629,-0.019228248,-0.13802688,0.25855106,0.45110047,-0.009006286,0.30567664,0.35471234,0.092960685,-0.023773251,-0.005556232,-0.067619525,0.28169197,1.0803721,0.1887365,-0.009533342,-0.06809055,0.15664983,1.276692,-0.0021688386,-0.00048586747,0.08572957,2.3056948,-0.08011506,0.4504525,0.3787616,-0.00712995,0.09525318,-0.05788069,0.13777354,0.18756384,0.61098576,-0.029723916,2.0743961,0.31051144,0.22072963,-0.09491353,-0.059164878,0.2690941,-0.011753819,0.04512997,-0.007891274,2.756979,-0.010570074,-0.058287878,0.5177727,-0.00871592,1.3294109,1.1978174,-0.050089624,-0.087755315,-0.18151341,-0.17238593,0.5427817,-0.0016076673,-0.06040427,0.023743648,-0.05569906,0.38761577,1.1440514,-0.0022545417,1.581335,1.493385,-0.016168931
TCGA-AB-2886,-0.034295794,-0.01775813,-0.15934998,1.7535893,0.3035289,-0.0328571,-0.026178962,0.054424472,-0.011018915,-0.042084135,0.3297618,-0.17296503,0.48604456,0.45287332,0.29425386,-0.028086368,-0.057020035,0.037954472,0.9368381,-0.0028103355,-0.022186134,-0.007339135,2.7543128,-0.13954766,0.39072502,-0.04344449,0.55203193,-0.02093054,-0.11150067,-0.0005803615,0.044294808,0.32819024,-0.0701083,2.8746667,0.5604438,0.3133075,-0.116574384,-0.08613958,0.8117294,0.077323414,0.5496518,0.14663766,3.2748442,-0.002902353,-0.02830385,0.8303138,-0.013394514,1.5353659,1.3491263,-0.05858281,-0.106530726,-0.22211571,-0.23492911,0.61646146,0.18300453,-0.06872709,0.91097313,-0.051917613,-1.8082374e-05,1.5914079,-0.01638583,1.1670126,1.4923798,-0.015798558
TCGA-AB-2888,-0.010041686,-0.011441073,-0.09359638,0.11170988,0.271312,-0.009083756,0.6183911,0.3564115,0.0316169,-0.00852587,-0.0023215003,-0.055928178,0.30075303,1.1147089,-0.009194221,-0.006918655,-0.043701224,0.09121866,0.8820757,0.07017323,-0.011264711,0.24362779,1.6539812,-0.07371461,0.55478483,0.44916993,-0.011137817,0.026501263,-0.044912707,0.0009813868,0.3146995,0.52060527,-0.023930235,1.5311375,0.44858333,0.13363656,-0.07195147,-0.041164387,0.111305386,-0.008197373,0.1451407,0.30367792,1.9006476,-0.001296826,-0.04899599,0.03639082,-0.006950581,0.9578996,0.93100226,-0.030734459,-0.05211047,-0.11734537,-0.12399887,0.36521512,-0.0011086073,-0.051975735,-0.0012392005,-0.018226536,0.621729,0.8115774,-0.012277787,1.202681,1.119794,-0.009176056
TCGA-AB-2889,-0.01128308,-0.014516458,-0.12034011,0.3825354,0.27053416,-0.0042294376,0.042305887,0.17493556,0.054103464,-0.02095261,0.12137371,-0.1026605,0.47729206,0.83700824,-0.013704632,-0.013646563,-0.038099494,0.13868463,0.92632115,-0.0023898268,-0.0134541765,-0.0068492205,2.0010555,-0.08902583,0.22179525,0.22335835,0.015411025,-0.00981783,-0.062891394,0.04597131,0.28140348,0.37151366,-0.025596617,2.0038931,0.46957764,0.12803037,-0.08460559,-0.055029728,0.21382478,-0.01294139,0.5046196,0.5677542,2.461561,-0.0005428085,-0.035764877,0.3161986,-0.00091846025,1.1389277,1.0133342,-0.046610415,-0.07004144,-0.14591272,-0.15586625,0.4044876,0.0913637,-0.05920141,0.378089,-0.01977861,0.34444633,1.2396228,-0.020219162,1.100596,1.2253503,-0.0017591398
TCGA-AB-2892,-0.0032340835,-0.016412655,-0.11228889,0.19939844,0.3144099,-0.004860086,0.22700982,0.1425471,0.096578486,-0.021654515,0.07005919,-0.10219955,0.32900125,0.83571714,0.026213508,-0.024493644,-0.045823287,0.0063004773,0.829162,-0.00021731835,-0.0051880893,0.057464566,2.0104933,-0.07671976,0.307028,0.30920494,0.1679655,-0.0004081262,-0.05458637,-0.015647376,0.2776017,0.39278135,-0.023088848,1.8924167,0.50286424,0.24483542,-0.07703978,-0.053696234,-0.0004700724,-0.01305745,0.5302743,0.69279563,2.3541038,-0.0021221628,-0.04120903,0.31157774,-0.0073092445,1.0000658,1.0304996,-0.033764582,-0.06509542,-0.14049774,-0.14804785,0.3250495,0.1163096,-0.06287342,0.2359399,-0.023169635,0.41867304,1.0673482,-0.009003823,1.2448674,1.2930799,-0.008622998
TCGA-AB-2893,-0.0015661347,-0.038085047,-0.09949679,-0.01330487,0.49686676,-0.0034817487,0.2877405,0.0467397,-0.010477764,-0.017157175,0.17933786,-0.06561488,0.3620018,1.9015696,0.0033213487,-0.023967793,-0.026873995,0.102460645,1.2749361,0.20055553,-0.0034681277,0.19043386,1.9518702,-0.06554275,0.76451427,1.0532651,-0.0111302845,0.41849142,-0.035546992,0.1475659,0.18563284,0.7185122,-0.024767755,1.8528559,0.13381782,-0.008516428,-0.08879007,-0.046113208,0.015771657,-0.031497613,-0.0017637045,1.085803,2.022365,-0.024222579,-0.07672172,-0.019445417,-0.010354939,0.7800309,1.1927748,-0.035455257,-0.07556966,-0.16206563,-0.14003028,0.17430547,0.020121666,-0.039594933,0.016524373,-0.014048546,-0.0016800426,1.1793094,-0.012597509,1.6191412,1.2704389,-0.020518988
TCGA-AB-2894,-0.0005927682,-0.018002978,-0.10120306,0.18188858,0.3756411,-0.0007216392,0.14199992,0.3329676,-0.00150134,-0.010410668,0.024441082,-0.092685245,0.15971512,1.3091755,0.13418885,-0.026891917,-0.06939397,0.26548013,0.8651593,0.22849864,0.1787459,0.30028793,2.124284,-0.07108166,0.39763343,0.3509548,0.018350808,0.05180705,-0.044284347,-0.01145984,-0.008655091,0.76756716,-0.017252995,2.1917417,0.4680471,0.081849344,-0.089631505,-0.0527973,0.29391205,-0.025760328,-0.005502343,0.8339121,2.4638884,-0.014561288,-0.058915474,0.20499197,0.0017318912,0.8618278,1.0220371,-0.023690194,-0.10414813,-0.18740079,-0.17660277,0.29503742,-0.014073499,-0.05011622,0.15908433,-0.038378503,0.14977594,1.1208816,-0.0007281795,1.394795,1.4251578,-0.008516438
TCGA-AB-2895,-0.018525044,-0.022092937,-0.16394056,0.4508915,0.32988787,-0.022575237,-0.009250128,0.124031074,-0.022463258,-0.027848294,-0.022858305,-0.13406397,0.36550176,1.0884862,0.10566652,-0.036855508,-0.07322359,0.46286732,0.84902906,0.3695309,-0.0013668021,0.12999715,2.723825,-0.1294225,-0.0020174338,0.18163264,0.12598526,-0.008241164,-0.078530416,0.009380821,0.0046418197,0.74052787,-0.033805434,2.624116,0.05236546,0.2924576,-0.12979327,-0.052195963,0.07938801,0.086220585,0.19922106,0.119931065,3.2384388,-0.0043660053,-0.05561417,0.6147271,-0.009168484,1.2795066,1.3782204,-0.06987591,-0.105358474,-0.21679123,-0.22379334,0.58346933,0.09611103,-0.058646765,0.48561734,-0.05248938,0.5880627,1.6737844,-0.002884464,1.8276387,1.9469612,-0.0013001154
TCGA-AB-2896,-0.007376637,-0.02295209,-0.12559226,0.18533888,0.26942694,-0.006894875,-0.00086470455,0.051290363,-0.0064026914,-0.03243542,-0.012312256,-0.10031035,0.451981,1.1655419,0.014462645,-0.027446894,-0.05054046,0.3369439,0.98510104,0.41601202,-0.0013091693,0.0738397,2.1911626,-0.09161842,0.17457415,0.36773297,-0.0046828897,0.00798356,-0.06125175,0.041365407,0.084046185,0.67877644,-0.039502192,2.1087496,0.05667887,0.09089603,-0.09006762,-0.044957258,0.14777867,-0.0013849734,0.14022012,0.33702204,2.5264444,-0.015697185,-0.049678143,0.29761338,-0.0021174145,0.9212621,1.0984389,-0.04289091,-0.06883621,-0.1693408,-0.16716242,0.40214774,0.059116397,-0.054513145,0.2485915,-0.036776435,0.39070818,1.3130822,-0.0053966315,1.5492622,1.3371707,-0.0024787511
TCGA-AB-2897,-0.012678814,-0.047259774,-0.27854252,1.497412,-0.038431544,-0.03569479,-0.025875567,-0.00017227838,1.4037617,-0.05340414,0.019219734,-0.10264498,-0.0024520932,-0.024134481,0.5686296,-0.05433349,-0.08762559,0.3054715,-0.051652193,0.17366056,0.36602893,-0.025790254,3.2344406,-0.19829898,0.2319419,-0.07812675,1.8287959,-0.07454207,-0.10197258,-0.027670084,0.24660257,0.5919829,-0.065819055,3.0709152,0.14933787,0.80337995,-0.15021951,-0.117490076,0.13241817,1.0601295,1.2802647,0.4061552,4.240723,-0.017628258,-0.07164016,-0.01700071,-0.0070299297,1.7272644,1.717705,-0.08704966,-0.1030589,-0.28309423,-0.38138857,0.81940293,0.13505374,-0.14422129,1.1377097,-0.013821728,-0.07935441,1.2848463,-0.00973448,1.3489112,1.9208118,-0.029610744
TCGA-AB-2898,-0.024917617,-0.02002074,-0.1495913,0.3221371,0.18277313,-0.0039852518,-0.004914438,0.30864722,-0.0029576668,-0.02440719,-0.007173549,-0.10430745,0.5858828,0.9240088,0.14885934,-0.013520452,-0.07531133,0.27708912,0.7522679,0.045347124,-0.0020884487,-0.00033739684,2.4902117,-0.12434476,0.3857056,-0.0011706724,0.35056198,-0.045359876,-0.080141194,-0.01125612,0.1687682,0.7543619,-0.048177984,2.6670065,0.17401753,0.3688817,-0.12101326,-0.066033155,0.103403494,0.18616517,0.2640221,-0.009161576,3.1862419,-0.0009275934,-0.056123056,0.9525392,0.013842188,1.3830259,1.4106792,-0.068425395,-0.09199499,-0.2021784,-0.22210447,0.69595146,0.069045335,-0.06445757,0.5912255,-0.046287637,0.5541702,1.4052558,-0.009268564,1.7172544,1.8098781,-0.0017131865
TCGA-AB-2899,-0.011843808,-0.014945987,-0.12809142,0.057336275,0.371069,-0.0076458114,0.2906863,0.5526711,-0.004565864,-0.012647626,-0.0046458854,-0.072484225,0.29190928,1.2623417,0.077806,-0.019930702,-0.063124046,0.15730855,1.1125401,-0.001461327,-0.0075244694,0.32571423,2.2973547,-0.09013343,0.67292947,0.37009674,-0.0058456413,0.13851738,-0.061220523,0.008833207,0.103235915,0.7027895,-0.027683003,2.2636287,0.24457553,0.16075382,-0.10554161,-0.05295643,0.33663785,-0.0053618927,-0.011592324,0.049994923,2.6318586,-0.0049129883,-0.058119178,0.6423477,-0.0040921643,1.192435,1.1827937,-0.040203076,-0.097785525,-0.1726807,-0.17573397,0.45232597,-0.012407524,-0.058274616,0.0142215,-0.044499137,0.5654504,1.119458,-0.007588,1.8809952,1.7000558,-0.012744853
TCGA-AB-2900,-0.012395321,-0.024647934,-0.10692449,0.20335019,0.32312822,-0.0060035125,0.2307254,0.1891028,-0.004642068,-0.007908586,0.080472,-0.06558483,0.35605845,1.3673348,0.014373941,-0.013063128,-0.03306832,0.1864421,0.9973628,0.057864882,0.113583125,0.097476535,1.7457856,-0.08413156,0.45383704,0.7210514,0.094492696,0.1268838,-0.052892048,0.13447875,0.40463495,0.6408318,-0.026690615,1.7735987,-0.008550617,0.05380584,-0.089592755,-0.047510628,0.01883782,-0.0018715563,-0.00052187516,0.28499928,2.1646385,-0.017092114,-0.055226404,0.10252177,-0.01877605,0.89079386,1.0447767,-0.03328516,-0.055517387,-0.14416066,-0.13258211,0.49940038,0.023990454,-0.032332066,0.07978126,-0.022534773,0.39796013,1.0439925,-0.009822999,1.536801,1.2852104,-0.008134496
TCGA-AB-2901,-0.02612694,-0.018294772,-0.13212556,0.21009372,0.34048456,-0.009001622,0.009205846,0.18857984,-0.0039471104,-0.032722622,-0.0011951864,-0.10704034,0.37158018,0.96253943,0.21263656,-0.032214426,-0.06504773,0.26207516,1.0035039,0.011789536,0.0013088027,0.069477685,2.4569697,-0.11219925,0.19597046,0.066290945,0.22725058,-0.0019603202,-0.0723301,-0.012034049,0.35144386,0.5442131,-0.04989776,2.488933,0.28530163,0.24765648,-0.11418052,-0.059580978,0.11711396,0.11583396,0.2981462,0.33130172,2.7682521,-0.0023458411,-0.060047474,0.8013079,-0.0055180225,1.293823,1.2284166,-0.023447841,-0.0784026,-0.17706999,-0.21218513,0.46733776,0.073280826,-0.06781889,0.5740734,-0.045415062,0.4291967,1.4137108,-0.019526765,1.6609904,1.4828999,-0.0026087493
TCGA-AB-2908,-0.018239576,-0.004903088,-0.09941526,0.08426021,0.34920317,0.041432522,0.036106855,0.15730093,0.12722391,-0.023217635,0.022260465,-0.058469087,0.22385909,0.90980774,0.008336048,-0.006611347,-0.02931924,0.077732794,1.0040481,0.13868164,0.051609837,-0.009741312,1.6982268,-0.07082606,0.42711365,0.4875602,0.09852459,0.061693557,-0.033570264,0.20540431,0.20341794,0.5049898,-0.02790773,1.7398088,0.12717353,-0.002622973,-0.0784088,-0.04550411,0.10857479,0.056449182,-0.008505101,0.047849268,1.9944081,-0.0020587135,-0.052439865,0.23875682,-0.0067362054,0.72100973,0.96265256,-0.03524,-0.057542946,-0.12432679,-0.12511025,0.36557895,0.0012157485,-0.03554276,0.15097615,-0.023130072,0.19089939,0.92926663,-0.0049598953,1.2586993,1.1040632,-0.0069157914
TCGA-AB-2909,-0.018778441,-0.011151252,-0.14470527,0.5102165,0.4216969,-0.013872822,-0.0093079675,-0.0096291965,-0.0007638053,-0.024842145,0.14021766,-0.11389232,0.53119683,0.6349399,0.17355797,-0.03218929,-0.055870444,0.14643347,1.0347646,-0.0026725119,0.08216096,-0.0045004813,2.3294597,-0.09896039,0.38897085,-0.0021164208,0.082156844,-0.028084755,-0.07034935,-0.004064669,0.24991508,0.36208656,-0.027863828,2.2951698,0.3646728,0.2285608,-0.09826615,-0.06115023,0.2490802,0.19266488,0.5997307,0.05113315,2.7388022,-0.002977836,-0.04440773,0.8322107,-0.008779607,1.227714,1.098725,-0.04291445,-0.07919138,-0.1770288,-0.17207287,0.4021031,0.17142333,-0.061902523,0.6428014,-0.026370151,0.4191935,1.2599651,-0.014418416,1.0757971,1.1541628,-0.00684406
TCGA-AB-2911,-0.016034499,-0.024856774,-0.1405872,0.30623922,0.37836522,-0.023485474,0.3690645,0.32574448,0.17783386,-0.034082036,-0.004327677,-0.12345874,0.30630687,0.9291317,0.06922173,-0.031291902,-0.072599344,0.159933,0.8008649,0.08474575,0.020522049,0.35280883,2.2400467,-0.10635419,0.361969,0.2785096,0.06282198,-0.0017452149,-0.060408175,-0.005335286,0.16012578,0.56460315,-0.04421731,2.2419288,0.2826391,0.2740306,-0.10145302,-0.052483935,0.06723342,0.3349094,0.09761082,0.068891294,2.6771433,-0.018315919,-0.056819975,0.33097783,-0.013722638,1.2776699,1.2181946,-0.06824557,-0.0901252,-0.17925791,-0.19785462,0.30319285,0.10312152,-0.06777736,0.19790952,-0.04834769,0.72610956,1.2414333,-0.022170024,1.6799289,1.7066715,-0.0017523194
TCGA-AB-2912,-0.017637758,-0.01962318,-0.092792705,0.19799098,0.30189508,-0.007059548,0.37980148,0.2957756,0.22188903,-0.0029530688,0.16797793,-0.08474611,0.23881628,1.0425838,0.23889199,-0.016476443,-0.04918121,0.05241488,0.6279796,0.08630913,0.15218595,0.28738058,1.8710444,-0.06387963,0.27837944,0.20715593,0.23413253,0.01934619,-0.05712607,-0.0231088,0.05631615,0.46797618,-0.025904706,1.674032,0.26855585,0.17677206,-0.06819319,-0.048356183,0.17607144,-0.013073863,0.2884487,0.7016709,2.084105,-0.01470876,-0.05530752,0.5136802,-0.007036642,1.0180615,0.99573815,-0.018282438,-0.07636536,-0.13871254,-0.1471951,0.27592307,0.04071174,-0.063603915,0.2126839,-0.035915647,0.75894445,0.9416359,-0.012680242,1.334566,1.2245146,-0.00410563
TCGA-AB-2913,-0.017697968,-0.019924385,-0.1504397,0.28667745,0.05162014,-0.0064447555,-0.003918973,0.18715246,0.28358766,-0.04696372,-0.027501846,-0.15356904,-0.0030292294,0.76331776,0.103172965,-0.036624204,-0.08050979,0.5065502,0.48652706,0.66437364,0.11204745,0.27090067,2.4738314,-0.12812237,-0.013527416,-0.03392405,0.52564603,-0.02238576,-0.06759149,-0.009276397,-0.02583141,0.7273056,-0.052457955,2.3321545,-0.003344851,0.32541314,-0.11109839,-0.07011489,0.3089459,0.3261654,0.40766776,0.4991016,2.848126,-0.036649223,-0.045750752,0.9959887,-0.00656908,1.1032465,1.2449791,-0.05290407,-0.09816971,-0.19620517,-0.22961687,0.4571243,0.028790299,-0.07078642,0.6277598,-0.042701576,0.3698448,1.308205,-0.010453196,1.5511367,1.7186241,-0.028287617
TCGA-AB-2914,-0.018308764,-0.031897444,-0.13875473,0.505844,0.22470091,-0.00032029842,0.14120226,0.19461061,0.3281232,-0.024696108,-0.009639266,-0.14292626,0.3882485,0.56858796,0.0902993,-0.021863613,-0.061986115,0.21021083,0.7451775,0.07580922,-0.0032914851,-0.001048896,2.428067,-0.10935344,0.060407445,-0.009355152,0.18015999,0.046215784,-0.08370184,-0.015984211,0.34188116,0.41217792,-0.028656771,2.35189,0.9700633,0.3889345,-0.096234865,-0.053292304,0.04236442,-0.01946317,0.8022285,0.7867811,2.9160645,0.00044089183,-0.04926216,0.76280975,0.01181756,1.1804339,1.2075732,-0.031087635,-0.08703253,-0.17500551,-0.18315032,0.30414817,0.05041266,-0.080949776,0.5115921,-0.023583222,0.8006491,1.2522875,-0.020900326,1.2906954,1.4873265,-0.01454359
TCGA-AB-2916,-0.011292599,-0.01765844,-0.10348859,0.16026586,0.30879366,-0.005868159,0.8176315,0.53482705,0.20803212,-0.020838967,-0.0007956073,-0.060321975,0.31708524,1.0650451,0.015028079,-0.010848732,-0.053324133,0.06770655,0.7778732,-0.0032695332,-0.0047922987,0.4470327,1.7608715,-0.06334071,0.4984091,0.3050144,0.043633133,0.18987766,-0.045784887,-0.007250798,0.36739868,0.46877867,-0.023818826,1.5305072,0.40280932,0.26849613,-0.073636845,-0.034498055,0.04355,-0.015261525,0.16634624,0.14802802,2.039096,-0.010965844,-0.048102986,0.4112488,-0.01539729,1.0818319,0.9375267,-0.020357057,-0.06680329,-0.13650055,-0.15137324,0.3756378,-0.0064932066,-0.06178975,-0.0019816724,-0.033649165,0.8087842,0.843946,-0.0020469688,1.4830405,1.3761113,-0.0067618447
TCGA-AB-2917,-0.009226078,-0.018895265,-0.11623569,0.15669867,0.35276902,-0.013797869,0.40949216,0.09304874,-0.0028428247,-0.03276335,-0.0016720773,-0.11205373,0.1407131,0.786231,0.3120592,-0.03462986,-0.07561778,0.27609286,0.7226405,0.390344,0.16240066,0.3122499,2.3329544,-0.10145078,0.3786837,-0.005506815,0.2903096,-0.019278016,-0.09489572,-0.051943075,-0.008077799,0.5197111,-0.033614572,1.9111308,0.28964597,0.41861302,-0.087606624,-0.072184734,0.14695589,-0.009467891,0.26139218,0.3286684,2.5716512,-0.014519743,-0.02669374,1.0200787,-0.0046300194,1.1786945,1.1626114,-0.0418177,-0.09886747,-0.18381862,-0.19506441,0.37103564,-0.010270017,-0.08250579,0.415531,-0.05323236,0.7373437,1.0831851,-0.013975165,1.2852385,1.6306605,-0.017249813
TCGA-AB-2919,-0.026549062,-0.043780826,-0.2034043,0.30199036,0.19266398,-0.01809858,-0.031254914,-0.010902901,-0.015919337,-0.06429749,-0.013494431,-0.19865246,0.62415975,0.29235286,-0.0043693944,-0.030286158,-0.0910606,0.81340486,0.81163436,0.27544835,-0.00012195462,0.07993187,3.05845,-0.1618781,-0.0058187754,-0.024886785,0.3158861,-0.04010244,-0.07584528,-0.000828708,0.006993357,0.55152327,-0.05874731,3.0693758,0.114575304,0.24221818,-0.1430496,-0.07820263,0.30595636,1.1479563,0.70597714,0.087854944,3.482382,-0.016990695,-0.020494968,1.2122977,-0.006587141,1.5675325,1.667308,-0.08809463,-0.13061291,-0.23941551,-0.27452588,0.69595027,0.24415052,-0.08971214,1.1332436,-0.057524648,0.16266724,1.7572768,-0.017563162,1.7340615,1.9538556,-0.018484794
TCGA-AB-2920,-0.007654597,-0.02370094,-0.14228489,0.16197944,0.42673963,0.18264182,-0.0029863575,0.34737235,0.030214895,-0.019236177,-0.0041226344,-0.045745466,0.5736769,1.2634635,-0.0032879252,-0.02249631,-0.027712708,0.14601639,1.3075519,-0.0062250434,0.09119438,-0.017499901,2.1580007,-0.07036511,0.55467474,0.6995935,-0.0005635051,-0.020387279,-0.059378814,0.419283,0.3856674,0.82528704,-0.024652809,2.3261821,0.090815715,-0.0062488313,-0.12087343,-0.057525244,0.065009356,0.2861427,-0.015568638,-0.018558264,2.6025286,-0.008950921,-0.086594425,0.33542326,-0.004127731,1.1333141,1.1664859,-0.042027988,-0.06089278,-0.14914265,-0.17630678,0.7179268,0.019078698,-0.049057197,0.21450046,-0.04463735,-0.0019468347,1.2140341,-0.021609394,1.8466842,1.2977076,-0.021678135
TCGA-AB-2924,-0.013223382,-0.017571507,-0.10711946,0.3477282,0.29515976,-0.015247397,0.31256282,0.2702245,-0.0017138098,-0.018813414,-0.0046551726,-0.085125886,0.2729274,1.2458305,0.026326,-0.021417059,-0.040367458,0.23375145,0.85134715,0.22888163,0.08026877,0.2536883,1.9998686,-0.09057006,0.3311705,0.43320823,0.093304925,-0.0010381399,-0.05640723,0.11813014,0.2640757,0.63159996,-0.023223188,1.90134,0.1669563,0.11833908,-0.088249974,-0.063511096,0.12165782,-0.002663648,0.1410049,0.42379493,2.338949,-0.014992423,-0.05385345,0.20234865,-0.015685981,0.9473317,1.0297836,-0.03459943,-0.06926677,-0.14474621,-0.14858894,0.3939996,-0.0010124816,-0.0421993,0.15652922,-0.03929665,0.64127,1.0926074,-0.00921685,1.4409863,1.3286295,-0.004198878
TCGA-AB-2925,-0.009780252,-0.01699592,-0.098513715,0.0043675452,0.37644488,-0.007162889,0.11873523,0.06280793,-0.007420417,-0.016846558,-0.0061466275,-0.054785103,0.29174578,1.554656,-0.003995023,-0.022287343,-0.02844902,0.13411838,1.2550782,0.048704036,0.061977714,0.14067167,1.879711,-0.06784454,0.48867732,0.9191214,-0.0040648053,0.21222976,-0.03158818,0.16288745,0.1780765,0.67796427,-0.023241444,1.8942592,-0.00081533287,-0.008960209,-0.08694476,-0.059495606,0.06396925,-0.005488822,-0.014425759,0.66677326,2.0549054,-0.015030657,-0.062002428,-0.013055073,-0.015504721,0.7001403,0.999668,-0.040491544,-0.062616885,-0.14228794,-0.13155547,0.3643595,0.091551125,-0.039658908,0.148314,-0.01695128,-0.004743057,1.0970308,-0.0124673955,1.4830335,1.1570708,-0.0067328424
TCGA-AB-2927,-0.011690907,-0.011739454,-0.119996384,0.099535674,0.2789257,-0.006189385,0.22416204,0.40773416,-0.017678654,-0.015682498,-0.0028406829,-0.07102847,0.2550617,1.330935,-0.0025810439,-0.02051849,-0.06359494,0.19665012,1.027999,0.050239205,0.05492746,0.22553763,1.9208127,-0.06972403,0.4337237,0.51820815,-0.003621091,0.046272032,-0.041854795,-0.0087353485,0.20637207,0.72023153,-0.021911697,1.9786795,0.38613513,0.10737477,-0.0907196,-0.050132282,0.1867456,-0.0055043106,-0.01357293,0.13002008,2.1930819,-0.0012612051,-0.060868323,0.5241091,-0.0039872373,1.07067,1.1400543,-0.038797557,-0.08781043,-0.1374931,-0.1610608,0.44324493,-0.010408628,-0.052921575,-0.0049377237,-0.028985674,0.49682975,0.8927677,-0.013252594,1.4468133,1.4553868,-0.014462583
TCGA-AB-2928,-0.02232301,-0.020196943,-0.15149345,0.09654516,0.3298133,-0.005072349,0.05587767,0.25778353,0.008396896,-0.031318445,-0.012074396,-0.09951801,0.55148226,0.8908735,0.102376096,-0.01410514,-0.070476726,0.31899062,0.8862118,0.24827299,0.042267755,0.0022377418,2.2799797,-0.09797177,0.18887219,0.0074425656,0.124089815,-0.037588276,-0.06289183,-0.0016031616,0.093872234,0.8059688,-0.043602195,2.4308896,0.37333113,0.13626564,-0.11243781,-0.059242833,0.19062419,0.21037872,0.314098,-0.022205686,2.7426229,-0.004457285,-0.05104359,0.9511526,-0.01132208,1.1259333,1.2285281,-0.04730915,-0.07381195,-0.17440274,-0.20390598,0.55356306,0.10678716,-0.066920005,0.5575355,-0.049189012,0.350661,1.3105054,-0.004371278,1.506507,1.4784436,-0.019475004
TCGA-AB-2929,-0.010217766,-0.009096292,-0.122727655,0.22254443,0.54401094,-0.005310774,0.27083898,0.3634121,-0.0072719823,-0.005471268,-0.017286988,-0.05300178,0.38085732,1.2586858,0.16166599,-0.018532282,-0.07080058,0.26266196,1.2151492,0.36305997,-0.00059529295,0.19042617,2.2800267,-0.07069451,0.5143908,0.47190964,-0.014471533,-0.0044213687,-0.05895508,0.08166527,0.07352125,0.71170896,-0.029239524,2.1245236,0.16721311,0.18196294,-0.10584109,-0.04431872,0.1750488,-0.016104504,-0.023149451,-0.0039368398,2.6612616,-0.008345432,-0.057346858,0.41463912,-0.018409787,1.063283,1.0173302,-0.045220103,-0.093487225,-0.18676144,-0.1725307,0.4261518,-0.0018257063,-0.064366095,0.03536911,-0.050438236,0.4858594,1.120228,-0.011334944,1.7266868,1.5701234,-0.025745181
TCGA-AB-2933,-0.007731825,-0.01622282,-0.12268354,0.014821546,0.32568383,0.0015701745,0.4114205,0.45359942,0.040118746,-0.030501485,0.09099093,-0.07761694,0.20635664,1.1266158,-0.004143886,-0.017439438,-0.0672742,0.0864036,0.90235376,0.049552277,-0.001732521,0.34096783,2.0356982,-0.08109105,0.48868525,0.46008846,-0.01526343,0.324569,-0.06256121,-0.017786834,0.124787524,0.72452855,-0.026550306,2.0139081,0.26988253,0.26905075,-0.09527723,-0.057580914,0.14119343,-0.009863301,-0.00515157,0.40096992,2.362145,-0.00052710314,-0.07065129,0.4832533,-0.0070578284,1.0468893,1.0477092,-0.01605067,-0.10286961,-0.16250943,-0.16450083,0.3261373,-0.016892027,-0.06678398,-0.0027604762,-0.03263594,0.5198218,0.94765186,-0.013265212,1.5172565,1.485992,-0.013796967
TCGA-AB-2935,-0.010708086,-0.0058089895,-0.1349469,-0.005484394,0.29940075,-0.016243732,0.216491,0.2700492,0.13759269,-0.022354161,-0.013168654,-0.0747075,0.42246118,1.4174604,0.011357782,-0.018337233,-0.050934847,0.20669949,1.0102109,0.12391312,0.022444557,0.17032462,2.2376394,-0.08930371,0.45719123,0.411896,0.059125848,0.06310509,-0.0497776,-0.0005954105,0.17521696,0.7453681,-0.03502297,2.1169188,0.3004134,-0.0010534584,-0.108403824,-0.052719582,0.16131936,-0.0009779141,-0.0016207133,0.28496215,2.4981723,-0.0011497723,-0.07116434,0.26929238,-0.010609153,1.0708507,1.2010349,-0.04664771,-0.083743684,-0.16647647,-0.17723252,0.4439259,0.029748503,-0.06364052,0.06623496,-0.03323937,0.20901898,1.1351032,-0.0010531865,1.6333131,1.392459,-0.011034359
TCGA-AB-2936,-0.026283443,-0.01777328,-0.13440756,0.23091953,0.32876265,-0.026387384,0.03091721,0.337822,-0.012237867,-0.020287178,-0.0069030607,-0.08729908,0.33403867,0.87865084,0.12447344,-0.010968711,-0.08063627,0.26428464,0.7406449,0.27647558,-0.0046865917,0.16146663,2.1475258,-0.10919698,0.20139442,0.06634858,-0.0024732056,-0.0076925135,-0.0718508,-0.0077480897,0.17495857,0.6589312,-0.042216595,2.094362,0.3261756,0.168611,-0.11320599,-0.050593168,0.2454996,-0.005236152,0.09363781,0.017310262,2.6038504,-0.014118467,-0.040452506,0.82787406,-0.01124766,1.1334474,1.1371728,-0.04649703,-0.07000161,-0.17148584,-0.17427935,0.53142047,-0.00092554354,-0.06878221,0.42963085,-0.054139674,1.0222971,1.142995,-0.009616088,1.4805263,1.6174825,-0.0067288205
TCGA-AB-2937,-0.016450867,-0.015004988,-0.1461536,0.7784396,0.50656384,-0.009824516,-0.02204401,0.0051740734,-0.007878993,-0.022186467,0.33155364,-0.10990534,0.49658966,0.6644129,0.10221512,-0.013009223,-0.044718333,-0.0118634,1.0363601,-0.013574737,-0.01742292,-0.010674025,2.1442478,-0.09266994,0.51653683,0.48410344,0.075396985,0.028917449,-0.07523834,0.28847498,0.17222986,0.283846,-0.023770671,2.2808692,0.512788,0.25483254,-0.10436958,-0.060399413,0.33948106,0.028838607,0.17315556,0.1290191,2.491696,-0.007884822,-0.029977415,0.42291272,-0.01163208,1.1845789,1.0287514,-0.06158358,-0.09735963,-0.17701414,-0.18533419,0.26193422,0.23862359,-0.047505535,0.5580504,-0.030827502,-0.010615404,1.1576387,-0.02060126,1.1995937,1.2880865,-0.0083673885
TCGA-AB-2938,-0.0044185794,-0.008386446,-0.11568848,0.14017901,0.4395253,-0.015505447,-0.00081373326,-0.0008109733,0.16742195,-0.030308926,-0.0021531568,-0.06903734,0.3253294,1.3297272,0.062100142,-0.025659213,-0.030331463,0.17330083,1.1276275,0.2994365,0.123929225,-0.0045397757,2.121939,-0.09290515,0.22121574,0.4739201,0.3126973,-0.0029962088,-0.058233272,-0.01730052,0.0344914,0.5244536,-0.03826821,1.9513171,0.3233649,0.08791533,-0.104774356,-0.043565713,0.119733706,-0.008518799,-0.008235149,0.5461565,2.2612069,-0.032865074,-0.05504932,0.33206236,0.009331504,0.97409314,0.9843432,-0.05954496,-0.092908464,-0.17727028,-0.16027291,0.35575712,0.01995689,-0.0519164,0.02221926,-0.046966907,0.08671822,1.188877,0.027426373,1.4377025,1.3610034,-0.0038142174
TCGA-AB-2939,-0.019647695,-0.014002058,-0.14683615,0.5260162,0.3567233,-0.020534148,-0.004389085,0.13031618,0.13223618,-0.0457053,0.0032710582,-0.103893995,0.46610245,0.82195127,0.013231981,-0.021375757,-0.046822112,0.20554033,0.94643694,0.21185204,0.08934927,-0.0063139014,2.3713622,-0.109464005,0.5642963,0.15435813,0.49003935,-0.025936643,-0.07260904,0.24393743,0.3466791,0.45292175,-0.043907132,2.261436,0.53859955,0.28538698,-0.12250586,-0.057155408,0.39463896,-0.0029798162,0.05073569,0.12149643,2.7911634,-0.011304955,-0.049035516,0.4313296,-0.024217634,1.0711025,1.10554,-0.045098558,-0.060568698,-0.1693074,-0.17952918,0.5443541,0.10756883,-0.049112085,0.5768944,-0.030452078,0.42791617,1.1217424,-0.0059339446,1.2322369,1.3376222,-0.026655732
TCGA-AB-2942,-0.009593873,-0.014720689,-0.1257455,0.3655833,0.21063839,-0.017245257,0.10238062,0.13999788,-0.0056173834,-0.013113627,0.16212572,-0.1039172,0.47616202,0.7852672,0.060751233,-0.025513807,-0.045042437,0.100885846,0.86162883,0.17462914,-0.025520591,-0.009174707,2.061531,-0.08662729,0.25329417,0.36754432,-0.0017018588,-0.0150162,-0.073986076,-0.0003325155,0.23624513,0.48470318,-0.023068808,1.9756862,0.66743886,0.20739684,-0.09599919,-0.051311493,0.08810265,-0.011030198,0.5521131,0.500253,2.4352925,0.00047182105,-0.040913314,0.39640182,-0.006887304,1.0817728,1.0479114,-0.035196684,-0.06487586,-0.1519346,-0.16350722,0.37489867,0.19761266,-0.06250095,0.28331456,-0.026776496,0.5751021,1.2161239,-0.01632843,1.2384126,1.2675194,-0.0051185996
TCGA-AB-2948,-0.013328425,-0.015509965,-0.10270251,-0.0036907028,0.3300665,-0.0025911655,0.36373124,0.36891508,0.007183713,-0.014227644,-0.0049464507,-0.06282153,0.34485036,1.3526719,-0.0035685848,-0.012008264,-0.03454471,0.16854385,0.99850076,0.097984485,-0.0048604286,0.23697662,1.8335031,-0.07979922,0.52047855,0.5910368,-0.004183405,0.11850261,-0.034959912,0.13498622,0.31652144,0.67517406,-0.0284143,1.8280202,0.14701097,0.039923936,-0.08626937,-0.049114108,0.06171012,-0.0023644124,-0.0059493305,0.32447094,2.1704328,-0.005881147,-0.05704273,0.13398978,-0.003990052,0.83255523,0.9944633,-0.035547774,-0.07296326,-0.14019677,-0.14154288,0.41138554,0.049291126,-0.036124494,-0.0012370412,-0.02913396,0.39639494,1.0194873,-0.015239209,1.564395,1.2949014,-0.01425238
TCGA-AB-2949,-0.01772487,-0.019378413,-0.13710532,0.20781326,0.33658284,-0.010083006,0.12888503,0.1596797,-0.008496343,-0.03801927,-0.0036041809,-0.10444138,0.28119785,0.8007335,0.070407294,-0.01816704,-0.0656799,0.18309835,0.89001006,0.07417783,0.048432015,-0.00012315913,2.1179996,-0.09832413,0.33650422,0.17740475,0.13283792,-0.011318664,-0.060220845,-0.002161774,0.036057618,0.5363477,-0.03438866,2.0280683,0.27689278,0.2688536,-0.08845735,-0.06278262,0.30227798,0.06886076,0.13233101,0.0077341427,2.4832313,-0.0052488744,-0.05775833,0.71008945,-0.0015155036,1.0120485,1.1043664,-0.041861672,-0.07642333,-0.16893326,-0.17099784,0.44136867,0.14694613,-0.065975145,0.31026253,-0.029124701,0.38523096,1.0373766,-0.0078120157,1.217951,1.4115049,-0.013790758
TCGA-AB-2950,-0.012735537,-0.024426593,-0.13101873,0.9498321,0.20814744,-0.018003173,0.0065040495,-0.007315827,0.18675746,-0.043264665,0.18357967,-0.13899462,0.5049307,0.5862969,0.24449848,-0.023515686,-0.068766125,-0.0055466103,0.7957127,-0.0058295163,-0.005300903,0.15147321,2.3078108,-0.11019106,0.1938642,-0.018286796,0.5187845,-0.0124577945,-0.07210337,-0.025716469,0.05753465,0.3293758,-0.044739872,2.2774937,0.48736867,0.5268173,-0.08705942,-0.05937744,0.5300318,-0.0101062395,0.6261274,0.5036894,2.6546717,-0.0066309148,-0.028609464,0.7131947,-0.011326451,1.1884981,1.1628855,-0.04283797,-0.09992009,-0.17569485,-0.18634361,0.35090396,0.09583008,-0.07526193,0.70798314,-0.031888235,0.114081755,1.2366143,-0.024713272,1.0011905,1.2735248,-0.013035609
TCGA-AB-2952,-0.00065294694,-0.014031886,-0.12197818,-0.0073884963,0.4969998,0.0009857845,0.1383713,0.33922684,-0.008641808,-0.02339409,-0.004969562,-0.037760977,0.55178386,1.4112267,-0.0067646923,-0.0035635554,-0.030442333,0.12134483,1.3159652,-0.017398095,-0.00742936,-0.0038071887,1.9562416,-0.06117804,0.6318483,0.9007069,-0.014799158,0.05364173,-0.025752505,0.40485048,0.39143258,0.7563519,-0.024321394,1.933117,0.07050224,0.0015194686,-0.096044414,-0.05336949,-0.005177659,0.16854376,-0.025492473,-0.008658265,2.1843388,-0.007990452,-0.073001556,-0.0062320824,-0.008931647,0.92728966,0.9250175,-0.043277252,-0.06459092,-0.12871805,-0.13139212,0.55458915,0.10757823,-0.038811848,-0.027989024,-0.024215037,-0.0142614385,1.0141132,-0.0130185215,1.707287,1.151598,-0.014641523
TCGA-AB-2955,-0.0019656736,-0.016833702,-0.15251297,0.7929168,0.32196397,-0.010827516,-0.0002904391,0.13804339,0.009565317,-0.026557965,-0.016172927,-0.11926853,0.28367633,0.57279235,0.101784624,-0.018419368,-0.065003924,0.31163892,0.4637578,0.65749556,0.12447014,0.32841808,2.2696931,-0.1074168,-2.3277104e-05,0.022170516,0.39135396,-0.035994787,-0.0914188,-0.025777215,0.36638665,0.6527067,-0.033145793,2.2488165,0.47438642,0.4399825,-0.10193276,-0.03869134,0.01453732,-0.015425063,0.38847226,0.4069114,2.9434898,-0.02200875,-0.04314315,0.6249237,-0.009265012,1.1225173,1.2521188,-0.030724902,-0.07655604,-0.20357637,-0.19830982,0.34378362,-0.007937065,-0.076100305,0.56125563,-0.04360428,1.4414171,1.1484723,-0.0016406439,1.3815522,1.7087364,-0.009956883
TCGA-AB-2956,-0.014843228,-0.020654425,-0.10158255,0.045799352,0.36536884,-0.0020794114,0.29181635,0.2764551,-0.0045988513,-0.00045714137,0.07633741,-0.06890353,0.2998056,1.7261088,0.04474117,-0.022873728,-0.04705939,0.25246328,1.1205224,0.089778915,0.05715076,0.25075248,2.1246324,-0.076992,0.60583824,0.65795875,-0.009335728,0.40122962,-0.040590927,0.1883884,0.11704287,0.75271297,-0.024293868,2.0986147,0.0011991393,-0.0085922675,-0.091267936,-0.044714306,0.22745475,-0.022457106,-0.006839141,0.81667364,2.3232307,-0.021890966,-0.09162475,0.1315153,-0.005349463,0.9442441,1.1849695,-0.039044842,-0.096363775,-0.16127495,-0.15291472,0.29508713,-0.0033302426,-0.04831874,-0.0035765108,-0.017921897,0.07045191,1.2432752,-0.0141379535,1.8036106,1.3384461,-0.0010476391
TCGA-AB-2959,-0.015574618,-0.021063697,-0.1122445,0.13356765,0.360906,-0.013068492,0.17351799,0.4366472,0.19717388,-0.016266,0.088226505,-0.10357972,0.23366947,0.8591947,0.17586382,-0.027747383,-0.069291614,0.2061927,0.6604506,0.26559564,0.0146647915,0.4526875,2.0187943,-0.1033221,0.22361909,-0.000978349,0.09126298,-0.020298418,-0.06987215,-0.014886508,0.040249523,0.66062707,-0.03699407,1.9572787,0.57099015,0.3471831,-0.098352864,-0.05519112,0.34269476,-0.0075652297,0.14765011,0.2816533,2.4431646,-0.016192619,-0.05329218,1.0130925,-0.009521429,1.1027458,1.1481014,-0.024410859,-0.082429074,-0.1694915,-0.18012436,0.3145274,0.044808216,-0.06931888,0.3903429,-0.0458101,1.0140013,1.0327876,-0.021177214,1.3902727,1.502465,-0.023542002
TCGA-AB-2963,-0.0017797317,-0.010925296,-0.07717613,0.106571615,0.35626906,-0.005643589,0.1403043,0.018416546,0.11067385,-0.023913953,-0.0042317645,-0.094977096,0.3163785,0.97416717,0.115465604,-0.028465947,-0.03225313,0.1095011,0.9886806,0.40930825,0.04778772,0.14241295,1.9391102,-0.07729295,0.21269462,0.39299187,0.0056590866,0.1340697,-0.05397143,-0.017725006,0.03241017,0.4520836,-0.019191222,1.6785781,0.060959697,0.12241548,-0.07538876,-0.061268754,0.10287008,-0.021948962,0.09392185,0.83490264,2.0122306,-0.016606268,-0.04660241,0.19942299,-0.012032925,0.7717998,0.93084925,-0.028170053,-0.06742858,-0.15572844,-0.13775699,0.21016094,0.15436457,-0.047383644,0.2978413,-0.030831506,0.29417613,1.1134807,-0.005489116,1.2623534,1.2111188,-0.0051412093
TCGA-AB-2965,-0.0061215586,-0.02249056,-0.086369716,0.0073117055,0.38344938,-0.007504145,0.31790334,0.07854452,0.105277516,-0.016662963,-0.0012214885,-0.08944427,0.2642415,1.1983988,0.16304278,-0.028079603,-0.041231904,0.106314726,0.91372263,0.32620516,-0.0003041366,0.20743114,1.9282801,-0.07642465,0.28870183,0.48340207,-0.0039208825,0.23681392,-0.04933888,-0.012076289,0.035395153,0.48085225,-0.026817009,1.6899749,0.12838316,0.092297,-0.07618442,-0.052602705,0.077583455,-0.027114356,0.040823832,0.89719445,2.040519,-0.01861118,-0.05504006,0.1824179,-0.012465547,0.8235418,0.9318868,-0.02427118,-0.076020956,-0.14884801,-0.14864783,0.20243987,0.10175228,-0.054660942,0.21405677,-0.02942477,0.33974588,1.0959574,-0.0061686626,1.4047517,1.2848502,-0.0057814005
TCGA-AB-2966,-0.018032564,-0.028474107,-0.13683002,0.39742038,0.367692,-0.013229099,-0.0012755202,0.024051685,0.00555157,-0.05103829,-0.0014174633,-0.10491929,0.39276993,0.46524313,0.134887,-0.013414994,-0.06296505,0.26983637,0.614041,0.44313237,0.075525254,-1.5947037e-06,2.073493,-0.10041364,0.18810882,0.140776,0.120733656,-0.008211772,-0.08168271,-0.019954637,0.2750065,0.51335686,-0.039576326,2.034242,0.5623608,0.24809684,-0.10424089,-0.03318124,0.0922165,-0.015230402,0.17967197,0.17679366,2.528308,-0.011143892,-0.023172308,0.8730329,-0.0045372597,1.0027236,1.1310358,-0.045112953,-0.08503839,-0.17526743,-0.17862974,0.26025796,0.0888159,-0.07538004,0.58194613,-0.0410303,0.9982111,1.1138985,-0.0070383656,1.1608238,1.4873998,-0.009195194
TCGA-AB-2970,-0.0035338763,-0.010071454,-0.12529795,0.0807603,0.28523415,-0.006262462,0.20569307,0.3884015,0.008039429,-0.023054268,0.18409815,-0.08079821,0.3784799,1.0579162,-0.0013357529,-0.023814937,-0.06553413,0.24252406,1.0132512,0.28116497,0.084139176,0.20400357,2.066646,-0.08230677,0.30703706,0.382518,-0.0029123581,0.12853646,-0.065361746,-0.0062976936,0.031053541,0.66808707,-0.028859008,2.0798726,0.3495246,0.19354099,-0.099374615,-0.053905815,0.24304448,-0.012934699,0.120800376,0.44447908,2.440121,-0.0021396691,-0.057030287,0.48885554,-0.0056716553,1.1755735,1.0715024,-0.018180579,-0.09937254,-0.16357528,-0.16318679,0.35950527,-0.0043890965,-0.0641579,-0.0019512664,-0.037611406,0.7542892,1.0062118,-0.00815911,1.5706793,1.5591098,-0.015587944
TCGA-AB-2971,-0.020999854,-0.028238876,-0.13491885,0.27196026,0.1090481,-0.017197853,0.36986062,0.3059534,0.08861435,-0.02705285,-0.015224199,-0.13068993,0.29913682,0.6902407,0.04381482,-0.024165511,-0.069723666,0.28431356,0.609606,0.12677515,0.04176492,0.3648034,2.3055341,-0.102725856,0.1269846,0.07590091,0.27695265,-0.016855238,-0.0697632,-0.015358332,0.19148777,0.61798495,-0.026856676,2.0976138,0.37547484,0.34123805,-0.09827446,-0.05030312,0.033044517,0.3174024,0.53236216,0.347513,2.755363,-0.033369444,-0.042551775,0.5924754,-0.01080178,1.2644507,1.3564309,-0.045283295,-0.1059732,-0.17589076,-0.20740676,0.44010758,0.10275738,-0.06830042,0.482455,-0.044358682,0.6447473,1.2609603,-0.021277416,1.5754706,1.5487698,-0.01599962
TCGA-AB-2973,-0.0085039055,-0.017479377,-0.0835946,0.030004676,0.38084495,-0.0046827616,0.70606554,0.3840845,-0.0012584332,-0.00905203,0.045647997,-0.058390327,0.26616538,1.2126551,0.06676614,-0.003430424,-0.03934886,0.13554704,0.6876842,0.09970736,-0.008379131,0.35559967,1.6458746,-0.067186736,0.4495098,0.57844245,-0.014117079,0.10195655,-0.051398255,0.019040484,0.2304375,0.5525755,-0.0048007085,1.4600445,0.31454787,0.1435561,-0.07201899,-0.039724503,-0.0022037658,-0.012085925,0.038385656,0.38149104,1.875339,-0.0072331727,-0.04495155,0.14060578,-0.0069539323,0.85977924,0.9529391,-0.025082216,-0.053198528,-0.12997344,-0.13205385,0.3239799,-0.005609622,-0.038810086,-0.0046491427,-0.033529166,0.617015,0.9181333,-0.015311496,1.4054166,1.2254508,-0.010296724
TCGA-AB-2976,-0.012617995,-0.023435785,-0.12441374,0.2743895,0.29581058,-0.005262311,-0.0027477657,0.0944924,0.08185401,-0.037139293,-0.008459981,-0.117516235,0.3275307,0.89219326,0.16711727,-0.027805937,-0.053239554,0.2974114,0.81435317,0.5149467,-0.0010667535,0.23452336,2.258409,-0.095377974,0.0030623525,0.18340026,0.2974081,-0.0031801343,-0.069040306,-0.022192463,-0.0070835664,0.598784,-0.039363384,2.2029982,0.040781938,0.25603595,-0.101917006,-0.060311634,0.14682366,-0.0059530856,0.18992084,0.6004451,2.5760262,-0.021669326,-0.053128403,0.38356212,-0.008657503,1.082282,1.1932116,-0.046778753,-0.087021925,-0.19284697,-0.19479772,0.3742272,-0.0009678107,-0.053788256,0.407802,-0.025105188,0.28279838,1.3860629,-0.0002772704,1.52926,1.5783625,-0.005898935
TCGA-AB-2977,-0.008437621,-0.010281401,-0.09300388,-0.010591626,0.31332308,-0.0018385848,-0.0031855546,0.07080274,-0.01566933,-0.030921817,-0.0026399014,-0.06641228,0.54592925,1.2413282,-0.008523538,-0.0097604785,-0.028476674,0.032006677,1.0785658,0.1132014,-0.010062305,0.14569329,1.7466576,-0.074058704,0.5220283,1.2303662,-0.018757101,0.0544508,-0.030847747,0.3694486,0.31884524,0.5909088,-0.0295146,1.8383194,0.016149232,-0.013009275,-0.07283486,-0.04128427,-0.020792332,0.20473404,-0.025862986,0.2791581,1.9445343,-0.024588188,-0.048639055,-0.018123625,0.009037025,0.75388163,0.89682764,-0.05178845,-0.05497965,-0.14146285,-0.13930164,0.47463015,0.016972043,-0.041695826,-0.010768087,-0.013019445,-0.020511793,1.1593168,-0.01424726,1.4322773,1.1886623,-0.012176009
TCGA-AB-2979,-0.0009951998,-0.017779311,-0.124924146,0.40103465,0.33953303,-0.016659938,-0.025612313,-0.000881526,-0.015941732,-0.038678594,0.051394075,-0.07938187,0.4614583,0.94265896,-0.010862838,-0.0039114268,-0.018241432,0.16120937,0.95596725,0.014486084,0.12789807,-0.007294318,1.9126427,-0.086319394,0.47106504,0.62267226,0.124835335,-0.020617783,-0.047367703,0.3798652,0.4958197,0.46321708,-0.039758362,2.006109,0.21945815,0.035167832,-0.10909041,-0.045712855,0.160317,0.1389698,0.009256046,-0.0038888492,2.2887185,-0.003774058,-0.037860703,0.017953329,-0.0157215,0.79778385,0.98822033,-0.03424985,-0.060735382,-0.15928371,-0.15587133,0.39953464,0.071085334,-0.03463235,0.3419506,-0.017437955,0.3763718,1.1726185,-0.021403467,1.3018426,0.98680586,-0.0017983916
TCGA-AB-2980,-0.009598607,-0.051957972,-0.19830291,-0.01554239,-0.009696032,-0.009288768,-0.004805819,-0.024495374,1.6184385,-0.06729517,0.018426802,-0.18153305,0.3146479,-0.0032975362,0.0060336394,-0.05308793,-0.039656363,0.3520036,0.08018431,0.45719576,0.09365961,-0.0076453174,2.7724686,-0.14040698,0.054873668,-0.053324383,0.80901414,-0.03371089,-0.07898425,-0.03432737,-0.004170392,0.19204238,-0.080822326,2.4853482,0.43202353,0.6268973,-0.14780842,-0.079888396,0.10340896,0.024118315,0.83653235,0.66187286,2.9420512,-0.007641273,-0.061468165,0.122079395,-0.0022298999,1.0712216,1.464785,-0.07821386,-0.06845613,-0.22963722,-0.27644843,0.2934059,0.18794394,-0.115664,0.85534084,0.074420646,-0.02549277,1.0732044,-0.037263524,1.0090971,1.5074853,-0.0049530445
TCGA-AB-2981,-0.0065131336,-0.012883774,-0.08970316,0.030915413,0.28086674,-0.0039903647,0.78709435,0.34430474,0.05751132,0.00036544283,0.008340878,-0.048671536,0.27663377,1.2589087,-0.006059175,-0.005291462,-0.027507557,0.18003479,0.94367826,0.15001465,-0.011981416,0.26677674,1.606212,-0.06523141,0.5153612,0.7626513,-0.025775595,0.20308977,-0.031943854,0.13840517,0.39204934,0.60844964,-0.021931173,1.4367516,0.16892076,0.103076376,-0.06860201,-0.03774514,0.008429769,-0.010965387,-0.0068759546,0.27990338,1.8225845,0.0035830392,-0.060004115,-0.012083084,-0.012098193,0.85918295,0.90600073,-0.018787246,-0.046077635,-0.1111022,-0.121523224,0.3342415,0.030977486,-0.03802846,-0.019666744,-0.017824458,0.51797414,0.86981225,-0.011746347,1.4317902,1.1485413,-0.0029751796
TCGA-AB-2983,-0.005558392,-0.010667871,-0.1398403,0.33541578,0.31733298,-0.0052064075,0.15358937,0.3382194,0.005308168,-0.03164738,0.0134259295,-0.10413142,0.22578321,0.95567125,0.1174253,-0.024378872,-0.06691282,0.29022625,0.9324869,0.27910957,0.05567956,0.25055322,2.3054607,-0.09093886,0.3473832,0.20529445,0.08804736,0.023300046,-0.059763856,-0.014618412,0.06175206,0.73803127,-0.03758716,2.3718479,0.2798876,0.24081133,-0.11225601,-0.06289059,0.1569812,-0.0052097156,0.08740321,0.34109068,2.7681048,-0.0037953109,-0.054148313,0.5379975,-0.009772739,1.1941458,1.1329291,-0.03558046,-0.10097579,-0.18923031,-0.18883215,0.4245699,-0.0052849012,-0.07016911,0.26967975,-0.042761996,0.68094087,1.2303803,-0.006627872,1.5288157,1.7222908,-0.014232707
TCGA-AB-2984,-0.002494963,-0.038482822,-0.095646165,-0.004186451,0.37241387,-0.0152460905,-0.0107058985,0.024049312,-0.00051995245,-0.030321216,-0.019218203,-0.12381138,0.34058422,0.110011086,-0.010550459,-0.018732412,-0.041341536,0.17056063,0.76023823,0.34038523,-0.010716233,-0.00077624276,1.7430019,-0.08127678,0.0065106936,0.32018822,0.073927656,0.029792326,-0.056444187,0.337409,0.06010308,0.2102758,-0.035129316,1.7160612,0.023959575,0.1062409,-0.06434285,-0.037725218,-0.004242758,0.5627944,0.070395954,0.5320826,2.0415423,-0.022298543,-0.018198833,0.48808554,0.0018622987,0.96866876,0.87122494,-0.043074224,-0.08755559,-0.14500384,-0.15988977,0.2874219,-0.0026575697,-0.07377987,0.5846131,-0.028504735,0.08104324,0.78469926,-0.014171842,1.1765326,1.3759118,-0.021496082
TCGA-AB-2986,-0.0012762308,-0.013926241,-0.07629544,0.057761315,0.25326523,-0.0037382573,-0.0019286098,-0.018059786,0.005281619,-0.017434446,-0.0047602477,-0.084871344,0.35645267,0.9853395,0.044628453,-0.027266849,-0.037591945,0.013614573,1.0016179,0.43136385,-0.006365587,0.06920109,1.7153511,-0.05774228,0.20838475,0.74388427,0.001983827,0.17428337,-0.040501423,-0.007143101,0.028782327,0.42898396,-0.020724736,1.651463,-0.0016955351,-0.009307864,-0.057881564,-0.043888085,-0.0019106538,-0.012756645,-0.007580712,0.7292115,1.7974473,-0.009122289,-0.043062646,-0.007006246,-0.007993559,0.5659641,0.81212455,-0.031578418,-0.065469734,-0.146222,-0.12090885,0.2996045,0.07334769,-0.051842697,0.21371166,-0.0046688165,-0.0105665475,1.0263015,-0.0068052695,1.1337992,1.048632,-0.007581799
TCGA-AB-2987,-0.0066501843,-0.017832866,-0.09370287,-0.013024174,0.35951608,0.05475071,0.8113824,0.29964292,-0.006407612,-0.006343685,-0.0012172341,-0.04881006,0.20641863,1.4642811,0.012771589,-0.012644978,-0.04593337,0.07762093,1.0645659,0.21054132,-0.01940757,0.25051868,1.5653875,-0.057645112,0.69229835,0.8598297,-0.031181306,0.3041025,-0.04421552,-0.00209253,0.3090025,0.64106274,-0.018281648,1.4554309,0.23665908,0.12776536,-0.07160561,-0.03354828,0.012193229,-0.017920142,-0.021063944,0.42379618,1.7335496,-0.0019929064,-0.06423841,-0.0060470486,-0.010815505,0.8830937,0.9386375,-0.0168436,-0.061283212,-0.12508522,-0.12824395,0.1996579,-0.00270012,-0.03711282,-0.024004977,-0.021258224,0.35144138,0.8226362,-0.007524777,1.5245775,1.208516,-0.01295538
TCGA-AB-2988,-0.011371064,-0.017428253,-0.11885476,0.32975253,0.3552251,-0.022421865,-0.0059293765,0.25413942,-0.002469272,-0.023546042,-0.013154623,-0.100267924,0.38074964,1.0920055,0.13836615,-0.03161011,-0.052128382,0.2641693,1.001176,0.39493322,0.008055007,0.21623741,2.169415,-0.09923073,0.11697836,0.26037332,0.0057963263,0.020387346,-0.070000894,-0.0009552181,-0.0018948775,0.672219,-0.0359425,2.127625,0.02725157,-0.0013729426,-0.09704895,-0.0600256,0.25231528,-0.018711204,0.088791564,0.36092833,2.5432804,-0.0148414625,-0.054960966,0.22993405,-0.008148764,0.94625616,1.0951105,-0.03534021,-0.07627854,-0.17156474,-0.16915439,0.4907546,0.010360464,-0.057688404,0.3038753,-0.04090749,0.5215711,1.3332402,-0.004214076,1.6060523,1.4843581,-0.009084152
TCGA-AB-2990,-0.006840009,-0.02463247,-0.124547414,0.09797163,0.093314074,-0.013578916,-0.0054029613,-0.012044034,0.0006751688,-0.036362853,-0.014070073,-0.12652627,0.32206148,0.5991612,-0.0018248487,-0.022747068,-0.060641635,0.28519642,0.6486648,0.25409672,-0.0001986036,0.29456115,2.128769,-0.10431289,0.011091173,0.11071787,0.2389074,-0.014086209,-0.0579004,-0.001272095,0.020416884,0.39696813,-0.032194532,1.9788615,-0.0016803487,0.16029973,-0.09578931,-0.05637616,0.17033474,0.5148723,0.3569541,0.52673864,2.3689554,-0.014791208,-0.024918614,0.5621056,-0.0031819444,0.9252469,1.2029252,-0.053044487,-0.07819921,-0.17169307,-0.17549554,0.44655356,0.07150333,-0.06215493,0.6345695,-0.036036134,0.093122095,1.1034985,-0.0044781133,1.344206,1.2961477,-0.020524438
TCGA-AB-2991,-0.0077010975,-0.034056913,-0.26777893,0.18652359,-0.030190606,-0.025721211,-0.014448638,0.04658346,1.9372606,-0.061182775,0.13082968,-0.12418964,0.4913604,-0.0027862282,0.22765306,-0.0347724,-0.054304577,0.050829865,-0.01338678,-0.00405494,0.08287489,-0.04334427,2.8209832,-0.1805716,0.38453782,-0.09097098,1.4743629,-0.072207116,-0.08891913,-0.0022282712,0.27432874,0.37155807,-0.09046354,2.8851867,0.3958104,0.83087796,-0.16934845,-0.09214779,0.36731267,0.37810263,1.0109476,0.036229484,3.746315,-0.00078329205,-0.07682207,0.14839405,-0.0072401077,1.339966,1.4995319,-0.0800934,-0.053525057,-0.25914165,-0.3408498,0.5062319,0.21220297,-0.13379799,1.2030644,0.16967124,-0.076352976,1.1549096,-0.01704154,1.1435624,1.3752327,-0.04397736
TCGA-AB-2992,-0.015572505,-0.0126173,-0.12331543,0.20278725,0.23908372,-0.008059817,0.23544909,0.36836323,0.14348246,-0.018959193,-0.0052088336,-0.06933373,0.3915063,0.89317805,0.08986447,-0.011070123,-0.045965206,0.35330325,0.6638465,0.024365889,0.035774693,0.23629567,1.9909412,-0.09679263,0.35960948,0.12201984,0.24387181,-0.008168521,-0.045718048,-0.00015326627,0.27011365,0.55841106,-0.039380025,2.0391881,0.19800416,0.19932324,-0.10145382,-0.055161573,0.07496734,0.022841418,0.27925408,0.26720175,2.4621475,-0.00522291,-0.05258754,0.4997126,-0.006742254,1.0884551,1.1839651,-0.041462712,-0.07410355,-0.15038435,-0.1728319,0.4800658,0.026187409,-0.056884732,0.24753574,-0.02730826,0.5885,1.0434504,-0.014463198,1.60099,1.4452274,-0.016041476
TCGA-AB-2995,-0.018622857,-0.009807749,-0.14692076,0.14598049,0.2832936,-0.012791343,-0.0067785047,0.075399846,0.050895095,-0.033922393,-0.007981209,-0.10300632,0.2663501,1.0594604,0.20231828,-0.03190783,-0.06686993,0.38409144,0.88331944,0.1761641,0.08359215,-0.00082335126,2.3270278,-0.102119304,0.24057318,0.05958412,0.20273575,-0.013595703,-0.057139058,-0.0027985163,0.10283608,0.730039,-0.034105968,2.3145401,0.14033608,0.23975225,-0.115068905,-0.056770504,0.17013209,-0.01015776,0.154473,-0.005995396,2.86003,-0.0030572547,-0.062366974,0.91447115,-0.00641977,1.2158159,1.192923,-0.060879398,-0.09888295,-0.18980254,-0.19577391,0.4206883,0.062496237,-0.06331936,0.380052,-0.05220721,0.5367487,1.2313597,-0.00033419207,1.3616198,1.5555638,-0.009318347
TCGA-AB-2996,-0.019388705,-0.021469342,-0.12477338,0.18205675,0.32183236,-0.008429292,0.085219,0.22772904,0.09276602,-0.00086951273,0.007381955,-0.08751997,0.3216272,0.883442,0.06859017,-0.025911665,-0.045257892,0.2527673,0.68669164,0.011885395,0.03625838,0.1380432,2.0630777,-0.10769435,0.14187413,0.010757575,0.23283646,-0.0073024738,-0.048346218,0.057994775,0.24480279,0.4794755,-0.030430708,2.0604327,0.2613252,0.15121901,-0.09827938,-0.0492153,0.15411104,-0.0070464397,0.27095413,0.35989898,2.558562,-0.0016484003,-0.05378749,0.56999266,0.010746252,1.1587443,1.1593658,-0.03889343,-0.08047163,-0.15170707,-0.17344238,0.3832717,0.057706706,-0.05585886,0.3768679,-0.033423778,0.5917212,1.1144792,-0.023047045,1.4784112,1.3455553,-0.0010113415
TCGA-AB-2998,-0.00063240045,-0.030252745,-0.1838091,0.4552689,0.14863583,-0.024684614,0.13516706,-0.012173885,0.9411303,-0.02562325,0.25037825,-0.11330118,0.46014497,0.67819613,-0.011421677,-0.04765753,-0.05401049,0.36749995,0.36265597,0.13927357,0.06356624,-0.023734553,2.5220952,-0.1416817,0.32290852,-0.011409754,0.6153083,-0.041683707,-0.09065393,0.089789696,0.15000553,0.42061254,-0.06027562,2.5474203,0.39175195,0.4454604,-0.14069399,-0.07875691,0.12717785,0.27657947,0.57608134,0.49603796,3.147468,-0.0086309565,-0.054444443,-0.010712005,-0.0011676245,1.3209995,1.3731251,-0.07673027,-0.07434847,-0.22592656,-0.24771738,0.39039314,0.16826022,-0.07984247,0.6459583,-0.0137054045,-0.025662664,1.2724644,-0.023590488,1.512263,1.4158221,-0.019871125
TCGA-AB-2999,-0.0075425194,-0.0317804,-0.22600245,0.47622436,-0.029377306,-0.02274246,-0.0052203983,-0.026175255,1.2649416,-0.072688974,0.12471707,-0.1644808,0.25677437,-0.043893605,0.020407315,-0.034869637,-0.07232826,0.49719808,-0.024162201,0.6630112,-0.004242865,-0.009555558,3.008632,-0.16764292,0.17401557,-0.079578996,0.990621,-0.064892024,-0.089600705,-0.0010867827,-0.0172281,0.20956422,-0.08406349,2.6397781,0.33385634,0.7051958,-0.15730287,-0.077877365,0.8775331,0.9990072,0.80602807,0.3812426,3.2281237,0.003227612,-0.03194685,-0.001187586,-0.009599831,1.2736362,1.571133,-0.09870964,-0.110379174,-0.28295258,-0.32578918,0.39205113,0.19474533,-0.12605986,1.1731279,-0.010773729,-0.07574814,1.2334592,-0.025855271,0.9578489,1.4738592,-0.023984281
TCGA-AB-3000,-0.0073310346,-0.009616914,-0.14951463,0.5151246,0.32961357,-0.010311613,-0.007949333,0.077106185,-0.011570899,-0.036291387,-0.009708483,-0.10683129,0.40566626,0.92188185,-0.005134276,-0.0124695925,-0.040583976,0.31141257,0.9052406,0.36629283,0.09779419,0.0144517915,2.3181934,-0.10508122,0.4388256,0.41931742,0.18002298,-0.017924229,-0.059466716,0.07091904,0.3666405,0.60576457,-0.046309736,2.364669,0.20051165,0.07386551,-0.11794336,-0.049936723,0.28708082,-0.005868926,0.15767069,0.22248739,2.657252,0.012057552,-0.039373968,0.14560017,-0.023737624,0.98804516,1.1158729,-0.04424078,-0.073019035,-0.19373652,-0.17955048,0.39422143,0.16671209,-0.05229313,0.5482499,-0.02784201,0.6676437,1.306047,-0.0055125696,1.4774112,1.412518,-0.0125913
TCGA-AB-3001,-0.012059078,-0.015297808,-0.2934847,0.36748064,-0.020070978,-0.024990378,-0.0037513345,-0.0089565255,1.8322012,-0.078325704,0.3112384,-0.15458426,0.18367249,-0.036266144,-0.008245527,-0.060863335,-0.047752563,0.31259468,0.08059945,0.13387927,0.22580612,-0.05567947,3.444662,-0.17800245,0.45526034,-0.07561054,1.5252169,-0.06851338,-0.08537281,-0.0034645104,0.34721145,0.2784843,-0.07053922,2.859842,0.32234982,0.9357158,-0.16673422,-0.087224305,0.480115,0.5158273,1.0499625,0.09695222,3.645107,0.0125592705,-0.0717999,-0.0059388406,0.00095964223,1.2565446,1.6401234,-0.06317889,-0.04364496,-0.27525976,-0.3478646,0.46511018,0.5057446,-0.122523606,1.5382937,0.27405566,-0.0604279,1.2966158,-0.027754325,0.7172598,1.59511,-0.031668317
TCGA-AB-3002,-0.009244004,-0.033907652,-0.12704585,-0.0007216005,0.15413335,0.065109715,0.002615584,0.3337545,0.25742963,-0.02782603,0.07180082,-0.077072844,0.36481115,1.0933583,0.07095236,-0.014322728,-0.059786,0.07301738,0.7028886,0.021045936,-0.00015109571,0.13899106,1.8333373,-0.069847114,0.3687746,0.2640607,0.09141214,0.097427025,-0.04667519,-0.0059888125,0.45192328,0.58496183,-0.038182672,1.9666859,0.26113808,0.21336427,-0.08095896,-0.046904292,0.15511778,0.07297676,0.026646473,0.091110505,2.1779313,-0.022792272,-0.05902284,0.6291284,-0.018658796,0.94987726,1.0752467,-0.0271756,-0.051172376,-0.1455908,-0.14352323,0.47218138,-9.870343e-05,-0.06847826,0.047298837,-0.026158629,0.38183963,0.807786,-0.0074688927,1.4601277,1.2801999,-0.010426811
TCGA-AB-3007,-0.029900266,-0.027411094,-0.27094597,0.94625443,-0.044988614,-0.0028728598,-0.008870274,-0.037187267,1.8221176,-0.047173597,-0.0043921648,-0.19009398,0.327177,-0.021413684,0.16243555,-0.058444764,-0.08926887,0.527608,-0.00733011,0.081519134,0.010774655,-0.054882236,3.3800032,-0.18504068,0.24796243,-0.08529056,1.4303728,-0.06012955,-0.085416816,-0.00057939667,-0.01951483,0.51428163,-0.09406695,3.270881,0.680487,0.916724,-0.18732181,-0.13039213,0.4703204,0.6208459,0.82698125,0.18580157,4.2022443,-0.0039943703,-0.06373138,-0.0051597706,0.015901398,1.4276414,1.5150478,-0.095346704,-0.10407858,-0.2922617,-0.35756838,0.5995614,0.07579096,-0.1241171,1.524971,-0.0014457464,-0.08611019,1.4608495,-0.028347045,1.2695047,1.4832193,-0.036935195
TCGA-AB-3008,-0.006108391,-0.013287961,-0.12360754,0.29232487,0.36585003,-0.010657611,-0.020551754,0.018814959,-0.0053455536,-0.03752355,-0.0068217306,-0.086085774,0.3419327,0.99830836,-0.0023615707,-0.029768616,-0.037919514,0.29844517,0.91905653,0.25990018,0.14553301,-0.0008610479,2.0752816,-0.10480412,0.2892934,0.5461628,0.13438956,-0.013504642,-0.05425326,-0.0007491762,0.4363876,0.59634894,-0.034733668,2.1710315,0.23810771,0.18690556,-0.10167322,-0.05055062,0.026876621,-0.015337332,0.19311357,0.2407721,2.417267,-0.0035591857,-0.038785778,0.37160882,-0.013829785,0.959183,1.0564995,-0.033019952,-0.0773885,-0.1730055,-0.17132293,0.29319605,0.18114345,-0.04601985,0.43243167,-0.028609207,0.6790949,1.1974455,-0.002976831,1.3532121,1.2425574,-0.0073902505
TCGA-AB-3009,-0.009950511,-0.012243993,-0.15798669,0.44069338,0.33908343,-0.016778946,-0.004005617,0.19763994,0.056095243,-0.030486217,0.111403376,-0.1039722,0.17254645,0.80907977,0.074283056,-0.029355258,-0.07164442,0.2513601,0.70411193,0.045719914,0.12566604,0.2605955,2.5415866,-0.1045615,0.74616826,-0.017066421,0.41630846,-0.028677542,-0.0926895,-0.012888915,0.22039722,0.62616855,-0.032440823,2.431169,0.419059,0.27707615,-0.12937944,-0.07869811,0.37553668,-0.00074572,0.45803684,0.09710155,2.8500721,0.009599893,-0.037842624,0.75383484,-0.013797461,1.3914516,1.2532117,-0.03670248,-0.08496612,-0.18840258,-0.21969119,0.3503883,0.077750176,-0.08595466,0.75978136,-0.022169432,0.7095925,1.1643046,-0.008819714,1.3701582,1.4771118,-0.02733004
TCGA-AB-3011,-0.0030615304,-0.048211493,-0.21093087,0.5550817,0.30804133,-0.014461544,0.094813764,0.33238256,-0.0029252868,-0.049837768,-0.02844919,-0.18922453,0.3482647,0.67452544,0.03114077,-0.05377365,-0.10610882,0.49279955,0.7259243,0.0047494415,0.05154004,0.30667615,3.074798,-0.14265166,0.011964999,-0.017213246,0.7204698,-0.04092275,-0.08124291,-0.0050860713,0.38425535,0.73882395,-0.044069923,2.9160323,0.09394241,0.49579266,-0.13794911,-0.06979087,-0.003708203,0.49581337,0.99111784,0.2523066,3.848613,-0.028236536,-0.042250108,1.2776717,-0.027766848,1.6591614,1.9373276,-0.06894902,-0.119691685,-0.21944606,-0.2660658,0.7145758,0.08365354,-0.09124276,1.0470918,-0.07644992,0.8702163,1.697702,-0.010107325,1.9144112,2.149551,-0.0062294374
TCGA-AB-3012,-0.0031970616,-0.035080936,-0.27772692,0.36455208,-0.031546295,-0.013631667,-0.0011496873,-0.013051835,1.8270756,-0.08606954,0.21849702,-0.1630042,0.2761217,-0.03030816,0.15034232,-0.05205213,-0.030736333,0.21351445,-0.01598961,-0.0031897344,0.071723305,-0.0067280526,3.2449162,-0.17445569,0.46072215,-0.07453885,1.465545,-0.078851104,-0.08305802,-0.012142754,0.26029715,0.0064262524,-0.085292146,2.64062,-0.0056239343,0.87153685,-0.1723848,-0.08808603,0.5627278,0.6767236,1.2080042,0.441321,3.3119996,0.006610494,-0.06194037,-0.024228025,0.0002758801,1.5080307,1.5593238,-0.06591224,-0.07250456,-0.26950604,-0.33756095,0.48022488,0.70204806,-0.123657875,1.2115288,0.28857934,-0.100068524,1.1988285,-0.034673203,0.6888319,1.4814231,-0.0079969345
